2025-03-07 09:45:32 - INFO - Constructed CALLBACK_URL: https://df64-193-147-160-155.ngrok-free.app/pdm05/notify
2025-03-07 09:45:32 - INFO - NumExpr defaulting to 16 threads.
2025-03-07 09:45:32 - INFO - https://df64-193-147-160-155.ngrok-free.app/pdm05/notify
2025-03-07 09:45:32 - INFO - Starting the Flask application...
2025-03-07 09:45:33 - ERROR - Failed to create subscription urn:ngsi-ld:tema:subscription:USE:PDM05:001. Status: 409, Body: {"type":"https://uri.etsi.org/ngsi-ld/errors/AlreadyExists","title":"A subscription with that ID already exists","detail":"urn:ngsi-ld:tema:subscription:USE:PDM05:001"}
2025-03-07 09:45:33 - ERROR - Failed to create subscription urn:ngsi-ld:tema:subscription:USE:PDM05:002. Status: 409, Body: {"type":"https://uri.etsi.org/ngsi-ld/errors/AlreadyExists","title":"A subscription with that ID already exists","detail":"urn:ngsi-ld:tema:subscription:USE:PDM05:002"}
2025-03-07 09:45:33 - ERROR - Failed to create subscription urn:ngsi-ld:tema:subscription:USE:PDM05:003. Status: 409, Body: {"type":"https://uri.etsi.org/ngsi-ld/errors/AlreadyExists","title":"A subscription with that ID already exists","detail":"urn:ngsi-ld:tema:subscription:USE:PDM05:003"}
2025-03-07 09:45:33 - ERROR - Failed to create subscription urn:ngsi-ld:tema:subscription:USE:PDM05:004. Status: 409, Body: {"type":"https://uri.etsi.org/ngsi-ld/errors/AlreadyExists","title":"A subscription with that ID already exists","detail":"urn:ngsi-ld:tema:subscription:USE:PDM05:004"}
2025-03-07 09:45:34 - ERROR - Failed to create subscription urn:ngsi-ld:tema:subscription:USE:PDM05:005. Status: 409, Body: {"type":"https://uri.etsi.org/ngsi-ld/errors/AlreadyExists","title":"A subscription with that ID already exists","detail":"urn:ngsi-ld:tema:subscription:USE:PDM05:005"}
2025-03-07 09:45:34 - ERROR - Failed to create subscription urn:ngsi-ld:tema:subscription:USE:PDM05:006. Status: 409, Body: {"type":"https://uri.etsi.org/ngsi-ld/errors/AlreadyExists","title":"A subscription with that ID already exists","detail":"urn:ngsi-ld:tema:subscription:USE:PDM05:006"}
2025-03-07 09:45:34 - ERROR - Failed to create subscription urn:ngsi-ld:tema:subscription:USE:PDM05:007. Status: 409, Body: {"type":"https://uri.etsi.org/ngsi-ld/errors/AlreadyExists","title":"A subscription with that ID already exists","detail":"urn:ngsi-ld:tema:subscription:USE:PDM05:007"}
2025-03-07 09:45:34 - ERROR - Failed to create subscription urn:ngsi-ld:tema:subscription:USE:PDM05:008. Status: 409, Body: {"type":"https://uri.etsi.org/ngsi-ld/errors/AlreadyExists","title":"A subscription with that ID already exists","detail":"urn:ngsi-ld:tema:subscription:USE:PDM05:008"}
2025-03-07 09:45:34 - ERROR - Failed to create subscription urn:ngsi-ld:tema:subscription:USE:PDM05:009. Status: 409, Body: {"type":"https://uri.etsi.org/ngsi-ld/errors/AlreadyExists","title":"A subscription with that ID already exists","detail":"urn:ngsi-ld:tema:subscription:USE:PDM05:009"}
2025-03-07 09:45:34 - ERROR - Failed to create subscription urn:ngsi-ld:tema:subscription:USE:PDM05:010. Status: 409, Body: {"type":"https://uri.etsi.org/ngsi-ld/errors/AlreadyExists","title":"A subscription with that ID already exists","detail":"urn:ngsi-ld:tema:subscription:USE:PDM05:010"}
2025-03-07 09:45:34 - ERROR - Failed to create subscription urn:ngsi-ld:tema:subscription:USE:PDM05:011. Status: 409, Body: {"type":"https://uri.etsi.org/ngsi-ld/errors/AlreadyExists","title":"A subscription with that ID already exists","detail":"urn:ngsi-ld:tema:subscription:USE:PDM05:011"}
2025-03-07 09:45:34 - INFO - Flask app will run on host: 0.0.0.0, port: 5100
2025-03-07 09:45:34 - INFO - Starting application...
2025-03-07 09:45:34 - INFO - [31m[1mWARNING: This is a development server. Do not use it in a production deployment. Use a production WSGI server instead.[0m
 * Running on all addresses (0.0.0.0)
 * Running on http://127.0.0.1:5100
 * Running on http://192.168.0.105:5100
2025-03-07 09:45:34 - INFO - [33mPress CTRL+C to quit[0m
2025-03-07 09:45:35 - INFO - Processing notification: Alert
2025-03-07 09:45:35 - INFO - Triggering Alert entity processing
2025-03-07 09:45:35 - INFO - ROI set for entity ID urn:ngsi-ld:Alert:c21f1c93-9392-452f-9ca6-42f2b78e2b87: [[[6.996817, 50.521793], [6.98238, 50.517756], [6.976085, 50.513527], [6.980425, 50.50647], [6.995879, 50.511398], [6.996817, 50.521793]]]
2025-03-07 09:45:35 - INFO - Natural disaster set for entity ID urn:ngsi-ld:Alert:c21f1c93-9392-452f-9ca6-42f2b78e2b87: Flood
2025-03-07 09:45:35 - INFO - expiration for entity ID urn:ngsi-ld:Alert:c21f1c93-9392-452f-9ca6-42f2b78e2b87: 2025-09-12T14:40:35.727Z
2025-03-07 09:45:35 - WARNING - Unexpected 'ignitionPoints' format for entity ID urn:ngsi-ld:Alert:c21f1c93-9392-452f-9ca6-42f2b78e2b87: {}
2025-03-07 09:45:35 - INFO - Starting initialize_processing() in a new thread
2025-03-07 09:45:35 - INFO - Received new alert notification. Resetting the information fusion.
2025-03-07 09:45:35 - INFO - 127.0.0.1 - - [07/Mar/2025 09:45:35] "POST /pdm05/notify?subscriptionId=urn:ngsi-ld:tema:subscription:USE:PDM05:001 HTTP/1.1" 200 -
2025-03-07 09:45:35 - INFO - Deleted file: estimated_OGM/occupancy_grid_map_Flood_Objects.tif
2025-03-07 09:45:35 - INFO - Deleted file: estimated_OGM/occupancy_grid_map_Flood.tif
2025-03-07 09:45:35 - INFO - Deleted file: estimated_OGM/occupancy_grid_map_Flood_Objects.json
2025-03-07 09:45:35 - INFO - Deleted file: estimated_OGM/occupancy_grid_map_Flood_Objects_filtered.json
2025-03-07 09:45:35 - INFO - Deleted file: georeferenced_drone_images/DJI_20211023132634_0160_W_Objects.tif
2025-03-07 09:45:35 - INFO - Deleted file: georeferenced_drone_images/DJI_20211023132641_0162_W_Objects.tif
2025-03-07 09:45:35 - INFO - Deleted file: georeferenced_drone_images/DJI_20211023132622_0157_W_Objects.tif
2025-03-07 09:45:35 - INFO - Deleted file: georeferenced_drone_images/DJI_20211023132343_0122_W_Objects.tif
2025-03-07 09:45:35 - INFO - Deleted file: georeferenced_drone_images/DJI_20211023132427_0133_W_Objects.tif
2025-03-07 09:45:35 - INFO - Deleted file: georeferenced_drone_images/DJI_20211023132230_0103_W_Objects.tif
2025-03-07 09:45:35 - INFO - Deleted file: georeferenced_drone_images/DJI_20211023132603_0152_W_Objects.tif
2025-03-07 09:45:35 - INFO - Deleted file: georeferenced_drone_images/DJI_20211023132156_0097_W_Objects.tif
2025-03-07 09:45:35 - INFO - Deleted file: georeferenced_drone_images/DJI_20211023132359_0126_W_Objects.tif
2025-03-07 09:45:35 - INFO - Deleted file: georeferenced_drone_images/DJI_20211023132300_0111_W_Objects.tif
2025-03-07 09:45:35 - INFO - Deleted file: georeferenced_drone_images/DJI_20211023132606_0153_W_Objects.tif
2025-03-07 09:45:35 - INFO - Deleted file: georeferenced_drone_images/DJI_20211023132637_0161_W_Objects.tif
2025-03-07 09:45:35 - INFO - Deleted file: georeferenced_drone_images/DJI_20211023132119_0087_W_Objects.tif
2025-03-07 09:45:35 - INFO - Deleted file: georeferenced_drone_images/DJI_20211023132008_0067_W_Objects.tif
2025-03-07 09:45:35 - INFO - Deleted file: georeferenced_drone_images/DJI_20211023132219_0100_W_Objects.tif
2025-03-07 09:45:35 - INFO - Deleted file: georeferenced_drone_images/DJI_20211023132211_0098_W_Objects.tif
2025-03-07 09:45:35 - INFO - Deleted file: georeferenced_drone_images/DJI_20211023132055_0080_W_Objects.tif
2025-03-07 09:45:35 - INFO - Deleted file: georeferenced_drone_images/DJI_20211023132025_0072_W_Objects.tif
2025-03-07 09:45:35 - INFO - Deleted file: georeferenced_drone_images/DJI_20211023132430_0134_W_Objects.tif
2025-03-07 09:45:35 - INFO - Deleted file: georeferenced_drone_images/DJI_20211023132617_0156_W_Objects.tif
2025-03-07 09:45:35 - INFO - Deleted file: georeferenced_drone_images/DJI_20211023132351_0124_W_Objects.tif
2025-03-07 09:45:35 - INFO - Deleted file: georeferenced_drone_images/DJI_20211023132505_0143_W_Objects.tif
2025-03-07 09:45:35 - INFO - Deleted file: georeferenced_drone_images/DJI_20211023132340_0121_W_Objects.tif
2025-03-07 09:45:35 - INFO - Deleted file: georeferenced_drone_images/DJI_20211023132016_0069_W_Objects.tif
2025-03-07 09:45:35 - INFO - Deleted file: georeferenced_drone_images/DJI_20211023132319_0116_W_Objects.tif
2025-03-07 09:45:35 - INFO - Deleted file: georeferenced_drone_images/DJI_20211023132215_0099_W_Objects.tif
2025-03-07 09:45:35 - INFO - Deleted file: georeferenced_drone_images/DJI_20211023132127_0089_W_Objects.tif
2025-03-07 09:45:35 - INFO - Deleted file: georeferenced_drone_images/DJI_20211023132355_0125_W_Objects.tif
2025-03-07 09:45:35 - INFO - Deleted file: georeferenced_drone_images/DJI_20211023132028_0073_W_Objects.tif
2025-03-07 09:45:35 - INFO - Deleted file: georeferenced_drone_images/DJI_20211023132423_0132_W_Objects.tif
2025-03-07 09:45:35 - INFO - Deleted file: georeferenced_drone_images/DJI_20211023132244_0107_W_Objects.tif
2025-03-07 09:45:35 - INFO - Deleted file: georeferenced_drone_images/DJI_20211023132256_0110_W_Objects.tif
2025-03-07 09:45:35 - INFO - Deleted file: georeferenced_drone_images/DJI_20211023132150_0095_W_Objects.tif
2025-03-07 09:45:35 - INFO - Deleted file: georeferenced_drone_images/DJI_20211023132040_0076_W_Objects.tif
2025-03-07 09:45:35 - INFO - Deleted file: georeferenced_drone_images/DJI_20211023132327_0118_W_Objects.tif
2025-03-07 09:45:35 - INFO - Deleted file: georeferenced_drone_images/DJI_20211023132032_0074_W_Objects.tif
2025-03-07 09:45:35 - INFO - Deleted file: georeferenced_drone_images/DJI_20211023132154_0096_W_Objects.tif
2025-03-07 09:45:35 - INFO - Deleted file: georeferenced_drone_images/DJI_20211023132253_0109_W_Objects.tif
2025-03-07 09:45:35 - INFO - Deleted file: georeferenced_drone_images/DJI_20211023132348_0123_W_Objects.tif
2025-03-07 09:45:35 - INFO - Deleted file: georeferenced_drone_images/DJI_20211023132450_0139_W_Objects.tif
2025-03-07 09:45:35 - INFO - Deleted file: georeferenced_drone_images/DJI_20211023132658_0167_W_Objects.tif
2025-03-07 09:45:35 - INFO - Deleted file: georeferenced_drone_images/DJI_20211023132048_0078_W_Objects.tif
2025-03-07 09:45:35 - INFO - Deleted file: georeferenced_drone_images/DJI_20211023132238_0105_W_Objects.tif
2025-03-07 09:45:35 - INFO - Deleted file: georeferenced_drone_images/DJI_20211023132537_0145_W_Objects.tif
2025-03-07 09:45:35 - INFO - Deleted file: georeferenced_drone_images/DJI_20211023132112_0085_W_Objects.tif
2025-03-07 09:45:35 - INFO - Deleted file: georeferenced_drone_images/DJI_20211023132226_0102_W_Objects.tif
2025-03-07 09:45:35 - INFO - Deleted file: georeferenced_drone_images/DJI_20211023132146_0094_W_Objects.tif
2025-03-07 09:45:35 - INFO - Deleted file: georeferenced_drone_images/DJI_20211023132548_0148_W_Objects.tif
2025-03-07 09:45:35 - INFO - Deleted file: georeferenced_drone_images/DJI_20211023132044_0077_W_Objects.tif
2025-03-07 09:45:35 - INFO - Deleted file: georeferenced_drone_images/DJI_20211023132626_0158_W_Objects.tif
2025-03-07 09:45:35 - INFO - Deleted file: georeferenced_drone_images/DJI_20211023132139_0092_W_Objects.tif
2025-03-07 09:45:35 - INFO - Deleted file: georeferenced_drone_images/DJI_20211023132059_0081_W_Objects.tif
2025-03-07 09:45:35 - INFO - Deleted file: georeferenced_drone_images/DJI_20211023132019_0070_W_Objects.tif
2025-03-07 09:45:35 - INFO - Deleted file: georeferenced_drone_images/DJI_20211023132115_0086_W_Objects.tif
2025-03-07 09:45:35 - INFO - Deleted file: georeferenced_drone_images/DJI_20211023132012_0068_W_Objects.tif
2025-03-07 09:45:35 - INFO - Deleted file: georeferenced_drone_images/DJI_20211023132004_0066_W_Objects.tif
2025-03-07 09:45:35 - INFO - Deleted file: georeferenced_drone_images/DJI_20211023132541_0146_W_Objects.tif
2025-03-07 09:45:35 - INFO - Deleted file: georeferenced_drone_images/DJI_20211023132414_0130_W_Objects.tif
2025-03-07 09:45:35 - INFO - Deleted file: georeferenced_drone_images/DJI_20211023132438_0136_W_Objects.tif
2025-03-07 09:45:35 - INFO - Deleted file: georeferenced_drone_images/DJI_20211023132649_0164_W_Objects.tif
2025-03-07 09:45:35 - INFO - Deleted file: georeferenced_drone_images/DJI_20211023132453_0140_W_Objects.tif
2025-03-07 09:45:35 - INFO - Deleted file: georeferenced_drone_images/DJI_20211023132610_0154_W_Objects.tif
2025-03-07 09:45:35 - INFO - Deleted file: georeferenced_drone_images/DJI_20211023132442_0137_W_Objects.tif
2025-03-07 09:45:35 - INFO - Deleted file: georeferenced_drone_images/DJI_20211023132323_0117_W_Objects.tif
2025-03-07 09:45:35 - INFO - Deleted file: georeferenced_drone_images/DJI_20211023132304_0112_W_Objects.tif
2025-03-07 09:45:35 - INFO - Deleted file: georeferenced_drone_images/DJI_20211023132533_0144_W_Objects.tif
2025-03-07 09:45:35 - INFO - Deleted file: georeferenced_drone_images/DJI_20211023132316_0115_W_Objects.tif
2025-03-07 09:45:35 - INFO - Deleted file: georeferenced_drone_images/DJI_20211023132559_0151_W_Objects.tif
2025-03-07 09:45:35 - INFO - Deleted file: georeferenced_drone_images/DJI_20211023132406_0128_W_Objects.tif
2025-03-07 09:45:35 - INFO - Deleted file: georeferenced_drone_images/DJI_20211023132435_0135_W_Objects.tif
2025-03-07 09:45:35 - INFO - Deleted file: georeferenced_drone_images/DJI_20211023132552_0149_W_Objects.tif
2025-03-07 09:45:35 - INFO - Deleted file: georeferenced_drone_images/DJI_20211023132418_0131_W_Objects.tif
2025-03-07 09:45:35 - INFO - Deleted file: georeferenced_drone_images/DJI_20211023132308_0113_W_Objects.tif
2025-03-07 09:45:35 - INFO - Deleted file: georeferenced_drone_images/DJI_20211023132234_0104_W_Objects.tif
2025-03-07 09:45:35 - INFO - Deleted file: georeferenced_drone_images/DJI_20211023132051_0079_W_Objects.tif
2025-03-07 09:45:35 - INFO - Deleted file: georeferenced_drone_images/DJI_20211023132410_0129_W_Objects.tif
2025-03-07 09:45:35 - INFO - Deleted file: georeferenced_drone_images/DJI_20211023132035_0075_W_Objects.tif
2025-03-07 09:45:35 - INFO - Deleted file: georeferenced_drone_images/DJI_20211023131953_0063_W_Objects.tif
2025-03-07 09:45:35 - INFO - Deleted file: georeferenced_drone_images/DJI_20211023132106_0083_W_Objects.tif
2025-03-07 09:45:35 - INFO - Deleted file: georeferenced_drone_images/DJI_20211023132544_0147_W_Objects.tif
2025-03-07 09:45:35 - INFO - Deleted file: georeferenced_drone_images/DJI_20211023132312_0114_W_Objects.tif
2025-03-07 09:45:35 - INFO - Deleted file: georeferenced_drone_images/DJI_20211023132135_0091_W_Objects.tif
2025-03-07 09:45:35 - INFO - Deleted file: georeferenced_drone_images/DJI_20211023132336_0120_W_Objects.tif
2025-03-07 09:45:35 - INFO - Deleted file: georeferenced_drone_images/DJI_20211023132142_0093_W_Objects.tif
2025-03-07 09:45:35 - INFO - Deleted file: georeferenced_drone_images/DJI_20211023132023_0071_W_Objects.tif
2025-03-07 09:45:35 - INFO - Deleted file: georeferenced_drone_images/DJI_20211023132103_0082_W_Objects.tif
2025-03-07 09:45:35 - INFO - Deleted file: georeferenced_drone_images/DJI_20211023132630_0159_W_Objects.tif
2025-03-07 09:45:35 - INFO - Deleted file: georeferenced_drone_images/DJI_20211023132446_0138_W_Objects.tif
2025-03-07 09:45:35 - INFO - Deleted file: georeferenced_drone_images/DJI_20211023132654_0166_W_Objects.tif
2025-03-07 09:45:35 - INFO - Deleted file: georeferenced_drone_images/DJI_20211023132645_0163_W_Objects.tif
2025-03-07 09:45:35 - INFO - Deleted file: georeferenced_drone_images/DJI_20211023132614_0155_W_Objects.tif
2025-03-07 09:45:35 - INFO - Deleted file: georeferenced_drone_images/DJI_20211023132457_0141_W_Objects.tif
2025-03-07 09:45:35 - INFO - Deleted file: georeferenced_drone_images/DJI_20211023132501_0142_W_Objects.tif
2025-03-07 09:45:35 - INFO - Deleted file: georeferenced_drone_images/DJI_20211023132403_0127_W_Objects.tif
2025-03-07 09:45:35 - INFO - Deleted file: georeferenced_drone_images/DJI_20211023132110_0084_W_Objects.tif
2025-03-07 09:45:35 - INFO - Deleted file: georeferenced_drone_images/DJI_20211023132249_0108_W_Objects.tif
2025-03-07 09:45:35 - INFO - Deleted file: georeferenced_drone_images/DJI_20211023132131_0090_W_Objects.tif
2025-03-07 09:45:35 - INFO - Deleted file: georeferenced_drone_images/DJI_20211023132122_0088_W_Objects.tif
2025-03-07 09:45:35 - INFO - Deleted file: georeferenced_drone_images/DJI_20211023132652_0165_W_Objects.tif
2025-03-07 09:45:35 - INFO - Deleted file: georeferenced_drone_images/DJI_20211023132241_0106_W_Objects.tif
2025-03-07 09:45:35 - INFO - Deleted file: georeferenced_drone_images/DJI_20211023132331_0119_W_Objects.tif
2025-03-07 09:45:35 - INFO - Natural disaster info from global_cache: Flood
2025-03-07 09:45:35 - INFO - Set ND_entity_ID for Flood: urn:ngsi-ld:USE:PDM-05:Maps4Flood:01
2025-03-07 09:45:35 - INFO - Entity urn:ngsi-ld:USE:PDM-05:Maps4Flood:01 exists.
2025-03-07 09:45:35 - INFO - Entity urn:ngsi-ld:USE:PDM-05:Maps4Flood:01 already exists, skipping creation.
2025-03-07 09:45:35 - INFO - Entity urn:ngsi-ld:USE:PDM-05:Maps4Object:01 exists.
2025-03-07 09:45:35 - INFO - Entity urn:ngsi-ld:USE:PDM-05:Maps4Object:01 already exists, skipping creation.
2025-03-07 09:45:35 - INFO - Retrieved ROI polygon: [[6.996817, 50.521793], [6.98238, 50.517756], [6.976085, 50.513527], [6.980425, 50.50647], [6.995879, 50.511398], [6.996817, 50.521793]]
2025-03-07 09:45:35 - INFO - Generated polygon coordinates: [[6.976085, 50.521793], [6.996817, 50.521793], [6.996817, 50.50647], [6.976085, 50.50647], [6.976085, 50.521793]]
2025-03-07 09:45:36 - INFO - Processing notification: PersonVehicleDetection
2025-03-07 09:45:36 - INFO - Files written successfully: downloads/drone_imgs/Flood/DJI_20211023132032_0074_W_objects_metadata.json, downloads/drone_imgs/Flood/DJI_20211023132032_0074_W_obj.json
2025-03-07 09:45:36 - INFO - Geo-referencing is done correctly for person and vehicles.
2025-03-07 09:45:36 - INFO - Setting event for non-Alert entity
2025-03-07 09:45:36 - INFO - initialize_processing() is already running, skipping.
2025-03-07 09:45:36 - INFO - 127.0.0.1 - - [07/Mar/2025 09:45:36] "POST /pdm05/notify?subscriptionId=urn:ngsi-ld:tema:subscription:USE:PDM05:007 HTTP/1.1" 200 -
2025-03-07 09:45:37 - INFO - Processing notification: PersonVehicleDetection
2025-03-07 09:45:37 - INFO - Files written successfully: downloads/drone_imgs/Flood/DJI_20211023132035_0075_W_objects_metadata.json, downloads/drone_imgs/Flood/DJI_20211023132035_0075_W_obj.json
2025-03-07 09:45:38 - INFO - Geo-referencing is done correctly for person and vehicles.
2025-03-07 09:45:38 - INFO - Setting event for non-Alert entity
2025-03-07 09:45:38 - INFO - initialize_processing() is already running, skipping.
2025-03-07 09:45:38 - INFO - 127.0.0.1 - - [07/Mar/2025 09:45:38] "POST /pdm05/notify?subscriptionId=urn:ngsi-ld:tema:subscription:USE:PDM05:007 HTTP/1.1" 200 -
2025-03-07 09:45:39 - INFO - Processing notification: PersonVehicleDetection
2025-03-07 09:45:39 - INFO - Files written successfully: downloads/drone_imgs/Flood/DJI_20211023132040_0076_W_objects_metadata.json, downloads/drone_imgs/Flood/DJI_20211023132040_0076_W_obj.json
2025-03-07 09:45:39 - INFO - Geo-referencing is done correctly for person and vehicles.
2025-03-07 09:45:39 - INFO - Setting event for non-Alert entity
2025-03-07 09:45:39 - INFO - initialize_processing() is already running, skipping.
2025-03-07 09:45:39 - INFO - 127.0.0.1 - - [07/Mar/2025 09:45:39] "POST /pdm05/notify?subscriptionId=urn:ngsi-ld:tema:subscription:USE:PDM05:007 HTTP/1.1" 200 -
2025-03-07 09:45:41 - INFO - Processing notification: PersonVehicleDetection
2025-03-07 09:45:41 - INFO - Files written successfully: downloads/drone_imgs/Flood/DJI_20211023132044_0077_W_objects_metadata.json, downloads/drone_imgs/Flood/DJI_20211023132044_0077_W_obj.json
2025-03-07 09:45:41 - INFO - Geo-referencing is done correctly for person and vehicles.
2025-03-07 09:45:41 - INFO - Setting event for non-Alert entity
2025-03-07 09:45:41 - INFO - initialize_processing() is already running, skipping.
2025-03-07 09:45:41 - INFO - 127.0.0.1 - - [07/Mar/2025 09:45:41] "POST /pdm05/notify?subscriptionId=urn:ngsi-ld:tema:subscription:USE:PDM05:007 HTTP/1.1" 200 -
2025-03-07 09:45:42 - INFO - Processing notification: PersonVehicleDetection
2025-03-07 09:45:42 - INFO - Files written successfully: downloads/drone_imgs/Flood/DJI_20211023132048_0078_W_objects_metadata.json, downloads/drone_imgs/Flood/DJI_20211023132048_0078_W_obj.json
2025-03-07 09:45:43 - INFO - Geo-referencing is done correctly for person and vehicles.
2025-03-07 09:45:43 - INFO - Setting event for non-Alert entity
2025-03-07 09:45:43 - INFO - initialize_processing() is already running, skipping.
2025-03-07 09:45:43 - INFO - 127.0.0.1 - - [07/Mar/2025 09:45:43] "POST /pdm05/notify?subscriptionId=urn:ngsi-ld:tema:subscription:USE:PDM05:007 HTTP/1.1" 200 -
2025-03-07 09:45:44 - INFO - Processing notification: PersonVehicleDetection
2025-03-07 09:45:44 - INFO - Files written successfully: downloads/drone_imgs/Flood/DJI_20211023132051_0079_W_objects_metadata.json, downloads/drone_imgs/Flood/DJI_20211023132051_0079_W_obj.json
2025-03-07 09:45:44 - INFO - Geo-referencing is done correctly for person and vehicles.
2025-03-07 09:45:44 - INFO - Setting event for non-Alert entity
2025-03-07 09:45:44 - INFO - initialize_processing() is already running, skipping.
2025-03-07 09:45:44 - INFO - 127.0.0.1 - - [07/Mar/2025 09:45:44] "POST /pdm05/notify?subscriptionId=urn:ngsi-ld:tema:subscription:USE:PDM05:007 HTTP/1.1" 200 -
2025-03-07 09:45:45 - INFO - Processing notification: PersonVehicleDetection
2025-03-07 09:45:45 - INFO - Files written successfully: downloads/drone_imgs/Flood/DJI_20211023132055_0080_W_objects_metadata.json, downloads/drone_imgs/Flood/DJI_20211023132055_0080_W_obj.json
2025-03-07 09:45:46 - INFO - Checking for existing geo dict: estimated_OGM/occupancy_grid_map_Flood_Objects.json
2025-03-07 09:45:46 - INFO - Generating new geo dict from estimated_OGM/occupancy_grid_map_Flood_Objects.tif
2025-03-07 09:45:46 - INFO - Generated geo dictionary with 23011 entries.
2025-03-07 09:45:46 - INFO - Geo-referencing is done correctly for person and vehicles.
2025-03-07 09:45:46 - INFO - Setting event for non-Alert entity
2025-03-07 09:45:46 - INFO - initialize_processing() is already running, skipping.
2025-03-07 09:45:46 - INFO - 127.0.0.1 - - [07/Mar/2025 09:45:46] "POST /pdm05/notify?subscriptionId=urn:ngsi-ld:tema:subscription:USE:PDM05:007 HTTP/1.1" 200 -
2025-03-07 09:45:46 - INFO - Geo dict saved to estimated_OGM/occupancy_grid_map_Flood_Objects.json
2025-03-07 09:45:46 - INFO - OGM counter --> 0
2025-03-07 09:45:46 - INFO - ROI data -> [[[6.996817, 50.521793], [6.98238, 50.517756], [6.976085, 50.513527], [6.980425, 50.50647], [6.995879, 50.511398], [6.996817, 50.521793]]]
2025-03-07 09:45:46 - INFO - ogm_gt_ (6.976085, 9.013913043478152e-05, 0.0, 50.521793, 0.0, -9.013529411765997e-05)
2025-03-07 09:45:46 - INFO - observe_gt_drone None
2025-03-07 09:45:46 - INFO - Drone measurements are not available: unsupported operand type(s) for /: 'NoneType' and 'int'
2025-03-07 09:45:46 - INFO - Sat measurements are not available object of type 'NoneType' has no len()
2025-03-07 09:45:46 - INFO - GeoTIFF saved successfully at estimated_OGM/occupancy_grid_map_Flood.tif
2025-03-07 09:45:46 - INFO - urn:ngsi-ld:USE:PDM-05:Maps4Flood:01
2025-03-07 09:45:46 - INFO - Metadata {'title': 'OGM', 'author': 'GRVC lab, University of Seville', 'description': 'Estimated OGM for Fire.', 'creationDate': '2025-03-07T09:45:46.925679', 'XMin': 6.976085, 'XRes': 9.013913043478152e-05, 'YMax': 50.521793, 'YRes': -9.013529411765997e-05, 'spatialReference': 'EPSG:4326', 'file_name': 'occupancy_grid_map_Flood.tif', 'coordinates': [[[6.996817, 50.521793], [6.98238, 50.517756], [6.976085, 50.513527], [6.980425, 50.50647], [6.995879, 50.511398], [6.996817, 50.521793]]], 'bucket': 'naples', 'minio_url': 'https://storage.tema.digital-enabler.eng.it:443/naples/occupancy_grid_mapFlood.tif'}
2025-03-07 09:45:46 - INFO - inside process_and_upload_ogm entity_id ---> urn:ngsi-ld:USE:PDM-05:Maps4Flood:01
2025-03-07 09:45:46 - INFO - Object name occupancy_grid_map_Flood.tif
2025-03-07 09:45:47 - INFO - Object Name in for uploading occupancy_grid_map_Flood.tif
2025-03-07 09:45:47 - INFO - File path in for uploading estimated_OGM/occupancy_grid_map_Flood.tif
2025-03-07 09:45:47 - INFO - File uploaded successfully.
2025-03-07 09:45:47 - INFO - File 'estimated_OGM/occupancy_grid_map_Flood.tif' uploaded to bucket 'naples' successfully.
2025-03-07 09:45:47 - INFO - Entity urn:ngsi-ld:USE:PDM-05:Maps4Flood:01 updated successfully.
2025-03-07 09:45:47 - INFO - Payload published successfully for entity: urn:ngsi-ld:USE:PDM-05:Maps4Flood:01
2025-03-07 09:45:47 - INFO - Checking for existing geo dict: estimated_OGM/occupancy_grid_map_Flood_Objects.json
2025-03-07 09:45:47 - INFO - Using existing geo dict.
2025-03-07 09:45:47 - WARNING - Invalid pixel coordinate format in key: score
2025-03-07 09:45:47 - WARNING - Invalid pixel coordinate format in key: score
2025-03-07 09:45:47 - WARNING - Invalid pixel coordinate format in key: score
2025-03-07 09:45:47 - WARNING - Invalid pixel coordinate format in key: score
2025-03-07 09:45:47 - WARNING - Invalid pixel coordinate format in key: score
2025-03-07 09:45:47 - WARNING - Invalid pixel coordinate format in key: score
2025-03-07 09:45:47 - WARNING - Invalid pixel coordinate format in key: score
2025-03-07 09:45:47 - WARNING - Invalid pixel coordinate format in key: score
2025-03-07 09:45:47 - WARNING - Invalid pixel coordinate format in key: score
2025-03-07 09:45:47 - WARNING - Invalid pixel coordinate format in key: score
2025-03-07 09:45:47 - WARNING - Invalid pixel coordinate format in key: score
2025-03-07 09:45:47 - WARNING - Invalid pixel coordinate format in key: score
2025-03-07 09:45:47 - WARNING - Invalid pixel coordinate format in key: score
2025-03-07 09:45:47 - WARNING - Invalid pixel coordinate format in key: score
2025-03-07 09:45:47 - WARNING - Invalid pixel coordinate format in key: score
2025-03-07 09:45:47 - WARNING - Invalid pixel coordinate format in key: score
2025-03-07 09:45:47 - WARNING - Invalid pixel coordinate format in key: score
2025-03-07 09:45:47 - WARNING - Invalid pixel coordinate format in key: score
2025-03-07 09:45:47 - WARNING - Invalid pixel coordinate format in key: score
2025-03-07 09:45:47 - WARNING - Invalid pixel coordinate format in key: score
2025-03-07 09:45:47 - WARNING - Invalid pixel coordinate format in key: score
2025-03-07 09:45:47 - WARNING - Invalid pixel coordinate format in key: score
2025-03-07 09:45:47 - WARNING - Invalid pixel coordinate format in key: score
2025-03-07 09:45:47 - WARNING - Invalid pixel coordinate format in key: score
2025-03-07 09:45:47 - WARNING - Invalid pixel coordinate format in key: score
2025-03-07 09:45:47 - WARNING - Invalid pixel coordinate format in key: score
2025-03-07 09:45:47 - WARNING - Invalid pixel coordinate format in key: score
2025-03-07 09:45:47 - WARNING - Invalid pixel coordinate format in key: score
2025-03-07 09:45:47 - WARNING - Invalid pixel coordinate format in key: score
2025-03-07 09:45:47 - WARNING - Invalid pixel coordinate format in key: score
2025-03-07 09:45:47 - WARNING - Invalid pixel coordinate format in key: score
2025-03-07 09:45:47 - WARNING - Invalid pixel coordinate format in key: score
2025-03-07 09:45:47 - WARNING - Invalid pixel coordinate format in key: score
2025-03-07 09:45:47 - WARNING - Invalid pixel coordinate format in key: score
2025-03-07 09:45:47 - WARNING - Invalid pixel coordinate format in key: score
2025-03-07 09:45:47 - WARNING - Invalid pixel coordinate format in key: score
2025-03-07 09:45:47 - WARNING - Invalid pixel coordinate format in key: score
2025-03-07 09:45:47 - WARNING - Invalid pixel coordinate format in key: score
2025-03-07 09:45:47 - WARNING - Invalid pixel coordinate format in key: score
2025-03-07 09:45:47 - WARNING - Invalid pixel coordinate format in key: score
2025-03-07 09:45:47 - WARNING - Invalid pixel coordinate format in key: score
2025-03-07 09:45:47 - WARNING - Invalid pixel coordinate format in key: score
2025-03-07 09:45:47 - WARNING - Invalid pixel coordinate format in key: score
2025-03-07 09:45:47 - WARNING - Invalid pixel coordinate format in key: score
2025-03-07 09:45:47 - WARNING - Invalid pixel coordinate format in key: score
2025-03-07 09:45:47 - WARNING - Invalid pixel coordinate format in key: score
2025-03-07 09:45:47 - WARNING - Invalid pixel coordinate format in key: score
2025-03-07 09:45:47 - WARNING - Invalid pixel coordinate format in key: score
2025-03-07 09:45:47 - WARNING - Invalid pixel coordinate format in key: score
2025-03-07 09:45:47 - WARNING - Invalid pixel coordinate format in key: score
2025-03-07 09:45:47 - WARNING - Invalid pixel coordinate format in key: score
2025-03-07 09:45:47 - WARNING - Invalid pixel coordinate format in key: score
2025-03-07 09:45:47 - WARNING - Invalid pixel coordinate format in key: score
2025-03-07 09:45:47 - WARNING - Invalid pixel coordinate format in key: score
2025-03-07 09:45:47 - WARNING - Invalid pixel coordinate format in key: score
2025-03-07 09:45:47 - WARNING - Invalid pixel coordinate format in key: score
2025-03-07 09:45:47 - WARNING - Invalid pixel coordinate format in key: score
2025-03-07 09:45:47 - WARNING - Invalid pixel coordinate format in key: score
2025-03-07 09:45:47 - WARNING - Invalid pixel coordinate format in key: score
2025-03-07 09:45:47 - WARNING - Invalid pixel coordinate format in key: score
2025-03-07 09:45:47 - WARNING - Invalid pixel coordinate format in key: score
2025-03-07 09:45:47 - WARNING - Invalid pixel coordinate format in key: score
2025-03-07 09:45:47 - WARNING - Invalid pixel coordinate format in key: score
2025-03-07 09:45:47 - WARNING - Invalid pixel coordinate format in key: score
2025-03-07 09:45:47 - WARNING - Invalid pixel coordinate format in key: score
2025-03-07 09:45:47 - WARNING - Invalid pixel coordinate format in key: score
2025-03-07 09:45:47 - WARNING - Invalid pixel coordinate format in key: score
2025-03-07 09:45:47 - WARNING - Invalid pixel coordinate format in key: score
2025-03-07 09:45:47 - WARNING - Invalid pixel coordinate format in key: score
2025-03-07 09:45:47 - WARNING - Invalid pixel coordinate format in key: score
2025-03-07 09:45:47 - WARNING - Invalid pixel coordinate format in key: score
2025-03-07 09:45:47 - WARNING - Invalid pixel coordinate format in key: score
2025-03-07 09:45:47 - WARNING - Invalid pixel coordinate format in key: score
2025-03-07 09:45:47 - WARNING - Invalid pixel coordinate format in key: score
2025-03-07 09:45:47 - WARNING - Invalid pixel coordinate format in key: score
2025-03-07 09:45:47 - WARNING - Invalid pixel coordinate format in key: score
2025-03-07 09:45:47 - WARNING - Invalid pixel coordinate format in key: score
2025-03-07 09:45:47 - WARNING - Invalid pixel coordinate format in key: score
2025-03-07 09:45:47 - WARNING - Invalid pixel coordinate format in key: score
2025-03-07 09:45:47 - WARNING - Invalid pixel coordinate format in key: score
2025-03-07 09:45:47 - WARNING - Invalid pixel coordinate format in key: score
2025-03-07 09:45:47 - WARNING - Invalid pixel coordinate format in key: score
2025-03-07 09:45:47 - WARNING - Invalid pixel coordinate format in key: score
2025-03-07 09:45:47 - WARNING - Invalid pixel coordinate format in key: score
2025-03-07 09:45:47 - WARNING - Invalid pixel coordinate format in key: score
2025-03-07 09:45:47 - WARNING - Invalid pixel coordinate format in key: score
2025-03-07 09:45:47 - WARNING - Invalid pixel coordinate format in key: score
2025-03-07 09:45:47 - WARNING - Invalid pixel coordinate format in key: score
2025-03-07 09:45:47 - WARNING - Invalid pixel coordinate format in key: score
2025-03-07 09:45:47 - WARNING - Invalid pixel coordinate format in key: score
2025-03-07 09:45:47 - WARNING - Invalid pixel coordinate format in key: score
2025-03-07 09:45:47 - WARNING - Invalid pixel coordinate format in key: score
2025-03-07 09:45:47 - WARNING - Invalid pixel coordinate format in key: score
2025-03-07 09:45:47 - WARNING - Invalid pixel coordinate format in key: score
2025-03-07 09:45:47 - WARNING - Invalid pixel coordinate format in key: score
2025-03-07 09:45:47 - WARNING - Invalid pixel coordinate format in key: score
2025-03-07 09:45:47 - WARNING - Invalid pixel coordinate format in key: score
2025-03-07 09:45:47 - WARNING - Invalid pixel coordinate format in key: score
2025-03-07 09:45:47 - WARNING - Invalid pixel coordinate format in key: score
2025-03-07 09:45:47 - WARNING - Invalid pixel coordinate format in key: score
2025-03-07 09:45:47 - WARNING - Invalid pixel coordinate format in key: score
2025-03-07 09:45:47 - WARNING - Invalid pixel coordinate format in key: score
2025-03-07 09:45:47 - WARNING - Invalid pixel coordinate format in key: score
2025-03-07 09:45:47 - WARNING - Invalid pixel coordinate format in key: score
2025-03-07 09:45:47 - WARNING - Invalid pixel coordinate format in key: score
2025-03-07 09:45:47 - WARNING - Invalid pixel coordinate format in key: score
2025-03-07 09:45:47 - WARNING - Invalid pixel coordinate format in key: score
2025-03-07 09:45:47 - WARNING - Invalid pixel coordinate format in key: score
2025-03-07 09:45:47 - WARNING - Invalid pixel coordinate format in key: score
2025-03-07 09:45:47 - WARNING - Invalid pixel coordinate format in key: score
2025-03-07 09:45:47 - WARNING - Invalid pixel coordinate format in key: score
2025-03-07 09:45:47 - WARNING - Invalid pixel coordinate format in key: score
2025-03-07 09:45:47 - WARNING - Invalid pixel coordinate format in key: score
2025-03-07 09:45:47 - WARNING - Invalid pixel coordinate format in key: score
2025-03-07 09:45:47 - WARNING - Invalid pixel coordinate format in key: score
2025-03-07 09:45:47 - WARNING - Invalid pixel coordinate format in key: score
2025-03-07 09:45:47 - WARNING - Invalid pixel coordinate format in key: score
2025-03-07 09:45:47 - WARNING - Invalid pixel coordinate format in key: score
2025-03-07 09:45:47 - WARNING - Invalid pixel coordinate format in key: score
2025-03-07 09:45:47 - WARNING - Invalid pixel coordinate format in key: score
2025-03-07 09:45:47 - WARNING - Invalid pixel coordinate format in key: score
2025-03-07 09:45:47 - WARNING - Invalid pixel coordinate format in key: score
2025-03-07 09:45:47 - WARNING - Invalid pixel coordinate format in key: score
2025-03-07 09:45:47 - WARNING - Invalid pixel coordinate format in key: score
2025-03-07 09:45:47 - WARNING - Invalid pixel coordinate format in key: score
2025-03-07 09:45:47 - WARNING - Invalid pixel coordinate format in key: score
2025-03-07 09:45:47 - WARNING - Invalid pixel coordinate format in key: score
2025-03-07 09:45:47 - WARNING - Invalid pixel coordinate format in key: score
2025-03-07 09:45:47 - WARNING - Invalid pixel coordinate format in key: score
2025-03-07 09:45:47 - INFO - No metadata extracted from valid files.
2025-03-07 09:45:47 - INFO - Drone metadata is empty or not available.
2025-03-07 09:45:47 - INFO - Processing notification: PersonVehicleDetection
2025-03-07 09:45:47 - INFO - Files written successfully: downloads/drone_imgs/Flood/DJI_20211023132059_0081_W_objects_metadata.json, downloads/drone_imgs/Flood/DJI_20211023132059_0081_W_obj.json
2025-03-07 09:45:47 - INFO - OGM metadata successfully saved to estimated_OGM/occupancy_grid_map_Flood_Objects.json
2025-03-07 09:45:47 - INFO - Filtered GeoJSON successfully saved to estimated_OGM/occupancy_grid_map_Flood_Objects_filtered.json
2025-03-07 09:45:47 - INFO - Converting GeoJSON to GeoTIFF at estimated_OGM/occupancy_grid_map_Flood_Objects_filtered.tif
2025-03-07 09:45:47 - ERROR - Value error during GeoTIFF conversion: GeoJSON file contains no features. Cannot generate raster.
2025-03-07 09:45:47 - INFO - No SinglePostResult files found. Skipping this step.
2025-03-07 09:45:48 - INFO - Geo-referencing is done correctly for person and vehicles.
2025-03-07 09:45:48 - INFO - Setting event for non-Alert entity
2025-03-07 09:45:48 - INFO - initialize_processing() is already running, skipping.
2025-03-07 09:45:48 - INFO - 127.0.0.1 - - [07/Mar/2025 09:45:48] "POST /pdm05/notify?subscriptionId=urn:ngsi-ld:tema:subscription:USE:PDM05:007 HTTP/1.1" 200 -
2025-03-07 09:45:48 - INFO - ROI data -> [[[6.996817, 50.521793], [6.98238, 50.517756], [6.976085, 50.513527], [6.980425, 50.50647], [6.995879, 50.511398], [6.996817, 50.521793]]]
2025-03-07 09:45:48 - INFO - ogm_gt_ (6.976085, 9.013913043478152e-05, 0.0, 50.521793, 0.0, -9.013529411765997e-05)
2025-03-07 09:45:48 - INFO - observe_gt_drone None
2025-03-07 09:45:48 - INFO - Drone measurements are not available: unsupported operand type(s) for /: 'NoneType' and 'int'
2025-03-07 09:45:48 - INFO - Sat measurements are not available object of type 'NoneType' has no len()
2025-03-07 09:45:48 - INFO - GeoTIFF saved successfully at estimated_OGM/occupancy_grid_map_Flood.tif
2025-03-07 09:45:48 - INFO - urn:ngsi-ld:USE:PDM-05:Maps4Flood:01
2025-03-07 09:45:48 - INFO - Metadata {'title': 'OGM', 'author': 'GRVC lab, University of Seville', 'description': 'Estimated OGM for Fire.', 'creationDate': '2025-03-07T09:45:48.410332', 'XMin': 6.976085, 'XRes': 9.013913043478152e-05, 'YMax': 50.521793, 'YRes': -9.013529411765997e-05, 'spatialReference': 'EPSG:4326', 'file_name': 'occupancy_grid_map_Flood.tif', 'coordinates': [[[6.996817, 50.521793], [6.98238, 50.517756], [6.976085, 50.513527], [6.980425, 50.50647], [6.995879, 50.511398], [6.996817, 50.521793]]], 'bucket': 'naples', 'minio_url': 'https://storage.tema.digital-enabler.eng.it:443/naples/occupancy_grid_mapFlood.tif'}
2025-03-07 09:45:48 - INFO - inside process_and_upload_ogm entity_id ---> urn:ngsi-ld:USE:PDM-05:Maps4Flood:01
2025-03-07 09:45:48 - INFO - Object name occupancy_grid_map_Flood.tif
2025-03-07 09:45:48 - INFO - Object Name in for uploading occupancy_grid_map_Flood.tif
2025-03-07 09:45:48 - INFO - File path in for uploading estimated_OGM/occupancy_grid_map_Flood.tif
2025-03-07 09:45:48 - INFO - File uploaded successfully.
2025-03-07 09:45:48 - INFO - File 'estimated_OGM/occupancy_grid_map_Flood.tif' uploaded to bucket 'naples' successfully.
2025-03-07 09:45:48 - INFO - Entity urn:ngsi-ld:USE:PDM-05:Maps4Flood:01 updated successfully.
2025-03-07 09:45:48 - INFO - Payload published successfully for entity: urn:ngsi-ld:USE:PDM-05:Maps4Flood:01
2025-03-07 09:45:48 - INFO - Checking for existing geo dict: estimated_OGM/occupancy_grid_map_Flood_Objects.json
2025-03-07 09:45:48 - INFO - Using existing geo dict.
2025-03-07 09:45:48 - WARNING - Invalid pixel coordinate format in key: score
2025-03-07 09:45:48 - WARNING - Invalid pixel coordinate format in key: score
2025-03-07 09:45:48 - WARNING - Invalid pixel coordinate format in key: score
2025-03-07 09:45:48 - WARNING - Invalid pixel coordinate format in key: score
2025-03-07 09:45:48 - WARNING - Invalid pixel coordinate format in key: score
2025-03-07 09:45:48 - WARNING - Invalid pixel coordinate format in key: score
2025-03-07 09:45:48 - WARNING - Invalid pixel coordinate format in key: score
2025-03-07 09:45:48 - WARNING - Invalid pixel coordinate format in key: score
2025-03-07 09:45:48 - WARNING - Invalid pixel coordinate format in key: score
2025-03-07 09:45:48 - WARNING - Invalid pixel coordinate format in key: score
2025-03-07 09:45:48 - WARNING - Invalid pixel coordinate format in key: score
2025-03-07 09:45:48 - WARNING - Invalid pixel coordinate format in key: score
2025-03-07 09:45:48 - WARNING - Invalid pixel coordinate format in key: score
2025-03-07 09:45:48 - WARNING - Invalid pixel coordinate format in key: score
2025-03-07 09:45:48 - WARNING - Invalid pixel coordinate format in key: score
2025-03-07 09:45:48 - WARNING - Invalid pixel coordinate format in key: score
2025-03-07 09:45:48 - WARNING - Invalid pixel coordinate format in key: score
2025-03-07 09:45:48 - WARNING - Invalid pixel coordinate format in key: score
2025-03-07 09:45:48 - WARNING - Invalid pixel coordinate format in key: score
2025-03-07 09:45:48 - WARNING - Invalid pixel coordinate format in key: score
2025-03-07 09:45:48 - WARNING - Invalid pixel coordinate format in key: score
2025-03-07 09:45:48 - WARNING - Invalid pixel coordinate format in key: score
2025-03-07 09:45:48 - WARNING - Invalid pixel coordinate format in key: score
2025-03-07 09:45:48 - WARNING - Invalid pixel coordinate format in key: score
2025-03-07 09:45:48 - WARNING - Invalid pixel coordinate format in key: score
2025-03-07 09:45:48 - WARNING - Invalid pixel coordinate format in key: score
2025-03-07 09:45:48 - WARNING - Invalid pixel coordinate format in key: score
2025-03-07 09:45:48 - WARNING - Invalid pixel coordinate format in key: score
2025-03-07 09:45:48 - WARNING - Invalid pixel coordinate format in key: score
2025-03-07 09:45:48 - WARNING - Invalid pixel coordinate format in key: score
2025-03-07 09:45:48 - WARNING - Invalid pixel coordinate format in key: score
2025-03-07 09:45:48 - WARNING - Invalid pixel coordinate format in key: score
2025-03-07 09:45:48 - WARNING - Invalid pixel coordinate format in key: score
2025-03-07 09:45:48 - WARNING - Invalid pixel coordinate format in key: score
2025-03-07 09:45:48 - WARNING - Invalid pixel coordinate format in key: score
2025-03-07 09:45:48 - WARNING - Invalid pixel coordinate format in key: score
2025-03-07 09:45:48 - WARNING - Invalid pixel coordinate format in key: score
2025-03-07 09:45:48 - WARNING - Invalid pixel coordinate format in key: score
2025-03-07 09:45:48 - WARNING - Invalid pixel coordinate format in key: score
2025-03-07 09:45:48 - WARNING - Invalid pixel coordinate format in key: score
2025-03-07 09:45:48 - WARNING - Invalid pixel coordinate format in key: score
2025-03-07 09:45:48 - WARNING - Invalid pixel coordinate format in key: score
2025-03-07 09:45:48 - WARNING - Invalid pixel coordinate format in key: score
2025-03-07 09:45:48 - WARNING - Invalid pixel coordinate format in key: score
2025-03-07 09:45:48 - WARNING - Invalid pixel coordinate format in key: score
2025-03-07 09:45:48 - WARNING - Invalid pixel coordinate format in key: score
2025-03-07 09:45:48 - WARNING - Invalid pixel coordinate format in key: score
2025-03-07 09:45:48 - WARNING - Invalid pixel coordinate format in key: score
2025-03-07 09:45:48 - WARNING - Invalid pixel coordinate format in key: score
2025-03-07 09:45:48 - WARNING - Invalid pixel coordinate format in key: score
2025-03-07 09:45:48 - WARNING - Invalid pixel coordinate format in key: score
2025-03-07 09:45:48 - WARNING - Invalid pixel coordinate format in key: score
2025-03-07 09:45:48 - WARNING - Invalid pixel coordinate format in key: score
2025-03-07 09:45:48 - WARNING - Invalid pixel coordinate format in key: score
2025-03-07 09:45:48 - WARNING - Invalid pixel coordinate format in key: score
2025-03-07 09:45:48 - WARNING - Invalid pixel coordinate format in key: score
2025-03-07 09:45:48 - WARNING - Invalid pixel coordinate format in key: score
2025-03-07 09:45:48 - WARNING - Invalid pixel coordinate format in key: score
2025-03-07 09:45:48 - WARNING - Invalid pixel coordinate format in key: score
2025-03-07 09:45:48 - WARNING - Invalid pixel coordinate format in key: score
2025-03-07 09:45:48 - WARNING - Invalid pixel coordinate format in key: score
2025-03-07 09:45:48 - WARNING - Invalid pixel coordinate format in key: score
2025-03-07 09:45:48 - WARNING - Invalid pixel coordinate format in key: score
2025-03-07 09:45:48 - WARNING - Invalid pixel coordinate format in key: score
2025-03-07 09:45:48 - WARNING - Invalid pixel coordinate format in key: score
2025-03-07 09:45:48 - WARNING - Invalid pixel coordinate format in key: score
2025-03-07 09:45:48 - WARNING - Invalid pixel coordinate format in key: score
2025-03-07 09:45:48 - WARNING - Invalid pixel coordinate format in key: score
2025-03-07 09:45:48 - WARNING - Invalid pixel coordinate format in key: score
2025-03-07 09:45:48 - WARNING - Invalid pixel coordinate format in key: score
2025-03-07 09:45:48 - WARNING - Invalid pixel coordinate format in key: score
2025-03-07 09:45:48 - WARNING - Invalid pixel coordinate format in key: score
2025-03-07 09:45:48 - WARNING - Invalid pixel coordinate format in key: score
2025-03-07 09:45:48 - WARNING - Invalid pixel coordinate format in key: score
2025-03-07 09:45:48 - WARNING - Invalid pixel coordinate format in key: score
2025-03-07 09:45:48 - WARNING - Invalid pixel coordinate format in key: score
2025-03-07 09:45:48 - WARNING - Invalid pixel coordinate format in key: score
2025-03-07 09:45:48 - WARNING - Invalid pixel coordinate format in key: score
2025-03-07 09:45:48 - WARNING - Invalid pixel coordinate format in key: score
2025-03-07 09:45:48 - WARNING - Invalid pixel coordinate format in key: score
2025-03-07 09:45:48 - WARNING - Invalid pixel coordinate format in key: score
2025-03-07 09:45:48 - WARNING - Invalid pixel coordinate format in key: score
2025-03-07 09:45:48 - WARNING - Invalid pixel coordinate format in key: score
2025-03-07 09:45:48 - WARNING - Invalid pixel coordinate format in key: score
2025-03-07 09:45:48 - WARNING - Invalid pixel coordinate format in key: score
2025-03-07 09:45:48 - WARNING - Invalid pixel coordinate format in key: score
2025-03-07 09:45:48 - WARNING - Invalid pixel coordinate format in key: score
2025-03-07 09:45:48 - WARNING - Invalid pixel coordinate format in key: score
2025-03-07 09:45:48 - WARNING - Invalid pixel coordinate format in key: score
2025-03-07 09:45:48 - WARNING - Invalid pixel coordinate format in key: score
2025-03-07 09:45:48 - WARNING - Invalid pixel coordinate format in key: score
2025-03-07 09:45:48 - WARNING - Invalid pixel coordinate format in key: score
2025-03-07 09:45:48 - WARNING - Invalid pixel coordinate format in key: score
2025-03-07 09:45:48 - WARNING - Invalid pixel coordinate format in key: score
2025-03-07 09:45:48 - WARNING - Invalid pixel coordinate format in key: score
2025-03-07 09:45:48 - WARNING - Invalid pixel coordinate format in key: score
2025-03-07 09:45:48 - WARNING - Invalid pixel coordinate format in key: score
2025-03-07 09:45:48 - WARNING - Invalid pixel coordinate format in key: score
2025-03-07 09:45:48 - WARNING - Invalid pixel coordinate format in key: score
2025-03-07 09:45:48 - WARNING - Invalid pixel coordinate format in key: score
2025-03-07 09:45:48 - WARNING - Invalid pixel coordinate format in key: score
2025-03-07 09:45:48 - WARNING - Invalid pixel coordinate format in key: score
2025-03-07 09:45:48 - WARNING - Invalid pixel coordinate format in key: score
2025-03-07 09:45:48 - WARNING - Invalid pixel coordinate format in key: score
2025-03-07 09:45:48 - WARNING - Invalid pixel coordinate format in key: score
2025-03-07 09:45:48 - WARNING - Invalid pixel coordinate format in key: score
2025-03-07 09:45:48 - WARNING - Invalid pixel coordinate format in key: score
2025-03-07 09:45:48 - WARNING - Invalid pixel coordinate format in key: score
2025-03-07 09:45:48 - WARNING - Invalid pixel coordinate format in key: score
2025-03-07 09:45:48 - WARNING - Invalid pixel coordinate format in key: score
2025-03-07 09:45:48 - WARNING - Invalid pixel coordinate format in key: score
2025-03-07 09:45:48 - WARNING - Invalid pixel coordinate format in key: score
2025-03-07 09:45:48 - WARNING - Invalid pixel coordinate format in key: score
2025-03-07 09:45:48 - WARNING - Invalid pixel coordinate format in key: score
2025-03-07 09:45:48 - WARNING - Invalid pixel coordinate format in key: score
2025-03-07 09:45:48 - WARNING - Invalid pixel coordinate format in key: score
2025-03-07 09:45:48 - WARNING - Invalid pixel coordinate format in key: score
2025-03-07 09:45:48 - WARNING - Invalid pixel coordinate format in key: score
2025-03-07 09:45:48 - WARNING - Invalid pixel coordinate format in key: score
2025-03-07 09:45:48 - WARNING - Invalid pixel coordinate format in key: score
2025-03-07 09:45:48 - WARNING - Invalid pixel coordinate format in key: score
2025-03-07 09:45:48 - WARNING - Invalid pixel coordinate format in key: score
2025-03-07 09:45:48 - WARNING - Invalid pixel coordinate format in key: score
2025-03-07 09:45:48 - WARNING - Invalid pixel coordinate format in key: score
2025-03-07 09:45:48 - WARNING - Invalid pixel coordinate format in key: score
2025-03-07 09:45:48 - WARNING - Invalid pixel coordinate format in key: score
2025-03-07 09:45:48 - WARNING - Invalid pixel coordinate format in key: score
2025-03-07 09:45:48 - WARNING - Invalid pixel coordinate format in key: score
2025-03-07 09:45:48 - WARNING - Invalid pixel coordinate format in key: score
2025-03-07 09:45:48 - WARNING - Invalid pixel coordinate format in key: score
2025-03-07 09:45:48 - WARNING - Invalid pixel coordinate format in key: score
2025-03-07 09:45:48 - WARNING - Invalid pixel coordinate format in key: score
2025-03-07 09:45:48 - WARNING - Invalid pixel coordinate format in key: score
2025-03-07 09:45:48 - WARNING - Invalid pixel coordinate format in key: score
2025-03-07 09:45:48 - WARNING - Invalid pixel coordinate format in key: score
2025-03-07 09:45:48 - WARNING - Invalid pixel coordinate format in key: score
2025-03-07 09:45:48 - WARNING - Invalid pixel coordinate format in key: score
2025-03-07 09:45:48 - WARNING - Invalid pixel coordinate format in key: score
2025-03-07 09:45:48 - WARNING - Invalid pixel coordinate format in key: score
2025-03-07 09:45:48 - WARNING - Invalid pixel coordinate format in key: score
2025-03-07 09:45:48 - WARNING - Invalid pixel coordinate format in key: score
2025-03-07 09:45:48 - WARNING - Invalid pixel coordinate format in key: score
2025-03-07 09:45:48 - WARNING - Invalid pixel coordinate format in key: score
2025-03-07 09:45:48 - WARNING - Invalid pixel coordinate format in key: score
2025-03-07 09:45:48 - WARNING - Invalid pixel coordinate format in key: score
2025-03-07 09:45:48 - WARNING - Invalid pixel coordinate format in key: score
2025-03-07 09:45:48 - INFO - No metadata extracted from valid files.
2025-03-07 09:45:48 - INFO - Drone metadata is empty or not available.
2025-03-07 09:45:48 - INFO - OGM metadata successfully saved to estimated_OGM/occupancy_grid_map_Flood_Objects.json
2025-03-07 09:45:48 - INFO - Filtered GeoJSON successfully saved to estimated_OGM/occupancy_grid_map_Flood_Objects_filtered.json
2025-03-07 09:45:48 - INFO - Converting GeoJSON to GeoTIFF at estimated_OGM/occupancy_grid_map_Flood_Objects_filtered.tif
2025-03-07 09:45:48 - ERROR - Value error during GeoTIFF conversion: GeoJSON file contains no features. Cannot generate raster.
2025-03-07 09:45:48 - INFO - No SinglePostResult files found. Skipping this step.
2025-03-07 09:45:48 - INFO - Processing notification: PersonVehicleDetection
2025-03-07 09:45:49 - INFO - Files written successfully: downloads/drone_imgs/Flood/DJI_20211023132103_0082_W_objects_metadata.json, downloads/drone_imgs/Flood/DJI_20211023132103_0082_W_obj.json
2025-03-07 09:45:49 - INFO - Geo-referencing is done correctly for person and vehicles.
2025-03-07 09:45:49 - INFO - Setting event for non-Alert entity
2025-03-07 09:45:49 - INFO - initialize_processing() is already running, skipping.
2025-03-07 09:45:49 - INFO - 127.0.0.1 - - [07/Mar/2025 09:45:49] "POST /pdm05/notify?subscriptionId=urn:ngsi-ld:tema:subscription:USE:PDM05:007 HTTP/1.1" 200 -
2025-03-07 09:45:49 - INFO - ROI data -> [[[6.996817, 50.521793], [6.98238, 50.517756], [6.976085, 50.513527], [6.980425, 50.50647], [6.995879, 50.511398], [6.996817, 50.521793]]]
2025-03-07 09:45:49 - INFO - ogm_gt_ (6.976085, 9.013913043478152e-05, 0.0, 50.521793, 0.0, -9.013529411765997e-05)
2025-03-07 09:45:49 - INFO - observe_gt_drone None
2025-03-07 09:45:49 - INFO - Drone measurements are not available: unsupported operand type(s) for /: 'NoneType' and 'int'
2025-03-07 09:45:49 - INFO - Sat measurements are not available object of type 'NoneType' has no len()
2025-03-07 09:45:49 - INFO - GeoTIFF saved successfully at estimated_OGM/occupancy_grid_map_Flood.tif
2025-03-07 09:45:49 - INFO - urn:ngsi-ld:USE:PDM-05:Maps4Flood:01
2025-03-07 09:45:49 - INFO - Metadata {'title': 'OGM', 'author': 'GRVC lab, University of Seville', 'description': 'Estimated OGM for Fire.', 'creationDate': '2025-03-07T09:45:49.832002', 'XMin': 6.976085, 'XRes': 9.013913043478152e-05, 'YMax': 50.521793, 'YRes': -9.013529411765997e-05, 'spatialReference': 'EPSG:4326', 'file_name': 'occupancy_grid_map_Flood.tif', 'coordinates': [[[6.996817, 50.521793], [6.98238, 50.517756], [6.976085, 50.513527], [6.980425, 50.50647], [6.995879, 50.511398], [6.996817, 50.521793]]], 'bucket': 'naples', 'minio_url': 'https://storage.tema.digital-enabler.eng.it:443/naples/occupancy_grid_mapFlood.tif'}
2025-03-07 09:45:49 - INFO - inside process_and_upload_ogm entity_id ---> urn:ngsi-ld:USE:PDM-05:Maps4Flood:01
2025-03-07 09:45:49 - INFO - Object name occupancy_grid_map_Flood.tif
2025-03-07 09:45:49 - INFO - Object Name in for uploading occupancy_grid_map_Flood.tif
2025-03-07 09:45:49 - INFO - File path in for uploading estimated_OGM/occupancy_grid_map_Flood.tif
2025-03-07 09:45:50 - INFO - File uploaded successfully.
2025-03-07 09:45:50 - INFO - File 'estimated_OGM/occupancy_grid_map_Flood.tif' uploaded to bucket 'naples' successfully.
2025-03-07 09:45:50 - INFO - Entity urn:ngsi-ld:USE:PDM-05:Maps4Flood:01 updated successfully.
2025-03-07 09:45:50 - INFO - Payload published successfully for entity: urn:ngsi-ld:USE:PDM-05:Maps4Flood:01
2025-03-07 09:45:50 - INFO - Checking for existing geo dict: estimated_OGM/occupancy_grid_map_Flood_Objects.json
2025-03-07 09:45:50 - INFO - Using existing geo dict.
2025-03-07 09:45:50 - WARNING - Invalid pixel coordinate format in key: score
2025-03-07 09:45:50 - WARNING - Invalid pixel coordinate format in key: score
2025-03-07 09:45:50 - WARNING - Invalid pixel coordinate format in key: score
2025-03-07 09:45:50 - WARNING - Invalid pixel coordinate format in key: score
2025-03-07 09:45:50 - WARNING - Invalid pixel coordinate format in key: score
2025-03-07 09:45:50 - WARNING - Invalid pixel coordinate format in key: score
2025-03-07 09:45:50 - WARNING - Invalid pixel coordinate format in key: score
2025-03-07 09:45:50 - WARNING - Invalid pixel coordinate format in key: score
2025-03-07 09:45:50 - WARNING - Invalid pixel coordinate format in key: score
2025-03-07 09:45:50 - WARNING - Invalid pixel coordinate format in key: score
2025-03-07 09:45:50 - WARNING - Invalid pixel coordinate format in key: score
2025-03-07 09:45:50 - WARNING - Invalid pixel coordinate format in key: score
2025-03-07 09:45:50 - WARNING - Invalid pixel coordinate format in key: score
2025-03-07 09:45:50 - WARNING - Invalid pixel coordinate format in key: score
2025-03-07 09:45:50 - WARNING - Invalid pixel coordinate format in key: score
2025-03-07 09:45:50 - WARNING - Invalid pixel coordinate format in key: score
2025-03-07 09:45:50 - WARNING - Invalid pixel coordinate format in key: score
2025-03-07 09:45:50 - WARNING - Invalid pixel coordinate format in key: score
2025-03-07 09:45:50 - WARNING - Invalid pixel coordinate format in key: score
2025-03-07 09:45:50 - WARNING - Invalid pixel coordinate format in key: score
2025-03-07 09:45:50 - WARNING - Invalid pixel coordinate format in key: score
2025-03-07 09:45:50 - WARNING - Invalid pixel coordinate format in key: score
2025-03-07 09:45:50 - WARNING - Invalid pixel coordinate format in key: score
2025-03-07 09:45:50 - WARNING - Invalid pixel coordinate format in key: score
2025-03-07 09:45:50 - WARNING - Invalid pixel coordinate format in key: score
2025-03-07 09:45:50 - WARNING - Invalid pixel coordinate format in key: score
2025-03-07 09:45:50 - WARNING - Invalid pixel coordinate format in key: score
2025-03-07 09:45:50 - WARNING - Invalid pixel coordinate format in key: score
2025-03-07 09:45:50 - WARNING - Invalid pixel coordinate format in key: score
2025-03-07 09:45:50 - WARNING - Invalid pixel coordinate format in key: score
2025-03-07 09:45:50 - WARNING - Invalid pixel coordinate format in key: score
2025-03-07 09:45:50 - WARNING - Invalid pixel coordinate format in key: score
2025-03-07 09:45:50 - WARNING - Invalid pixel coordinate format in key: score
2025-03-07 09:45:50 - WARNING - Invalid pixel coordinate format in key: score
2025-03-07 09:45:50 - WARNING - Invalid pixel coordinate format in key: score
2025-03-07 09:45:50 - WARNING - Invalid pixel coordinate format in key: score
2025-03-07 09:45:50 - WARNING - Invalid pixel coordinate format in key: score
2025-03-07 09:45:50 - WARNING - Invalid pixel coordinate format in key: score
2025-03-07 09:45:50 - WARNING - Invalid pixel coordinate format in key: score
2025-03-07 09:45:50 - WARNING - Invalid pixel coordinate format in key: score
2025-03-07 09:45:50 - WARNING - Invalid pixel coordinate format in key: score
2025-03-07 09:45:50 - WARNING - Invalid pixel coordinate format in key: score
2025-03-07 09:45:50 - WARNING - Invalid pixel coordinate format in key: score
2025-03-07 09:45:50 - WARNING - Invalid pixel coordinate format in key: score
2025-03-07 09:45:50 - WARNING - Invalid pixel coordinate format in key: score
2025-03-07 09:45:50 - WARNING - Invalid pixel coordinate format in key: score
2025-03-07 09:45:50 - WARNING - Invalid pixel coordinate format in key: score
2025-03-07 09:45:50 - WARNING - Invalid pixel coordinate format in key: score
2025-03-07 09:45:50 - WARNING - Invalid pixel coordinate format in key: score
2025-03-07 09:45:50 - WARNING - Invalid pixel coordinate format in key: score
2025-03-07 09:45:50 - WARNING - Invalid pixel coordinate format in key: score
2025-03-07 09:45:50 - WARNING - Invalid pixel coordinate format in key: score
2025-03-07 09:45:50 - WARNING - Invalid pixel coordinate format in key: score
2025-03-07 09:45:50 - WARNING - Invalid pixel coordinate format in key: score
2025-03-07 09:45:50 - WARNING - Invalid pixel coordinate format in key: score
2025-03-07 09:45:50 - WARNING - Invalid pixel coordinate format in key: score
2025-03-07 09:45:50 - WARNING - Invalid pixel coordinate format in key: score
2025-03-07 09:45:50 - WARNING - Invalid pixel coordinate format in key: score
2025-03-07 09:45:50 - WARNING - Invalid pixel coordinate format in key: score
2025-03-07 09:45:50 - WARNING - Invalid pixel coordinate format in key: score
2025-03-07 09:45:50 - WARNING - Invalid pixel coordinate format in key: score
2025-03-07 09:45:50 - WARNING - Invalid pixel coordinate format in key: score
2025-03-07 09:45:50 - WARNING - Invalid pixel coordinate format in key: score
2025-03-07 09:45:50 - WARNING - Invalid pixel coordinate format in key: score
2025-03-07 09:45:50 - WARNING - Invalid pixel coordinate format in key: score
2025-03-07 09:45:50 - WARNING - Invalid pixel coordinate format in key: score
2025-03-07 09:45:50 - WARNING - Invalid pixel coordinate format in key: score
2025-03-07 09:45:50 - WARNING - Invalid pixel coordinate format in key: score
2025-03-07 09:45:50 - WARNING - Invalid pixel coordinate format in key: score
2025-03-07 09:45:50 - WARNING - Invalid pixel coordinate format in key: score
2025-03-07 09:45:50 - WARNING - Invalid pixel coordinate format in key: score
2025-03-07 09:45:50 - WARNING - Invalid pixel coordinate format in key: score
2025-03-07 09:45:50 - WARNING - Invalid pixel coordinate format in key: score
2025-03-07 09:45:50 - WARNING - Invalid pixel coordinate format in key: score
2025-03-07 09:45:50 - WARNING - Invalid pixel coordinate format in key: score
2025-03-07 09:45:50 - WARNING - Invalid pixel coordinate format in key: score
2025-03-07 09:45:50 - WARNING - Invalid pixel coordinate format in key: score
2025-03-07 09:45:50 - WARNING - Invalid pixel coordinate format in key: score
2025-03-07 09:45:50 - WARNING - Invalid pixel coordinate format in key: score
2025-03-07 09:45:50 - WARNING - Invalid pixel coordinate format in key: score
2025-03-07 09:45:50 - WARNING - Invalid pixel coordinate format in key: score
2025-03-07 09:45:50 - WARNING - Invalid pixel coordinate format in key: score
2025-03-07 09:45:50 - WARNING - Invalid pixel coordinate format in key: score
2025-03-07 09:45:50 - WARNING - Invalid pixel coordinate format in key: score
2025-03-07 09:45:50 - WARNING - Invalid pixel coordinate format in key: score
2025-03-07 09:45:50 - WARNING - Invalid pixel coordinate format in key: score
2025-03-07 09:45:50 - WARNING - Invalid pixel coordinate format in key: score
2025-03-07 09:45:50 - WARNING - Invalid pixel coordinate format in key: score
2025-03-07 09:45:50 - WARNING - Invalid pixel coordinate format in key: score
2025-03-07 09:45:50 - WARNING - Invalid pixel coordinate format in key: score
2025-03-07 09:45:50 - WARNING - Invalid pixel coordinate format in key: score
2025-03-07 09:45:50 - WARNING - Invalid pixel coordinate format in key: score
2025-03-07 09:45:50 - WARNING - Invalid pixel coordinate format in key: score
2025-03-07 09:45:50 - WARNING - Invalid pixel coordinate format in key: score
2025-03-07 09:45:50 - WARNING - Invalid pixel coordinate format in key: score
2025-03-07 09:45:50 - WARNING - Invalid pixel coordinate format in key: score
2025-03-07 09:45:50 - WARNING - Invalid pixel coordinate format in key: score
2025-03-07 09:45:50 - WARNING - Invalid pixel coordinate format in key: score
2025-03-07 09:45:50 - WARNING - Invalid pixel coordinate format in key: score
2025-03-07 09:45:50 - WARNING - Invalid pixel coordinate format in key: score
2025-03-07 09:45:50 - WARNING - Invalid pixel coordinate format in key: score
2025-03-07 09:45:50 - WARNING - Invalid pixel coordinate format in key: score
2025-03-07 09:45:50 - WARNING - Invalid pixel coordinate format in key: score
2025-03-07 09:45:50 - WARNING - Invalid pixel coordinate format in key: score
2025-03-07 09:45:50 - WARNING - Invalid pixel coordinate format in key: score
2025-03-07 09:45:50 - WARNING - Invalid pixel coordinate format in key: score
2025-03-07 09:45:50 - WARNING - Invalid pixel coordinate format in key: score
2025-03-07 09:45:50 - WARNING - Invalid pixel coordinate format in key: score
2025-03-07 09:45:50 - WARNING - Invalid pixel coordinate format in key: score
2025-03-07 09:45:50 - WARNING - Invalid pixel coordinate format in key: score
2025-03-07 09:45:50 - WARNING - Invalid pixel coordinate format in key: score
2025-03-07 09:45:50 - WARNING - Invalid pixel coordinate format in key: score
2025-03-07 09:45:50 - WARNING - Invalid pixel coordinate format in key: score
2025-03-07 09:45:50 - WARNING - Invalid pixel coordinate format in key: score
2025-03-07 09:45:50 - WARNING - Invalid pixel coordinate format in key: score
2025-03-07 09:45:50 - WARNING - Invalid pixel coordinate format in key: score
2025-03-07 09:45:50 - WARNING - Invalid pixel coordinate format in key: score
2025-03-07 09:45:50 - WARNING - Invalid pixel coordinate format in key: score
2025-03-07 09:45:50 - WARNING - Invalid pixel coordinate format in key: score
2025-03-07 09:45:50 - WARNING - Invalid pixel coordinate format in key: score
2025-03-07 09:45:50 - WARNING - Invalid pixel coordinate format in key: score
2025-03-07 09:45:50 - WARNING - Invalid pixel coordinate format in key: score
2025-03-07 09:45:50 - WARNING - Invalid pixel coordinate format in key: score
2025-03-07 09:45:50 - WARNING - Invalid pixel coordinate format in key: score
2025-03-07 09:45:50 - WARNING - Invalid pixel coordinate format in key: score
2025-03-07 09:45:50 - WARNING - Invalid pixel coordinate format in key: score
2025-03-07 09:45:50 - WARNING - Invalid pixel coordinate format in key: score
2025-03-07 09:45:50 - WARNING - Invalid pixel coordinate format in key: score
2025-03-07 09:45:50 - WARNING - Invalid pixel coordinate format in key: score
2025-03-07 09:45:50 - WARNING - Invalid pixel coordinate format in key: score
2025-03-07 09:45:50 - WARNING - Invalid pixel coordinate format in key: score
2025-03-07 09:45:50 - WARNING - Invalid pixel coordinate format in key: score
2025-03-07 09:45:50 - WARNING - Invalid pixel coordinate format in key: score
2025-03-07 09:45:50 - WARNING - Invalid pixel coordinate format in key: score
2025-03-07 09:45:50 - WARNING - Invalid pixel coordinate format in key: score
2025-03-07 09:45:50 - WARNING - Invalid pixel coordinate format in key: score
2025-03-07 09:45:50 - WARNING - Invalid pixel coordinate format in key: score
2025-03-07 09:45:50 - WARNING - Invalid pixel coordinate format in key: score
2025-03-07 09:45:50 - WARNING - Invalid pixel coordinate format in key: score
2025-03-07 09:45:50 - WARNING - Invalid pixel coordinate format in key: score
2025-03-07 09:45:50 - WARNING - Invalid pixel coordinate format in key: score
2025-03-07 09:45:50 - WARNING - Invalid pixel coordinate format in key: score
2025-03-07 09:45:50 - WARNING - Invalid pixel coordinate format in key: score
2025-03-07 09:45:50 - WARNING - Invalid pixel coordinate format in key: score
2025-03-07 09:45:50 - WARNING - Invalid pixel coordinate format in key: score
2025-03-07 09:45:50 - WARNING - Invalid pixel coordinate format in key: score
2025-03-07 09:45:50 - WARNING - Invalid pixel coordinate format in key: score
2025-03-07 09:45:50 - WARNING - Invalid pixel coordinate format in key: score
2025-03-07 09:45:50 - WARNING - Invalid pixel coordinate format in key: score
2025-03-07 09:45:50 - WARNING - Invalid pixel coordinate format in key: score
2025-03-07 09:45:50 - WARNING - Invalid pixel coordinate format in key: score
2025-03-07 09:45:50 - WARNING - Invalid pixel coordinate format in key: score
2025-03-07 09:45:50 - WARNING - Invalid pixel coordinate format in key: score
2025-03-07 09:45:50 - WARNING - Invalid pixel coordinate format in key: score
2025-03-07 09:45:50 - WARNING - Invalid pixel coordinate format in key: score
2025-03-07 09:45:50 - WARNING - Invalid pixel coordinate format in key: score
2025-03-07 09:45:50 - WARNING - Invalid pixel coordinate format in key: score
2025-03-07 09:45:50 - WARNING - Invalid pixel coordinate format in key: score
2025-03-07 09:45:50 - WARNING - Invalid pixel coordinate format in key: score
2025-03-07 09:45:50 - WARNING - Invalid pixel coordinate format in key: score
2025-03-07 09:45:50 - WARNING - Invalid pixel coordinate format in key: score
2025-03-07 09:45:50 - WARNING - Invalid pixel coordinate format in key: score
2025-03-07 09:45:50 - WARNING - Invalid pixel coordinate format in key: score
2025-03-07 09:45:50 - WARNING - Invalid pixel coordinate format in key: score
2025-03-07 09:45:50 - WARNING - Invalid pixel coordinate format in key: score
2025-03-07 09:45:50 - WARNING - Invalid pixel coordinate format in key: score
2025-03-07 09:45:50 - WARNING - Invalid pixel coordinate format in key: score
2025-03-07 09:45:50 - WARNING - Invalid pixel coordinate format in key: score
2025-03-07 09:45:50 - WARNING - Invalid pixel coordinate format in key: score
2025-03-07 09:45:50 - WARNING - Invalid pixel coordinate format in key: score
2025-03-07 09:45:50 - WARNING - Invalid pixel coordinate format in key: score
2025-03-07 09:45:50 - INFO - No metadata extracted from valid files.
2025-03-07 09:45:50 - INFO - Drone metadata is empty or not available.
2025-03-07 09:45:50 - INFO - OGM metadata successfully saved to estimated_OGM/occupancy_grid_map_Flood_Objects.json
2025-03-07 09:45:50 - INFO - Filtered GeoJSON successfully saved to estimated_OGM/occupancy_grid_map_Flood_Objects_filtered.json
2025-03-07 09:45:50 - INFO - Converting GeoJSON to GeoTIFF at estimated_OGM/occupancy_grid_map_Flood_Objects_filtered.tif
2025-03-07 09:45:50 - ERROR - Value error during GeoTIFF conversion: GeoJSON file contains no features. Cannot generate raster.
2025-03-07 09:45:50 - INFO - No SinglePostResult files found. Skipping this step.
2025-03-07 09:45:50 - INFO - Processing notification: PersonVehicleDetection
2025-03-07 09:45:50 - INFO - Files written successfully: downloads/drone_imgs/Flood/DJI_20211023132106_0083_W_objects_metadata.json, downloads/drone_imgs/Flood/DJI_20211023132106_0083_W_obj.json
2025-03-07 09:45:51 - INFO - Geo-referencing is done correctly for person and vehicles.
2025-03-07 09:45:51 - INFO - Setting event for non-Alert entity
2025-03-07 09:45:51 - INFO - initialize_processing() is already running, skipping.
2025-03-07 09:45:51 - INFO - 127.0.0.1 - - [07/Mar/2025 09:45:51] "POST /pdm05/notify?subscriptionId=urn:ngsi-ld:tema:subscription:USE:PDM05:007 HTTP/1.1" 200 -
2025-03-07 09:45:51 - INFO - ROI data -> [[[6.996817, 50.521793], [6.98238, 50.517756], [6.976085, 50.513527], [6.980425, 50.50647], [6.995879, 50.511398], [6.996817, 50.521793]]]
2025-03-07 09:45:51 - INFO - ogm_gt_ (6.976085, 9.013913043478152e-05, 0.0, 50.521793, 0.0, -9.013529411765997e-05)
2025-03-07 09:45:51 - INFO - observe_gt_drone None
2025-03-07 09:45:51 - INFO - Drone measurements are not available: unsupported operand type(s) for /: 'NoneType' and 'int'
2025-03-07 09:45:51 - INFO - Sat measurements are not available object of type 'NoneType' has no len()
2025-03-07 09:45:51 - INFO - GeoTIFF saved successfully at estimated_OGM/occupancy_grid_map_Flood.tif
2025-03-07 09:45:51 - INFO - urn:ngsi-ld:USE:PDM-05:Maps4Flood:01
2025-03-07 09:45:51 - INFO - Metadata {'title': 'OGM', 'author': 'GRVC lab, University of Seville', 'description': 'Estimated OGM for Fire.', 'creationDate': '2025-03-07T09:45:51.525655', 'XMin': 6.976085, 'XRes': 9.013913043478152e-05, 'YMax': 50.521793, 'YRes': -9.013529411765997e-05, 'spatialReference': 'EPSG:4326', 'file_name': 'occupancy_grid_map_Flood.tif', 'coordinates': [[[6.996817, 50.521793], [6.98238, 50.517756], [6.976085, 50.513527], [6.980425, 50.50647], [6.995879, 50.511398], [6.996817, 50.521793]]], 'bucket': 'naples', 'minio_url': 'https://storage.tema.digital-enabler.eng.it:443/naples/occupancy_grid_mapFlood.tif'}
2025-03-07 09:45:51 - INFO - inside process_and_upload_ogm entity_id ---> urn:ngsi-ld:USE:PDM-05:Maps4Flood:01
2025-03-07 09:45:51 - INFO - Object name occupancy_grid_map_Flood.tif
2025-03-07 09:45:51 - INFO - Object Name in for uploading occupancy_grid_map_Flood.tif
2025-03-07 09:45:51 - INFO - File path in for uploading estimated_OGM/occupancy_grid_map_Flood.tif
2025-03-07 09:45:51 - INFO - File uploaded successfully.
2025-03-07 09:45:51 - INFO - File 'estimated_OGM/occupancy_grid_map_Flood.tif' uploaded to bucket 'naples' successfully.
2025-03-07 09:45:51 - INFO - Entity urn:ngsi-ld:USE:PDM-05:Maps4Flood:01 updated successfully.
2025-03-07 09:45:51 - INFO - Payload published successfully for entity: urn:ngsi-ld:USE:PDM-05:Maps4Flood:01
2025-03-07 09:45:51 - INFO - Checking for existing geo dict: estimated_OGM/occupancy_grid_map_Flood_Objects.json
2025-03-07 09:45:51 - INFO - Using existing geo dict.
2025-03-07 09:45:51 - WARNING - Invalid pixel coordinate format in key: score
2025-03-07 09:45:51 - WARNING - Invalid pixel coordinate format in key: score
2025-03-07 09:45:51 - WARNING - Invalid pixel coordinate format in key: score
2025-03-07 09:45:51 - WARNING - Invalid pixel coordinate format in key: score
2025-03-07 09:45:51 - WARNING - Invalid pixel coordinate format in key: score
2025-03-07 09:45:51 - WARNING - Invalid pixel coordinate format in key: score
2025-03-07 09:45:51 - WARNING - Invalid pixel coordinate format in key: score
2025-03-07 09:45:51 - WARNING - Invalid pixel coordinate format in key: score
2025-03-07 09:45:51 - WARNING - Invalid pixel coordinate format in key: score
2025-03-07 09:45:51 - WARNING - Invalid pixel coordinate format in key: score
2025-03-07 09:45:51 - WARNING - Invalid pixel coordinate format in key: score
2025-03-07 09:45:51 - WARNING - Invalid pixel coordinate format in key: score
2025-03-07 09:45:51 - WARNING - Invalid pixel coordinate format in key: score
2025-03-07 09:45:51 - WARNING - Invalid pixel coordinate format in key: score
2025-03-07 09:45:51 - WARNING - Invalid pixel coordinate format in key: score
2025-03-07 09:45:51 - WARNING - Invalid pixel coordinate format in key: score
2025-03-07 09:45:51 - WARNING - Invalid pixel coordinate format in key: score
2025-03-07 09:45:51 - WARNING - Invalid pixel coordinate format in key: score
2025-03-07 09:45:51 - WARNING - Invalid pixel coordinate format in key: score
2025-03-07 09:45:51 - WARNING - Invalid pixel coordinate format in key: score
2025-03-07 09:45:51 - WARNING - Invalid pixel coordinate format in key: score
2025-03-07 09:45:51 - WARNING - Invalid pixel coordinate format in key: score
2025-03-07 09:45:51 - WARNING - Invalid pixel coordinate format in key: score
2025-03-07 09:45:51 - WARNING - Invalid pixel coordinate format in key: score
2025-03-07 09:45:51 - WARNING - Invalid pixel coordinate format in key: score
2025-03-07 09:45:51 - WARNING - Invalid pixel coordinate format in key: score
2025-03-07 09:45:51 - WARNING - Invalid pixel coordinate format in key: score
2025-03-07 09:45:51 - WARNING - Invalid pixel coordinate format in key: score
2025-03-07 09:45:51 - WARNING - Invalid pixel coordinate format in key: score
2025-03-07 09:45:51 - WARNING - Invalid pixel coordinate format in key: score
2025-03-07 09:45:51 - WARNING - Invalid pixel coordinate format in key: score
2025-03-07 09:45:51 - WARNING - Invalid pixel coordinate format in key: score
2025-03-07 09:45:51 - WARNING - Invalid pixel coordinate format in key: score
2025-03-07 09:45:51 - WARNING - Invalid pixel coordinate format in key: score
2025-03-07 09:45:51 - WARNING - Invalid pixel coordinate format in key: score
2025-03-07 09:45:51 - WARNING - Invalid pixel coordinate format in key: score
2025-03-07 09:45:51 - WARNING - Invalid pixel coordinate format in key: score
2025-03-07 09:45:51 - WARNING - Invalid pixel coordinate format in key: score
2025-03-07 09:45:51 - WARNING - Invalid pixel coordinate format in key: score
2025-03-07 09:45:51 - WARNING - Invalid pixel coordinate format in key: score
2025-03-07 09:45:51 - WARNING - Invalid pixel coordinate format in key: score
2025-03-07 09:45:51 - WARNING - Invalid pixel coordinate format in key: score
2025-03-07 09:45:51 - WARNING - Invalid pixel coordinate format in key: score
2025-03-07 09:45:51 - WARNING - Invalid pixel coordinate format in key: score
2025-03-07 09:45:51 - WARNING - Invalid pixel coordinate format in key: score
2025-03-07 09:45:51 - WARNING - Invalid pixel coordinate format in key: score
2025-03-07 09:45:51 - WARNING - Invalid pixel coordinate format in key: score
2025-03-07 09:45:51 - WARNING - Invalid pixel coordinate format in key: score
2025-03-07 09:45:51 - WARNING - Invalid pixel coordinate format in key: score
2025-03-07 09:45:51 - WARNING - Invalid pixel coordinate format in key: score
2025-03-07 09:45:51 - WARNING - Invalid pixel coordinate format in key: score
2025-03-07 09:45:51 - WARNING - Invalid pixel coordinate format in key: score
2025-03-07 09:45:51 - WARNING - Invalid pixel coordinate format in key: score
2025-03-07 09:45:51 - WARNING - Invalid pixel coordinate format in key: score
2025-03-07 09:45:51 - WARNING - Invalid pixel coordinate format in key: score
2025-03-07 09:45:51 - WARNING - Invalid pixel coordinate format in key: score
2025-03-07 09:45:51 - WARNING - Invalid pixel coordinate format in key: score
2025-03-07 09:45:51 - WARNING - Invalid pixel coordinate format in key: score
2025-03-07 09:45:51 - WARNING - Invalid pixel coordinate format in key: score
2025-03-07 09:45:51 - WARNING - Invalid pixel coordinate format in key: score
2025-03-07 09:45:51 - WARNING - Invalid pixel coordinate format in key: score
2025-03-07 09:45:51 - WARNING - Invalid pixel coordinate format in key: score
2025-03-07 09:45:51 - WARNING - Invalid pixel coordinate format in key: score
2025-03-07 09:45:51 - WARNING - Invalid pixel coordinate format in key: score
2025-03-07 09:45:51 - WARNING - Invalid pixel coordinate format in key: score
2025-03-07 09:45:51 - WARNING - Invalid pixel coordinate format in key: score
2025-03-07 09:45:51 - WARNING - Invalid pixel coordinate format in key: score
2025-03-07 09:45:51 - WARNING - Invalid pixel coordinate format in key: score
2025-03-07 09:45:51 - WARNING - Invalid pixel coordinate format in key: score
2025-03-07 09:45:51 - WARNING - Invalid pixel coordinate format in key: score
2025-03-07 09:45:51 - WARNING - Invalid pixel coordinate format in key: score
2025-03-07 09:45:51 - WARNING - Invalid pixel coordinate format in key: score
2025-03-07 09:45:51 - WARNING - Invalid pixel coordinate format in key: score
2025-03-07 09:45:51 - WARNING - Invalid pixel coordinate format in key: score
2025-03-07 09:45:51 - WARNING - Invalid pixel coordinate format in key: score
2025-03-07 09:45:51 - WARNING - Invalid pixel coordinate format in key: score
2025-03-07 09:45:51 - WARNING - Invalid pixel coordinate format in key: score
2025-03-07 09:45:51 - WARNING - Invalid pixel coordinate format in key: score
2025-03-07 09:45:51 - WARNING - Invalid pixel coordinate format in key: score
2025-03-07 09:45:51 - WARNING - Invalid pixel coordinate format in key: score
2025-03-07 09:45:51 - WARNING - Invalid pixel coordinate format in key: score
2025-03-07 09:45:51 - WARNING - Invalid pixel coordinate format in key: score
2025-03-07 09:45:51 - WARNING - Invalid pixel coordinate format in key: score
2025-03-07 09:45:51 - WARNING - Invalid pixel coordinate format in key: score
2025-03-07 09:45:51 - WARNING - Invalid pixel coordinate format in key: score
2025-03-07 09:45:51 - WARNING - Invalid pixel coordinate format in key: score
2025-03-07 09:45:51 - WARNING - Invalid pixel coordinate format in key: score
2025-03-07 09:45:51 - WARNING - Invalid pixel coordinate format in key: score
2025-03-07 09:45:51 - WARNING - Invalid pixel coordinate format in key: score
2025-03-07 09:45:51 - WARNING - Invalid pixel coordinate format in key: score
2025-03-07 09:45:51 - WARNING - Invalid pixel coordinate format in key: score
2025-03-07 09:45:51 - WARNING - Invalid pixel coordinate format in key: score
2025-03-07 09:45:51 - WARNING - Invalid pixel coordinate format in key: score
2025-03-07 09:45:51 - WARNING - Invalid pixel coordinate format in key: score
2025-03-07 09:45:51 - WARNING - Invalid pixel coordinate format in key: score
2025-03-07 09:45:51 - WARNING - Invalid pixel coordinate format in key: score
2025-03-07 09:45:51 - WARNING - Invalid pixel coordinate format in key: score
2025-03-07 09:45:51 - WARNING - Invalid pixel coordinate format in key: score
2025-03-07 09:45:51 - WARNING - Invalid pixel coordinate format in key: score
2025-03-07 09:45:51 - WARNING - Invalid pixel coordinate format in key: score
2025-03-07 09:45:51 - WARNING - Invalid pixel coordinate format in key: score
2025-03-07 09:45:51 - WARNING - Invalid pixel coordinate format in key: score
2025-03-07 09:45:51 - WARNING - Invalid pixel coordinate format in key: score
2025-03-07 09:45:51 - WARNING - Invalid pixel coordinate format in key: score
2025-03-07 09:45:51 - WARNING - Invalid pixel coordinate format in key: score
2025-03-07 09:45:51 - WARNING - Invalid pixel coordinate format in key: score
2025-03-07 09:45:51 - WARNING - Invalid pixel coordinate format in key: score
2025-03-07 09:45:51 - WARNING - Invalid pixel coordinate format in key: score
2025-03-07 09:45:51 - WARNING - Invalid pixel coordinate format in key: score
2025-03-07 09:45:51 - WARNING - Invalid pixel coordinate format in key: score
2025-03-07 09:45:51 - WARNING - Invalid pixel coordinate format in key: score
2025-03-07 09:45:51 - WARNING - Invalid pixel coordinate format in key: score
2025-03-07 09:45:51 - WARNING - Invalid pixel coordinate format in key: score
2025-03-07 09:45:51 - WARNING - Invalid pixel coordinate format in key: score
2025-03-07 09:45:51 - WARNING - Invalid pixel coordinate format in key: score
2025-03-07 09:45:51 - WARNING - Invalid pixel coordinate format in key: score
2025-03-07 09:45:51 - WARNING - Invalid pixel coordinate format in key: score
2025-03-07 09:45:51 - WARNING - Invalid pixel coordinate format in key: score
2025-03-07 09:45:51 - WARNING - Invalid pixel coordinate format in key: score
2025-03-07 09:45:51 - WARNING - Invalid pixel coordinate format in key: score
2025-03-07 09:45:51 - WARNING - Invalid pixel coordinate format in key: score
2025-03-07 09:45:51 - WARNING - Invalid pixel coordinate format in key: score
2025-03-07 09:45:51 - WARNING - Invalid pixel coordinate format in key: score
2025-03-07 09:45:51 - WARNING - Invalid pixel coordinate format in key: score
2025-03-07 09:45:51 - WARNING - Invalid pixel coordinate format in key: score
2025-03-07 09:45:51 - WARNING - Invalid pixel coordinate format in key: score
2025-03-07 09:45:51 - WARNING - Invalid pixel coordinate format in key: score
2025-03-07 09:45:51 - WARNING - Invalid pixel coordinate format in key: score
2025-03-07 09:45:51 - WARNING - Invalid pixel coordinate format in key: score
2025-03-07 09:45:51 - WARNING - Invalid pixel coordinate format in key: score
2025-03-07 09:45:51 - WARNING - Invalid pixel coordinate format in key: score
2025-03-07 09:45:51 - WARNING - Invalid pixel coordinate format in key: score
2025-03-07 09:45:51 - WARNING - Invalid pixel coordinate format in key: score
2025-03-07 09:45:51 - WARNING - Invalid pixel coordinate format in key: score
2025-03-07 09:45:51 - WARNING - Invalid pixel coordinate format in key: score
2025-03-07 09:45:51 - WARNING - Invalid pixel coordinate format in key: score
2025-03-07 09:45:51 - WARNING - Invalid pixel coordinate format in key: score
2025-03-07 09:45:51 - WARNING - Invalid pixel coordinate format in key: score
2025-03-07 09:45:51 - WARNING - Invalid pixel coordinate format in key: score
2025-03-07 09:45:51 - WARNING - Invalid pixel coordinate format in key: score
2025-03-07 09:45:51 - WARNING - Invalid pixel coordinate format in key: score
2025-03-07 09:45:51 - WARNING - Invalid pixel coordinate format in key: score
2025-03-07 09:45:51 - WARNING - Invalid pixel coordinate format in key: score
2025-03-07 09:45:51 - WARNING - Invalid pixel coordinate format in key: score
2025-03-07 09:45:51 - WARNING - Invalid pixel coordinate format in key: score
2025-03-07 09:45:51 - WARNING - Invalid pixel coordinate format in key: score
2025-03-07 09:45:51 - WARNING - Invalid pixel coordinate format in key: score
2025-03-07 09:45:51 - WARNING - Invalid pixel coordinate format in key: score
2025-03-07 09:45:51 - WARNING - Invalid pixel coordinate format in key: score
2025-03-07 09:45:51 - WARNING - Invalid pixel coordinate format in key: score
2025-03-07 09:45:51 - WARNING - Invalid pixel coordinate format in key: score
2025-03-07 09:45:51 - WARNING - Invalid pixel coordinate format in key: score
2025-03-07 09:45:51 - WARNING - Invalid pixel coordinate format in key: score
2025-03-07 09:45:51 - WARNING - Invalid pixel coordinate format in key: score
2025-03-07 09:45:51 - WARNING - Invalid pixel coordinate format in key: score
2025-03-07 09:45:51 - WARNING - Invalid pixel coordinate format in key: score
2025-03-07 09:45:51 - WARNING - Invalid pixel coordinate format in key: score
2025-03-07 09:45:51 - WARNING - Invalid pixel coordinate format in key: score
2025-03-07 09:45:51 - WARNING - Invalid pixel coordinate format in key: score
2025-03-07 09:45:51 - WARNING - Invalid pixel coordinate format in key: score
2025-03-07 09:45:51 - WARNING - Invalid pixel coordinate format in key: score
2025-03-07 09:45:51 - WARNING - Invalid pixel coordinate format in key: score
2025-03-07 09:45:51 - WARNING - Invalid pixel coordinate format in key: score
2025-03-07 09:45:51 - WARNING - Invalid pixel coordinate format in key: score
2025-03-07 09:45:51 - WARNING - Invalid pixel coordinate format in key: score
2025-03-07 09:45:51 - WARNING - Invalid pixel coordinate format in key: score
2025-03-07 09:45:51 - WARNING - Invalid pixel coordinate format in key: score
2025-03-07 09:45:51 - WARNING - Invalid pixel coordinate format in key: score
2025-03-07 09:45:51 - WARNING - Invalid pixel coordinate format in key: score
2025-03-07 09:45:51 - WARNING - Invalid pixel coordinate format in key: score
2025-03-07 09:45:51 - WARNING - Invalid pixel coordinate format in key: score
2025-03-07 09:45:51 - WARNING - Invalid pixel coordinate format in key: score
2025-03-07 09:45:51 - WARNING - Invalid pixel coordinate format in key: score
2025-03-07 09:45:51 - WARNING - Invalid pixel coordinate format in key: score
2025-03-07 09:45:51 - WARNING - Invalid pixel coordinate format in key: score
2025-03-07 09:45:51 - WARNING - Invalid pixel coordinate format in key: score
2025-03-07 09:45:51 - WARNING - Invalid pixel coordinate format in key: score
2025-03-07 09:45:51 - WARNING - Invalid pixel coordinate format in key: score
2025-03-07 09:45:51 - WARNING - Invalid pixel coordinate format in key: score
2025-03-07 09:45:51 - WARNING - Invalid pixel coordinate format in key: score
2025-03-07 09:45:51 - WARNING - Invalid pixel coordinate format in key: score
2025-03-07 09:45:51 - WARNING - Invalid pixel coordinate format in key: score
2025-03-07 09:45:51 - WARNING - Invalid pixel coordinate format in key: score
2025-03-07 09:45:51 - WARNING - Invalid pixel coordinate format in key: score
2025-03-07 09:45:51 - WARNING - Invalid pixel coordinate format in key: score
2025-03-07 09:45:51 - WARNING - Invalid pixel coordinate format in key: score
2025-03-07 09:45:51 - WARNING - Invalid pixel coordinate format in key: score
2025-03-07 09:45:51 - WARNING - Invalid pixel coordinate format in key: score
2025-03-07 09:45:51 - WARNING - Invalid pixel coordinate format in key: score
2025-03-07 09:45:51 - WARNING - Invalid pixel coordinate format in key: score
2025-03-07 09:45:51 - WARNING - Invalid pixel coordinate format in key: score
2025-03-07 09:45:51 - WARNING - Invalid pixel coordinate format in key: score
2025-03-07 09:45:51 - INFO - No metadata extracted from valid files.
2025-03-07 09:45:51 - INFO - Drone metadata is empty or not available.
2025-03-07 09:45:52 - INFO - OGM metadata successfully saved to estimated_OGM/occupancy_grid_map_Flood_Objects.json
2025-03-07 09:45:52 - INFO - Filtered GeoJSON successfully saved to estimated_OGM/occupancy_grid_map_Flood_Objects_filtered.json
2025-03-07 09:45:52 - INFO - Converting GeoJSON to GeoTIFF at estimated_OGM/occupancy_grid_map_Flood_Objects_filtered.tif
2025-03-07 09:45:52 - ERROR - Value error during GeoTIFF conversion: GeoJSON file contains no features. Cannot generate raster.
2025-03-07 09:45:52 - INFO - No SinglePostResult files found. Skipping this step.
2025-03-07 09:45:52 - INFO - Processing notification: PersonVehicleDetection
2025-03-07 09:45:52 - INFO - Files written successfully: downloads/drone_imgs/Flood/DJI_20211023132110_0084_W_objects_metadata.json, downloads/drone_imgs/Flood/DJI_20211023132110_0084_W_obj.json
2025-03-07 09:45:53 - INFO - Geo-referencing is done correctly for person and vehicles.
2025-03-07 09:45:53 - INFO - Setting event for non-Alert entity
2025-03-07 09:45:53 - INFO - initialize_processing() is already running, skipping.
2025-03-07 09:45:53 - INFO - 127.0.0.1 - - [07/Mar/2025 09:45:53] "POST /pdm05/notify?subscriptionId=urn:ngsi-ld:tema:subscription:USE:PDM05:007 HTTP/1.1" 200 -
2025-03-07 09:45:53 - INFO - ROI data -> [[[6.996817, 50.521793], [6.98238, 50.517756], [6.976085, 50.513527], [6.980425, 50.50647], [6.995879, 50.511398], [6.996817, 50.521793]]]
2025-03-07 09:45:53 - INFO - ogm_gt_ (6.976085, 9.013913043478152e-05, 0.0, 50.521793, 0.0, -9.013529411765997e-05)
2025-03-07 09:45:53 - INFO - observe_gt_drone None
2025-03-07 09:45:53 - INFO - Drone measurements are not available: unsupported operand type(s) for /: 'NoneType' and 'int'
2025-03-07 09:45:53 - INFO - Sat measurements are not available object of type 'NoneType' has no len()
2025-03-07 09:45:53 - INFO - GeoTIFF saved successfully at estimated_OGM/occupancy_grid_map_Flood.tif
2025-03-07 09:45:53 - INFO - urn:ngsi-ld:USE:PDM-05:Maps4Flood:01
2025-03-07 09:45:53 - INFO - Metadata {'title': 'OGM', 'author': 'GRVC lab, University of Seville', 'description': 'Estimated OGM for Fire.', 'creationDate': '2025-03-07T09:45:53.236062', 'XMin': 6.976085, 'XRes': 9.013913043478152e-05, 'YMax': 50.521793, 'YRes': -9.013529411765997e-05, 'spatialReference': 'EPSG:4326', 'file_name': 'occupancy_grid_map_Flood.tif', 'coordinates': [[[6.996817, 50.521793], [6.98238, 50.517756], [6.976085, 50.513527], [6.980425, 50.50647], [6.995879, 50.511398], [6.996817, 50.521793]]], 'bucket': 'naples', 'minio_url': 'https://storage.tema.digital-enabler.eng.it:443/naples/occupancy_grid_mapFlood.tif'}
2025-03-07 09:45:53 - INFO - inside process_and_upload_ogm entity_id ---> urn:ngsi-ld:USE:PDM-05:Maps4Flood:01
2025-03-07 09:45:53 - INFO - Object name occupancy_grid_map_Flood.tif
2025-03-07 09:45:53 - INFO - Object Name in for uploading occupancy_grid_map_Flood.tif
2025-03-07 09:45:53 - INFO - File path in for uploading estimated_OGM/occupancy_grid_map_Flood.tif
2025-03-07 09:45:53 - INFO - File uploaded successfully.
2025-03-07 09:45:53 - INFO - File 'estimated_OGM/occupancy_grid_map_Flood.tif' uploaded to bucket 'naples' successfully.
2025-03-07 09:45:53 - INFO - Entity urn:ngsi-ld:USE:PDM-05:Maps4Flood:01 updated successfully.
2025-03-07 09:45:53 - INFO - Payload published successfully for entity: urn:ngsi-ld:USE:PDM-05:Maps4Flood:01
2025-03-07 09:45:53 - INFO - Checking for existing geo dict: estimated_OGM/occupancy_grid_map_Flood_Objects.json
2025-03-07 09:45:53 - INFO - Using existing geo dict.
2025-03-07 09:45:53 - INFO - Processing notification: PersonVehicleDetection
2025-03-07 09:45:53 - WARNING - Invalid pixel coordinate format in key: score
2025-03-07 09:45:53 - WARNING - Invalid pixel coordinate format in key: score
2025-03-07 09:45:53 - WARNING - Invalid pixel coordinate format in key: score
2025-03-07 09:45:53 - WARNING - Invalid pixel coordinate format in key: score
2025-03-07 09:45:53 - WARNING - Invalid pixel coordinate format in key: score
2025-03-07 09:45:53 - WARNING - Invalid pixel coordinate format in key: score
2025-03-07 09:45:53 - WARNING - Invalid pixel coordinate format in key: score
2025-03-07 09:45:53 - WARNING - Invalid pixel coordinate format in key: score
2025-03-07 09:45:53 - WARNING - Invalid pixel coordinate format in key: score
2025-03-07 09:45:53 - WARNING - Invalid pixel coordinate format in key: score
2025-03-07 09:45:53 - WARNING - Invalid pixel coordinate format in key: score
2025-03-07 09:45:53 - WARNING - Invalid pixel coordinate format in key: score
2025-03-07 09:45:53 - WARNING - Invalid pixel coordinate format in key: score
2025-03-07 09:45:53 - WARNING - Invalid pixel coordinate format in key: score
2025-03-07 09:45:53 - WARNING - Invalid pixel coordinate format in key: score
2025-03-07 09:45:53 - WARNING - Invalid pixel coordinate format in key: score
2025-03-07 09:45:53 - WARNING - Invalid pixel coordinate format in key: score
2025-03-07 09:45:53 - WARNING - Invalid pixel coordinate format in key: score
2025-03-07 09:45:53 - WARNING - Invalid pixel coordinate format in key: score
2025-03-07 09:45:53 - INFO - Files written successfully: downloads/drone_imgs/Flood/DJI_20211023132112_0085_W_objects_metadata.json, downloads/drone_imgs/Flood/DJI_20211023132112_0085_W_obj.json
2025-03-07 09:45:53 - WARNING - Invalid pixel coordinate format in key: score
2025-03-07 09:45:53 - WARNING - Invalid pixel coordinate format in key: score
2025-03-07 09:45:53 - WARNING - Invalid pixel coordinate format in key: score
2025-03-07 09:45:53 - WARNING - Invalid pixel coordinate format in key: score
2025-03-07 09:45:53 - WARNING - Invalid pixel coordinate format in key: score
2025-03-07 09:45:53 - WARNING - Invalid pixel coordinate format in key: score
2025-03-07 09:45:53 - WARNING - Invalid pixel coordinate format in key: score
2025-03-07 09:45:53 - WARNING - Invalid pixel coordinate format in key: score
2025-03-07 09:45:53 - WARNING - Invalid pixel coordinate format in key: score
2025-03-07 09:45:53 - WARNING - Invalid pixel coordinate format in key: score
2025-03-07 09:45:53 - WARNING - Invalid pixel coordinate format in key: score
2025-03-07 09:45:53 - WARNING - Invalid pixel coordinate format in key: score
2025-03-07 09:45:53 - WARNING - Invalid pixel coordinate format in key: score
2025-03-07 09:45:53 - WARNING - Invalid pixel coordinate format in key: score
2025-03-07 09:45:53 - WARNING - Invalid pixel coordinate format in key: score
2025-03-07 09:45:53 - WARNING - Invalid pixel coordinate format in key: score
2025-03-07 09:45:53 - WARNING - Invalid pixel coordinate format in key: score
2025-03-07 09:45:53 - WARNING - Invalid pixel coordinate format in key: score
2025-03-07 09:45:53 - WARNING - Invalid pixel coordinate format in key: score
2025-03-07 09:45:53 - WARNING - Invalid pixel coordinate format in key: score
2025-03-07 09:45:53 - WARNING - Invalid pixel coordinate format in key: score
2025-03-07 09:45:53 - WARNING - Invalid pixel coordinate format in key: score
2025-03-07 09:45:53 - WARNING - Invalid pixel coordinate format in key: score
2025-03-07 09:45:53 - WARNING - Invalid pixel coordinate format in key: score
2025-03-07 09:45:53 - WARNING - Invalid pixel coordinate format in key: score
2025-03-07 09:45:53 - WARNING - Invalid pixel coordinate format in key: score
2025-03-07 09:45:53 - WARNING - Invalid pixel coordinate format in key: score
2025-03-07 09:45:53 - WARNING - Invalid pixel coordinate format in key: score
2025-03-07 09:45:53 - WARNING - Invalid pixel coordinate format in key: score
2025-03-07 09:45:53 - WARNING - Invalid pixel coordinate format in key: score
2025-03-07 09:45:53 - WARNING - Invalid pixel coordinate format in key: score
2025-03-07 09:45:53 - WARNING - Invalid pixel coordinate format in key: score
2025-03-07 09:45:53 - WARNING - Invalid pixel coordinate format in key: score
2025-03-07 09:45:53 - WARNING - Invalid pixel coordinate format in key: score
2025-03-07 09:45:53 - WARNING - Invalid pixel coordinate format in key: score
2025-03-07 09:45:53 - WARNING - Invalid pixel coordinate format in key: score
2025-03-07 09:45:53 - WARNING - Invalid pixel coordinate format in key: score
2025-03-07 09:45:53 - WARNING - Invalid pixel coordinate format in key: score
2025-03-07 09:45:53 - WARNING - Invalid pixel coordinate format in key: score
2025-03-07 09:45:53 - WARNING - Invalid pixel coordinate format in key: score
2025-03-07 09:45:53 - WARNING - Invalid pixel coordinate format in key: score
2025-03-07 09:45:53 - WARNING - Invalid pixel coordinate format in key: score
2025-03-07 09:45:53 - WARNING - Invalid pixel coordinate format in key: score
2025-03-07 09:45:53 - WARNING - Invalid pixel coordinate format in key: score
2025-03-07 09:45:53 - WARNING - Invalid pixel coordinate format in key: score
2025-03-07 09:45:53 - WARNING - Invalid pixel coordinate format in key: score
2025-03-07 09:45:53 - WARNING - Invalid pixel coordinate format in key: score
2025-03-07 09:45:53 - WARNING - Invalid pixel coordinate format in key: score
2025-03-07 09:45:53 - WARNING - Invalid pixel coordinate format in key: score
2025-03-07 09:45:53 - WARNING - Invalid pixel coordinate format in key: score
2025-03-07 09:45:53 - WARNING - Invalid pixel coordinate format in key: score
2025-03-07 09:45:53 - WARNING - Invalid pixel coordinate format in key: score
2025-03-07 09:45:53 - WARNING - Invalid pixel coordinate format in key: score
2025-03-07 09:45:53 - WARNING - Invalid pixel coordinate format in key: score
2025-03-07 09:45:53 - WARNING - Invalid pixel coordinate format in key: score
2025-03-07 09:45:53 - WARNING - Invalid pixel coordinate format in key: score
2025-03-07 09:45:53 - WARNING - Invalid pixel coordinate format in key: score
2025-03-07 09:45:53 - WARNING - Invalid pixel coordinate format in key: score
2025-03-07 09:45:53 - WARNING - Invalid pixel coordinate format in key: score
2025-03-07 09:45:53 - WARNING - Invalid pixel coordinate format in key: score
2025-03-07 09:45:53 - WARNING - Invalid pixel coordinate format in key: score
2025-03-07 09:45:53 - WARNING - Invalid pixel coordinate format in key: score
2025-03-07 09:45:53 - WARNING - Invalid pixel coordinate format in key: score
2025-03-07 09:45:53 - WARNING - Invalid pixel coordinate format in key: score
2025-03-07 09:45:53 - WARNING - Invalid pixel coordinate format in key: score
2025-03-07 09:45:53 - WARNING - Invalid pixel coordinate format in key: score
2025-03-07 09:45:53 - WARNING - Invalid pixel coordinate format in key: score
2025-03-07 09:45:53 - WARNING - Invalid pixel coordinate format in key: score
2025-03-07 09:45:53 - WARNING - Invalid pixel coordinate format in key: score
2025-03-07 09:45:53 - WARNING - Invalid pixel coordinate format in key: score
2025-03-07 09:45:53 - WARNING - Invalid pixel coordinate format in key: score
2025-03-07 09:45:53 - WARNING - Invalid pixel coordinate format in key: score
2025-03-07 09:45:53 - WARNING - Invalid pixel coordinate format in key: score
2025-03-07 09:45:53 - WARNING - Invalid pixel coordinate format in key: score
2025-03-07 09:45:53 - WARNING - Invalid pixel coordinate format in key: score
2025-03-07 09:45:53 - WARNING - Invalid pixel coordinate format in key: score
2025-03-07 09:45:53 - WARNING - Invalid pixel coordinate format in key: score
2025-03-07 09:45:53 - WARNING - Invalid pixel coordinate format in key: score
2025-03-07 09:45:53 - WARNING - Invalid pixel coordinate format in key: score
2025-03-07 09:45:53 - WARNING - Invalid pixel coordinate format in key: score
2025-03-07 09:45:53 - WARNING - Invalid pixel coordinate format in key: score
2025-03-07 09:45:53 - WARNING - Invalid pixel coordinate format in key: score
2025-03-07 09:45:53 - WARNING - Invalid pixel coordinate format in key: score
2025-03-07 09:45:53 - WARNING - Invalid pixel coordinate format in key: score
2025-03-07 09:45:53 - WARNING - Invalid pixel coordinate format in key: score
2025-03-07 09:45:53 - WARNING - Invalid pixel coordinate format in key: score
2025-03-07 09:45:53 - WARNING - Invalid pixel coordinate format in key: score
2025-03-07 09:45:53 - WARNING - Invalid pixel coordinate format in key: score
2025-03-07 09:45:53 - WARNING - Invalid pixel coordinate format in key: score
2025-03-07 09:45:53 - WARNING - Invalid pixel coordinate format in key: score
2025-03-07 09:45:53 - WARNING - Invalid pixel coordinate format in key: score
2025-03-07 09:45:53 - WARNING - Invalid pixel coordinate format in key: score
2025-03-07 09:45:53 - WARNING - Invalid pixel coordinate format in key: score
2025-03-07 09:45:53 - WARNING - Invalid pixel coordinate format in key: score
2025-03-07 09:45:53 - WARNING - Invalid pixel coordinate format in key: score
2025-03-07 09:45:53 - WARNING - Invalid pixel coordinate format in key: score
2025-03-07 09:45:53 - WARNING - Invalid pixel coordinate format in key: score
2025-03-07 09:45:53 - WARNING - Invalid pixel coordinate format in key: score
2025-03-07 09:45:53 - WARNING - Invalid pixel coordinate format in key: score
2025-03-07 09:45:53 - WARNING - Invalid pixel coordinate format in key: score
2025-03-07 09:45:53 - WARNING - Invalid pixel coordinate format in key: score
2025-03-07 09:45:53 - WARNING - Invalid pixel coordinate format in key: score
2025-03-07 09:45:53 - WARNING - Invalid pixel coordinate format in key: score
2025-03-07 09:45:53 - WARNING - Invalid pixel coordinate format in key: score
2025-03-07 09:45:53 - WARNING - Invalid pixel coordinate format in key: score
2025-03-07 09:45:53 - WARNING - Invalid pixel coordinate format in key: score
2025-03-07 09:45:53 - WARNING - Invalid pixel coordinate format in key: score
2025-03-07 09:45:53 - WARNING - Invalid pixel coordinate format in key: score
2025-03-07 09:45:53 - WARNING - Invalid pixel coordinate format in key: score
2025-03-07 09:45:53 - WARNING - Invalid pixel coordinate format in key: score
2025-03-07 09:45:53 - WARNING - Invalid pixel coordinate format in key: score
2025-03-07 09:45:53 - WARNING - Invalid pixel coordinate format in key: score
2025-03-07 09:45:53 - WARNING - Invalid pixel coordinate format in key: score
2025-03-07 09:45:53 - WARNING - Invalid pixel coordinate format in key: score
2025-03-07 09:45:53 - WARNING - Invalid pixel coordinate format in key: score
2025-03-07 09:45:53 - WARNING - Invalid pixel coordinate format in key: score
2025-03-07 09:45:53 - WARNING - Invalid pixel coordinate format in key: score
2025-03-07 09:45:53 - WARNING - Invalid pixel coordinate format in key: score
2025-03-07 09:45:53 - WARNING - Invalid pixel coordinate format in key: score
2025-03-07 09:45:53 - WARNING - Invalid pixel coordinate format in key: score
2025-03-07 09:45:53 - WARNING - Invalid pixel coordinate format in key: score
2025-03-07 09:45:53 - WARNING - Invalid pixel coordinate format in key: score
2025-03-07 09:45:53 - WARNING - Invalid pixel coordinate format in key: score
2025-03-07 09:45:53 - WARNING - Invalid pixel coordinate format in key: score
2025-03-07 09:45:53 - WARNING - Invalid pixel coordinate format in key: score
2025-03-07 09:45:53 - WARNING - Invalid pixel coordinate format in key: score
2025-03-07 09:45:53 - WARNING - Invalid pixel coordinate format in key: score
2025-03-07 09:45:53 - WARNING - Invalid pixel coordinate format in key: score
2025-03-07 09:45:53 - WARNING - Invalid pixel coordinate format in key: score
2025-03-07 09:45:53 - WARNING - Invalid pixel coordinate format in key: score
2025-03-07 09:45:53 - WARNING - Invalid pixel coordinate format in key: score
2025-03-07 09:45:53 - WARNING - Invalid pixel coordinate format in key: score
2025-03-07 09:45:53 - WARNING - Invalid pixel coordinate format in key: score
2025-03-07 09:45:53 - WARNING - Invalid pixel coordinate format in key: score
2025-03-07 09:45:53 - WARNING - Invalid pixel coordinate format in key: score
2025-03-07 09:45:53 - WARNING - Invalid pixel coordinate format in key: score
2025-03-07 09:45:53 - WARNING - Invalid pixel coordinate format in key: score
2025-03-07 09:45:53 - WARNING - Invalid pixel coordinate format in key: score
2025-03-07 09:45:53 - WARNING - Invalid pixel coordinate format in key: score
2025-03-07 09:45:53 - WARNING - Invalid pixel coordinate format in key: score
2025-03-07 09:45:53 - WARNING - Invalid pixel coordinate format in key: score
2025-03-07 09:45:53 - WARNING - Invalid pixel coordinate format in key: score
2025-03-07 09:45:53 - WARNING - Invalid pixel coordinate format in key: score
2025-03-07 09:45:53 - WARNING - Invalid pixel coordinate format in key: score
2025-03-07 09:45:53 - WARNING - Invalid pixel coordinate format in key: score
2025-03-07 09:45:53 - WARNING - Invalid pixel coordinate format in key: score
2025-03-07 09:45:53 - WARNING - Invalid pixel coordinate format in key: score
2025-03-07 09:45:53 - WARNING - Invalid pixel coordinate format in key: score
2025-03-07 09:45:53 - WARNING - Invalid pixel coordinate format in key: score
2025-03-07 09:45:53 - WARNING - Invalid pixel coordinate format in key: score
2025-03-07 09:45:53 - WARNING - Invalid pixel coordinate format in key: score
2025-03-07 09:45:53 - WARNING - Invalid pixel coordinate format in key: score
2025-03-07 09:45:53 - WARNING - Invalid pixel coordinate format in key: score
2025-03-07 09:45:53 - WARNING - Invalid pixel coordinate format in key: score
2025-03-07 09:45:53 - WARNING - Invalid pixel coordinate format in key: score
2025-03-07 09:45:53 - WARNING - Invalid pixel coordinate format in key: score
2025-03-07 09:45:53 - WARNING - Invalid pixel coordinate format in key: score
2025-03-07 09:45:53 - WARNING - Invalid pixel coordinate format in key: score
2025-03-07 09:45:53 - WARNING - Invalid pixel coordinate format in key: score
2025-03-07 09:45:53 - WARNING - Invalid pixel coordinate format in key: score
2025-03-07 09:45:53 - WARNING - Invalid pixel coordinate format in key: score
2025-03-07 09:45:53 - WARNING - Invalid pixel coordinate format in key: score
2025-03-07 09:45:53 - WARNING - Invalid pixel coordinate format in key: score
2025-03-07 09:45:53 - WARNING - Invalid pixel coordinate format in key: score
2025-03-07 09:45:53 - WARNING - Invalid pixel coordinate format in key: score
2025-03-07 09:45:53 - WARNING - Invalid pixel coordinate format in key: score
2025-03-07 09:45:53 - WARNING - Invalid pixel coordinate format in key: score
2025-03-07 09:45:53 - WARNING - Invalid pixel coordinate format in key: score
2025-03-07 09:45:53 - WARNING - Invalid pixel coordinate format in key: score
2025-03-07 09:45:53 - WARNING - Invalid pixel coordinate format in key: score
2025-03-07 09:45:53 - WARNING - Invalid pixel coordinate format in key: score
2025-03-07 09:45:53 - WARNING - Invalid pixel coordinate format in key: score
2025-03-07 09:45:53 - WARNING - Invalid pixel coordinate format in key: score
2025-03-07 09:45:53 - WARNING - Invalid pixel coordinate format in key: score
2025-03-07 09:45:53 - WARNING - Invalid pixel coordinate format in key: score
2025-03-07 09:45:53 - WARNING - Invalid pixel coordinate format in key: score
2025-03-07 09:45:53 - WARNING - Invalid pixel coordinate format in key: score
2025-03-07 09:45:53 - WARNING - Invalid pixel coordinate format in key: score
2025-03-07 09:45:53 - WARNING - Invalid pixel coordinate format in key: score
2025-03-07 09:45:53 - WARNING - Invalid pixel coordinate format in key: score
2025-03-07 09:45:53 - WARNING - Invalid pixel coordinate format in key: score
2025-03-07 09:45:53 - WARNING - Invalid pixel coordinate format in key: score
2025-03-07 09:45:53 - WARNING - Invalid pixel coordinate format in key: score
2025-03-07 09:45:53 - WARNING - Invalid pixel coordinate format in key: score
2025-03-07 09:45:53 - WARNING - Invalid pixel coordinate format in key: score
2025-03-07 09:45:53 - WARNING - Invalid pixel coordinate format in key: score
2025-03-07 09:45:53 - WARNING - Invalid pixel coordinate format in key: score
2025-03-07 09:45:53 - WARNING - Invalid pixel coordinate format in key: score
2025-03-07 09:45:53 - WARNING - Invalid pixel coordinate format in key: score
2025-03-07 09:45:53 - WARNING - Invalid pixel coordinate format in key: score
2025-03-07 09:45:53 - WARNING - Invalid pixel coordinate format in key: score
2025-03-07 09:45:53 - WARNING - Invalid pixel coordinate format in key: score
2025-03-07 09:45:53 - WARNING - Invalid pixel coordinate format in key: score
2025-03-07 09:45:53 - WARNING - Invalid pixel coordinate format in key: score
2025-03-07 09:45:53 - WARNING - Invalid pixel coordinate format in key: score
2025-03-07 09:45:53 - WARNING - Invalid pixel coordinate format in key: score
2025-03-07 09:45:53 - WARNING - Invalid pixel coordinate format in key: score
2025-03-07 09:45:53 - INFO - No metadata extracted from valid files.
2025-03-07 09:45:53 - INFO - Drone metadata is empty or not available.
2025-03-07 09:45:54 - INFO - OGM metadata successfully saved to estimated_OGM/occupancy_grid_map_Flood_Objects.json
2025-03-07 09:45:54 - INFO - Filtered GeoJSON successfully saved to estimated_OGM/occupancy_grid_map_Flood_Objects_filtered.json
2025-03-07 09:45:54 - INFO - Converting GeoJSON to GeoTIFF at estimated_OGM/occupancy_grid_map_Flood_Objects_filtered.tif
2025-03-07 09:45:54 - ERROR - Value error during GeoTIFF conversion: GeoJSON file contains no features. Cannot generate raster.
2025-03-07 09:45:54 - INFO - No SinglePostResult files found. Skipping this step.
2025-03-07 09:45:54 - INFO - Geo-referencing is done correctly for person and vehicles.
2025-03-07 09:45:54 - INFO - Setting event for non-Alert entity
2025-03-07 09:45:54 - INFO - initialize_processing() is already running, skipping.
2025-03-07 09:45:54 - INFO - 127.0.0.1 - - [07/Mar/2025 09:45:54] "POST /pdm05/notify?subscriptionId=urn:ngsi-ld:tema:subscription:USE:PDM05:007 HTTP/1.1" 200 -
2025-03-07 09:45:54 - INFO - ROI data -> [[[6.996817, 50.521793], [6.98238, 50.517756], [6.976085, 50.513527], [6.980425, 50.50647], [6.995879, 50.511398], [6.996817, 50.521793]]]
2025-03-07 09:45:54 - INFO - ogm_gt_ (6.976085, 9.013913043478152e-05, 0.0, 50.521793, 0.0, -9.013529411765997e-05)
2025-03-07 09:45:54 - INFO - observe_gt_drone None
2025-03-07 09:45:54 - INFO - Drone measurements are not available: unsupported operand type(s) for /: 'NoneType' and 'int'
2025-03-07 09:45:54 - INFO - Sat measurements are not available object of type 'NoneType' has no len()
2025-03-07 09:45:54 - INFO - GeoTIFF saved successfully at estimated_OGM/occupancy_grid_map_Flood.tif
2025-03-07 09:45:54 - INFO - urn:ngsi-ld:USE:PDM-05:Maps4Flood:01
2025-03-07 09:45:54 - INFO - Metadata {'title': 'OGM', 'author': 'GRVC lab, University of Seville', 'description': 'Estimated OGM for Fire.', 'creationDate': '2025-03-07T09:45:54.978785', 'XMin': 6.976085, 'XRes': 9.013913043478152e-05, 'YMax': 50.521793, 'YRes': -9.013529411765997e-05, 'spatialReference': 'EPSG:4326', 'file_name': 'occupancy_grid_map_Flood.tif', 'coordinates': [[[6.996817, 50.521793], [6.98238, 50.517756], [6.976085, 50.513527], [6.980425, 50.50647], [6.995879, 50.511398], [6.996817, 50.521793]]], 'bucket': 'naples', 'minio_url': 'https://storage.tema.digital-enabler.eng.it:443/naples/occupancy_grid_mapFlood.tif'}
2025-03-07 09:45:54 - INFO - inside process_and_upload_ogm entity_id ---> urn:ngsi-ld:USE:PDM-05:Maps4Flood:01
2025-03-07 09:45:54 - INFO - Object name occupancy_grid_map_Flood.tif
2025-03-07 09:45:55 - INFO - Object Name in for uploading occupancy_grid_map_Flood.tif
2025-03-07 09:45:55 - INFO - File path in for uploading estimated_OGM/occupancy_grid_map_Flood.tif
2025-03-07 09:45:55 - INFO - File uploaded successfully.
2025-03-07 09:45:55 - INFO - File 'estimated_OGM/occupancy_grid_map_Flood.tif' uploaded to bucket 'naples' successfully.
2025-03-07 09:45:55 - INFO - Processing notification: PersonVehicleDetection
2025-03-07 09:45:55 - INFO - Files written successfully: downloads/drone_imgs/Flood/DJI_20211023132115_0086_W_objects_metadata.json, downloads/drone_imgs/Flood/DJI_20211023132115_0086_W_obj.json
2025-03-07 09:45:55 - INFO - Entity urn:ngsi-ld:USE:PDM-05:Maps4Flood:01 updated successfully.
2025-03-07 09:45:55 - INFO - Payload published successfully for entity: urn:ngsi-ld:USE:PDM-05:Maps4Flood:01
2025-03-07 09:45:55 - INFO - Checking for existing geo dict: estimated_OGM/occupancy_grid_map_Flood_Objects.json
2025-03-07 09:45:55 - INFO - Using existing geo dict.
2025-03-07 09:45:55 - WARNING - Invalid pixel coordinate format in key: score
2025-03-07 09:45:55 - WARNING - Invalid pixel coordinate format in key: score
2025-03-07 09:45:55 - WARNING - Invalid pixel coordinate format in key: score
2025-03-07 09:45:55 - WARNING - Invalid pixel coordinate format in key: score
2025-03-07 09:45:55 - WARNING - Invalid pixel coordinate format in key: score
2025-03-07 09:45:55 - WARNING - Invalid pixel coordinate format in key: score
2025-03-07 09:45:55 - WARNING - Invalid pixel coordinate format in key: score
2025-03-07 09:45:55 - WARNING - Invalid pixel coordinate format in key: score
2025-03-07 09:45:55 - WARNING - Invalid pixel coordinate format in key: score
2025-03-07 09:45:55 - WARNING - Invalid pixel coordinate format in key: score
2025-03-07 09:45:55 - WARNING - Invalid pixel coordinate format in key: score
2025-03-07 09:45:55 - WARNING - Invalid pixel coordinate format in key: score
2025-03-07 09:45:55 - WARNING - Invalid pixel coordinate format in key: score
2025-03-07 09:45:55 - WARNING - Invalid pixel coordinate format in key: score
2025-03-07 09:45:55 - WARNING - Invalid pixel coordinate format in key: score
2025-03-07 09:45:55 - WARNING - Invalid pixel coordinate format in key: score
2025-03-07 09:45:55 - WARNING - Invalid pixel coordinate format in key: score
2025-03-07 09:45:55 - WARNING - Invalid pixel coordinate format in key: score
2025-03-07 09:45:55 - WARNING - Invalid pixel coordinate format in key: score
2025-03-07 09:45:55 - WARNING - Invalid pixel coordinate format in key: score
2025-03-07 09:45:55 - WARNING - Invalid pixel coordinate format in key: score
2025-03-07 09:45:55 - WARNING - Invalid pixel coordinate format in key: score
2025-03-07 09:45:55 - WARNING - Invalid pixel coordinate format in key: score
2025-03-07 09:45:55 - WARNING - Invalid pixel coordinate format in key: score
2025-03-07 09:45:55 - WARNING - Invalid pixel coordinate format in key: score
2025-03-07 09:45:55 - WARNING - Invalid pixel coordinate format in key: score
2025-03-07 09:45:55 - WARNING - Invalid pixel coordinate format in key: score
2025-03-07 09:45:55 - WARNING - Invalid pixel coordinate format in key: score
2025-03-07 09:45:55 - WARNING - Invalid pixel coordinate format in key: score
2025-03-07 09:45:55 - WARNING - Invalid pixel coordinate format in key: score
2025-03-07 09:45:55 - WARNING - Invalid pixel coordinate format in key: score
2025-03-07 09:45:55 - WARNING - Invalid pixel coordinate format in key: score
2025-03-07 09:45:55 - WARNING - Invalid pixel coordinate format in key: score
2025-03-07 09:45:55 - WARNING - Invalid pixel coordinate format in key: score
2025-03-07 09:45:55 - WARNING - Invalid pixel coordinate format in key: score
2025-03-07 09:45:55 - WARNING - Invalid pixel coordinate format in key: score
2025-03-07 09:45:55 - WARNING - Invalid pixel coordinate format in key: score
2025-03-07 09:45:55 - WARNING - Invalid pixel coordinate format in key: score
2025-03-07 09:45:55 - WARNING - Invalid pixel coordinate format in key: score
2025-03-07 09:45:55 - WARNING - Invalid pixel coordinate format in key: score
2025-03-07 09:45:55 - WARNING - Invalid pixel coordinate format in key: score
2025-03-07 09:45:55 - WARNING - Invalid pixel coordinate format in key: score
2025-03-07 09:45:55 - WARNING - Invalid pixel coordinate format in key: score
2025-03-07 09:45:55 - WARNING - Invalid pixel coordinate format in key: score
2025-03-07 09:45:55 - WARNING - Invalid pixel coordinate format in key: score
2025-03-07 09:45:55 - WARNING - Invalid pixel coordinate format in key: score
2025-03-07 09:45:55 - WARNING - Invalid pixel coordinate format in key: score
2025-03-07 09:45:55 - WARNING - Invalid pixel coordinate format in key: score
2025-03-07 09:45:55 - WARNING - Invalid pixel coordinate format in key: score
2025-03-07 09:45:55 - WARNING - Invalid pixel coordinate format in key: score
2025-03-07 09:45:55 - WARNING - Invalid pixel coordinate format in key: score
2025-03-07 09:45:55 - WARNING - Invalid pixel coordinate format in key: score
2025-03-07 09:45:55 - WARNING - Invalid pixel coordinate format in key: score
2025-03-07 09:45:55 - WARNING - Invalid pixel coordinate format in key: score
2025-03-07 09:45:55 - WARNING - Invalid pixel coordinate format in key: score
2025-03-07 09:45:55 - WARNING - Invalid pixel coordinate format in key: score
2025-03-07 09:45:55 - WARNING - Invalid pixel coordinate format in key: score
2025-03-07 09:45:55 - WARNING - Invalid pixel coordinate format in key: score
2025-03-07 09:45:55 - WARNING - Invalid pixel coordinate format in key: score
2025-03-07 09:45:55 - WARNING - Invalid pixel coordinate format in key: score
2025-03-07 09:45:55 - WARNING - Invalid pixel coordinate format in key: score
2025-03-07 09:45:55 - WARNING - Invalid pixel coordinate format in key: score
2025-03-07 09:45:55 - WARNING - Invalid pixel coordinate format in key: score
2025-03-07 09:45:55 - WARNING - Invalid pixel coordinate format in key: score
2025-03-07 09:45:55 - WARNING - Invalid pixel coordinate format in key: score
2025-03-07 09:45:55 - WARNING - Invalid pixel coordinate format in key: score
2025-03-07 09:45:55 - WARNING - Invalid pixel coordinate format in key: score
2025-03-07 09:45:55 - WARNING - Invalid pixel coordinate format in key: score
2025-03-07 09:45:55 - WARNING - Invalid pixel coordinate format in key: score
2025-03-07 09:45:55 - WARNING - Invalid pixel coordinate format in key: score
2025-03-07 09:45:55 - WARNING - Invalid pixel coordinate format in key: score
2025-03-07 09:45:55 - WARNING - Invalid pixel coordinate format in key: score
2025-03-07 09:45:55 - WARNING - Invalid pixel coordinate format in key: score
2025-03-07 09:45:55 - WARNING - Invalid pixel coordinate format in key: score
2025-03-07 09:45:55 - WARNING - Invalid pixel coordinate format in key: score
2025-03-07 09:45:55 - WARNING - Invalid pixel coordinate format in key: score
2025-03-07 09:45:55 - WARNING - Invalid pixel coordinate format in key: score
2025-03-07 09:45:55 - WARNING - Invalid pixel coordinate format in key: score
2025-03-07 09:45:55 - WARNING - Invalid pixel coordinate format in key: score
2025-03-07 09:45:55 - WARNING - Invalid pixel coordinate format in key: score
2025-03-07 09:45:55 - WARNING - Invalid pixel coordinate format in key: score
2025-03-07 09:45:55 - WARNING - Invalid pixel coordinate format in key: score
2025-03-07 09:45:55 - WARNING - Invalid pixel coordinate format in key: score
2025-03-07 09:45:55 - WARNING - Invalid pixel coordinate format in key: score
2025-03-07 09:45:55 - WARNING - Invalid pixel coordinate format in key: score
2025-03-07 09:45:55 - WARNING - Invalid pixel coordinate format in key: score
2025-03-07 09:45:55 - WARNING - Invalid pixel coordinate format in key: score
2025-03-07 09:45:55 - WARNING - Invalid pixel coordinate format in key: score
2025-03-07 09:45:55 - WARNING - Invalid pixel coordinate format in key: score
2025-03-07 09:45:55 - WARNING - Invalid pixel coordinate format in key: score
2025-03-07 09:45:55 - WARNING - Invalid pixel coordinate format in key: score
2025-03-07 09:45:55 - WARNING - Invalid pixel coordinate format in key: score
2025-03-07 09:45:55 - WARNING - Invalid pixel coordinate format in key: score
2025-03-07 09:45:55 - WARNING - Invalid pixel coordinate format in key: score
2025-03-07 09:45:55 - WARNING - Invalid pixel coordinate format in key: score
2025-03-07 09:45:55 - WARNING - Invalid pixel coordinate format in key: score
2025-03-07 09:45:55 - WARNING - Invalid pixel coordinate format in key: score
2025-03-07 09:45:55 - WARNING - Invalid pixel coordinate format in key: score
2025-03-07 09:45:55 - WARNING - Invalid pixel coordinate format in key: score
2025-03-07 09:45:55 - WARNING - Invalid pixel coordinate format in key: score
2025-03-07 09:45:55 - WARNING - Invalid pixel coordinate format in key: score
2025-03-07 09:45:55 - WARNING - Invalid pixel coordinate format in key: score
2025-03-07 09:45:55 - WARNING - Invalid pixel coordinate format in key: score
2025-03-07 09:45:55 - WARNING - Invalid pixel coordinate format in key: score
2025-03-07 09:45:55 - WARNING - Invalid pixel coordinate format in key: score
2025-03-07 09:45:55 - WARNING - Invalid pixel coordinate format in key: score
2025-03-07 09:45:55 - WARNING - Invalid pixel coordinate format in key: score
2025-03-07 09:45:55 - WARNING - Invalid pixel coordinate format in key: score
2025-03-07 09:45:55 - WARNING - Invalid pixel coordinate format in key: score
2025-03-07 09:45:55 - WARNING - Invalid pixel coordinate format in key: score
2025-03-07 09:45:55 - WARNING - Invalid pixel coordinate format in key: score
2025-03-07 09:45:55 - WARNING - Invalid pixel coordinate format in key: score
2025-03-07 09:45:55 - WARNING - Invalid pixel coordinate format in key: score
2025-03-07 09:45:55 - WARNING - Invalid pixel coordinate format in key: score
2025-03-07 09:45:55 - WARNING - Invalid pixel coordinate format in key: score
2025-03-07 09:45:55 - WARNING - Invalid pixel coordinate format in key: score
2025-03-07 09:45:55 - WARNING - Invalid pixel coordinate format in key: score
2025-03-07 09:45:55 - WARNING - Invalid pixel coordinate format in key: score
2025-03-07 09:45:55 - WARNING - Invalid pixel coordinate format in key: score
2025-03-07 09:45:55 - WARNING - Invalid pixel coordinate format in key: score
2025-03-07 09:45:55 - WARNING - Invalid pixel coordinate format in key: score
2025-03-07 09:45:55 - WARNING - Invalid pixel coordinate format in key: score
2025-03-07 09:45:55 - WARNING - Invalid pixel coordinate format in key: score
2025-03-07 09:45:55 - WARNING - Invalid pixel coordinate format in key: score
2025-03-07 09:45:55 - WARNING - Invalid pixel coordinate format in key: score
2025-03-07 09:45:55 - WARNING - Invalid pixel coordinate format in key: score
2025-03-07 09:45:55 - WARNING - Invalid pixel coordinate format in key: score
2025-03-07 09:45:55 - WARNING - Invalid pixel coordinate format in key: score
2025-03-07 09:45:55 - WARNING - Invalid pixel coordinate format in key: score
2025-03-07 09:45:55 - WARNING - Invalid pixel coordinate format in key: score
2025-03-07 09:45:55 - WARNING - Invalid pixel coordinate format in key: score
2025-03-07 09:45:55 - WARNING - Invalid pixel coordinate format in key: score
2025-03-07 09:45:55 - WARNING - Invalid pixel coordinate format in key: score
2025-03-07 09:45:55 - WARNING - Invalid pixel coordinate format in key: score
2025-03-07 09:45:55 - WARNING - Invalid pixel coordinate format in key: score
2025-03-07 09:45:55 - WARNING - Invalid pixel coordinate format in key: score
2025-03-07 09:45:55 - WARNING - Invalid pixel coordinate format in key: score
2025-03-07 09:45:55 - WARNING - Invalid pixel coordinate format in key: score
2025-03-07 09:45:55 - WARNING - Invalid pixel coordinate format in key: score
2025-03-07 09:45:55 - WARNING - Invalid pixel coordinate format in key: score
2025-03-07 09:45:55 - WARNING - Invalid pixel coordinate format in key: score
2025-03-07 09:45:55 - WARNING - Invalid pixel coordinate format in key: score
2025-03-07 09:45:55 - WARNING - Invalid pixel coordinate format in key: score
2025-03-07 09:45:55 - WARNING - Invalid pixel coordinate format in key: score
2025-03-07 09:45:55 - WARNING - Invalid pixel coordinate format in key: score
2025-03-07 09:45:55 - WARNING - Invalid pixel coordinate format in key: score
2025-03-07 09:45:55 - WARNING - Invalid pixel coordinate format in key: score
2025-03-07 09:45:55 - WARNING - Invalid pixel coordinate format in key: score
2025-03-07 09:45:55 - WARNING - Invalid pixel coordinate format in key: score
2025-03-07 09:45:55 - WARNING - Invalid pixel coordinate format in key: score
2025-03-07 09:45:55 - WARNING - Invalid pixel coordinate format in key: score
2025-03-07 09:45:55 - WARNING - Invalid pixel coordinate format in key: score
2025-03-07 09:45:55 - WARNING - Invalid pixel coordinate format in key: score
2025-03-07 09:45:55 - WARNING - Invalid pixel coordinate format in key: score
2025-03-07 09:45:55 - WARNING - Invalid pixel coordinate format in key: score
2025-03-07 09:45:55 - WARNING - Invalid pixel coordinate format in key: score
2025-03-07 09:45:55 - WARNING - Invalid pixel coordinate format in key: score
2025-03-07 09:45:55 - WARNING - Invalid pixel coordinate format in key: score
2025-03-07 09:45:55 - WARNING - Invalid pixel coordinate format in key: score
2025-03-07 09:45:55 - WARNING - Invalid pixel coordinate format in key: score
2025-03-07 09:45:55 - WARNING - Invalid pixel coordinate format in key: score
2025-03-07 09:45:55 - WARNING - Invalid pixel coordinate format in key: score
2025-03-07 09:45:55 - WARNING - Invalid pixel coordinate format in key: score
2025-03-07 09:45:55 - WARNING - Invalid pixel coordinate format in key: score
2025-03-07 09:45:55 - WARNING - Invalid pixel coordinate format in key: score
2025-03-07 09:45:55 - WARNING - Invalid pixel coordinate format in key: score
2025-03-07 09:45:55 - WARNING - Invalid pixel coordinate format in key: score
2025-03-07 09:45:55 - WARNING - Invalid pixel coordinate format in key: score
2025-03-07 09:45:55 - WARNING - Invalid pixel coordinate format in key: score
2025-03-07 09:45:55 - WARNING - Invalid pixel coordinate format in key: score
2025-03-07 09:45:55 - WARNING - Invalid pixel coordinate format in key: score
2025-03-07 09:45:55 - WARNING - Invalid pixel coordinate format in key: score
2025-03-07 09:45:55 - WARNING - Invalid pixel coordinate format in key: score
2025-03-07 09:45:55 - WARNING - Invalid pixel coordinate format in key: score
2025-03-07 09:45:55 - WARNING - Invalid pixel coordinate format in key: score
2025-03-07 09:45:55 - WARNING - Invalid pixel coordinate format in key: score
2025-03-07 09:45:55 - WARNING - Invalid pixel coordinate format in key: score
2025-03-07 09:45:55 - WARNING - Invalid pixel coordinate format in key: score
2025-03-07 09:45:55 - WARNING - Invalid pixel coordinate format in key: score
2025-03-07 09:45:55 - WARNING - Invalid pixel coordinate format in key: score
2025-03-07 09:45:55 - WARNING - Invalid pixel coordinate format in key: score
2025-03-07 09:45:55 - WARNING - Invalid pixel coordinate format in key: score
2025-03-07 09:45:55 - WARNING - Invalid pixel coordinate format in key: score
2025-03-07 09:45:55 - WARNING - Invalid pixel coordinate format in key: score
2025-03-07 09:45:55 - WARNING - Invalid pixel coordinate format in key: score
2025-03-07 09:45:55 - WARNING - Invalid pixel coordinate format in key: score
2025-03-07 09:45:55 - WARNING - Invalid pixel coordinate format in key: score
2025-03-07 09:45:55 - WARNING - Invalid pixel coordinate format in key: score
2025-03-07 09:45:55 - WARNING - Invalid pixel coordinate format in key: score
2025-03-07 09:45:55 - WARNING - Invalid pixel coordinate format in key: score
2025-03-07 09:45:55 - WARNING - Invalid pixel coordinate format in key: score
2025-03-07 09:45:55 - WARNING - Invalid pixel coordinate format in key: score
2025-03-07 09:45:55 - WARNING - Invalid pixel coordinate format in key: score
2025-03-07 09:45:55 - WARNING - Invalid pixel coordinate format in key: score
2025-03-07 09:45:55 - WARNING - Invalid pixel coordinate format in key: score
2025-03-07 09:45:55 - WARNING - Invalid pixel coordinate format in key: score
2025-03-07 09:45:55 - WARNING - Invalid pixel coordinate format in key: score
2025-03-07 09:45:55 - WARNING - Invalid pixel coordinate format in key: score
2025-03-07 09:45:55 - WARNING - Invalid pixel coordinate format in key: score
2025-03-07 09:45:55 - WARNING - Invalid pixel coordinate format in key: score
2025-03-07 09:45:55 - WARNING - Invalid pixel coordinate format in key: score
2025-03-07 09:45:55 - WARNING - Invalid pixel coordinate format in key: score
2025-03-07 09:45:55 - WARNING - Invalid pixel coordinate format in key: score
2025-03-07 09:45:55 - WARNING - Invalid pixel coordinate format in key: score
2025-03-07 09:45:55 - WARNING - Invalid pixel coordinate format in key: score
2025-03-07 09:45:55 - WARNING - Invalid pixel coordinate format in key: score
2025-03-07 09:45:55 - WARNING - Invalid pixel coordinate format in key: score
2025-03-07 09:45:55 - WARNING - Invalid pixel coordinate format in key: score
2025-03-07 09:45:55 - WARNING - Invalid pixel coordinate format in key: score
2025-03-07 09:45:55 - WARNING - Invalid pixel coordinate format in key: score
2025-03-07 09:45:55 - WARNING - Invalid pixel coordinate format in key: score
2025-03-07 09:45:55 - WARNING - Invalid pixel coordinate format in key: score
2025-03-07 09:45:55 - WARNING - Invalid pixel coordinate format in key: score
2025-03-07 09:45:55 - WARNING - Invalid pixel coordinate format in key: score
2025-03-07 09:45:55 - WARNING - Invalid pixel coordinate format in key: score
2025-03-07 09:45:55 - WARNING - Invalid pixel coordinate format in key: score
2025-03-07 09:45:55 - WARNING - Invalid pixel coordinate format in key: score
2025-03-07 09:45:55 - WARNING - Invalid pixel coordinate format in key: score
2025-03-07 09:45:55 - WARNING - Invalid pixel coordinate format in key: score
2025-03-07 09:45:55 - WARNING - Invalid pixel coordinate format in key: score
2025-03-07 09:45:55 - WARNING - Invalid pixel coordinate format in key: score
2025-03-07 09:45:55 - WARNING - Invalid pixel coordinate format in key: score
2025-03-07 09:45:55 - WARNING - Invalid pixel coordinate format in key: score
2025-03-07 09:45:55 - WARNING - Invalid pixel coordinate format in key: score
2025-03-07 09:45:55 - WARNING - Invalid pixel coordinate format in key: score
2025-03-07 09:45:55 - WARNING - Invalid pixel coordinate format in key: score
2025-03-07 09:45:55 - WARNING - Invalid pixel coordinate format in key: score
2025-03-07 09:45:55 - WARNING - Invalid pixel coordinate format in key: score
2025-03-07 09:45:55 - WARNING - Invalid pixel coordinate format in key: score
2025-03-07 09:45:55 - WARNING - Invalid pixel coordinate format in key: score
2025-03-07 09:45:55 - WARNING - Invalid pixel coordinate format in key: score
2025-03-07 09:45:55 - WARNING - Invalid pixel coordinate format in key: score
2025-03-07 09:45:55 - WARNING - Invalid pixel coordinate format in key: score
2025-03-07 09:45:55 - WARNING - Invalid pixel coordinate format in key: score
2025-03-07 09:45:55 - WARNING - Invalid pixel coordinate format in key: score
2025-03-07 09:45:55 - WARNING - Invalid pixel coordinate format in key: score
2025-03-07 09:45:55 - WARNING - Invalid pixel coordinate format in key: score
2025-03-07 09:45:55 - INFO - No metadata extracted from valid files.
2025-03-07 09:45:55 - INFO - Drone metadata is empty or not available.
2025-03-07 09:45:56 - INFO - OGM metadata successfully saved to estimated_OGM/occupancy_grid_map_Flood_Objects.json
2025-03-07 09:45:56 - INFO - Filtered GeoJSON successfully saved to estimated_OGM/occupancy_grid_map_Flood_Objects_filtered.json
2025-03-07 09:45:56 - INFO - Converting GeoJSON to GeoTIFF at estimated_OGM/occupancy_grid_map_Flood_Objects_filtered.tif
2025-03-07 09:45:56 - ERROR - Value error during GeoTIFF conversion: GeoJSON file contains no features. Cannot generate raster.
2025-03-07 09:45:56 - INFO - No SinglePostResult files found. Skipping this step.
2025-03-07 09:45:56 - INFO - Geo-referencing is done correctly for person and vehicles.
2025-03-07 09:45:56 - INFO - Setting event for non-Alert entity
2025-03-07 09:45:56 - INFO - initialize_processing() is already running, skipping.
2025-03-07 09:45:56 - INFO - 127.0.0.1 - - [07/Mar/2025 09:45:56] "POST /pdm05/notify?subscriptionId=urn:ngsi-ld:tema:subscription:USE:PDM05:007 HTTP/1.1" 200 -
2025-03-07 09:45:56 - INFO - ROI data -> [[[6.996817, 50.521793], [6.98238, 50.517756], [6.976085, 50.513527], [6.980425, 50.50647], [6.995879, 50.511398], [6.996817, 50.521793]]]
2025-03-07 09:45:56 - INFO - ogm_gt_ (6.976085, 9.013913043478152e-05, 0.0, 50.521793, 0.0, -9.013529411765997e-05)
2025-03-07 09:45:56 - INFO - observe_gt_drone None
2025-03-07 09:45:56 - INFO - Drone measurements are not available: unsupported operand type(s) for /: 'NoneType' and 'int'
2025-03-07 09:45:56 - INFO - Sat measurements are not available object of type 'NoneType' has no len()
2025-03-07 09:45:56 - INFO - GeoTIFF saved successfully at estimated_OGM/occupancy_grid_map_Flood.tif
2025-03-07 09:45:56 - INFO - urn:ngsi-ld:USE:PDM-05:Maps4Flood:01
2025-03-07 09:45:56 - INFO - Metadata {'title': 'OGM', 'author': 'GRVC lab, University of Seville', 'description': 'Estimated OGM for Fire.', 'creationDate': '2025-03-07T09:45:56.806877', 'XMin': 6.976085, 'XRes': 9.013913043478152e-05, 'YMax': 50.521793, 'YRes': -9.013529411765997e-05, 'spatialReference': 'EPSG:4326', 'file_name': 'occupancy_grid_map_Flood.tif', 'coordinates': [[[6.996817, 50.521793], [6.98238, 50.517756], [6.976085, 50.513527], [6.980425, 50.50647], [6.995879, 50.511398], [6.996817, 50.521793]]], 'bucket': 'naples', 'minio_url': 'https://storage.tema.digital-enabler.eng.it:443/naples/occupancy_grid_mapFlood.tif'}
2025-03-07 09:45:56 - INFO - inside process_and_upload_ogm entity_id ---> urn:ngsi-ld:USE:PDM-05:Maps4Flood:01
2025-03-07 09:45:56 - INFO - Object name occupancy_grid_map_Flood.tif
2025-03-07 09:45:56 - INFO - Object Name in for uploading occupancy_grid_map_Flood.tif
2025-03-07 09:45:56 - INFO - File path in for uploading estimated_OGM/occupancy_grid_map_Flood.tif
2025-03-07 09:45:57 - INFO - File uploaded successfully.
2025-03-07 09:45:57 - INFO - File 'estimated_OGM/occupancy_grid_map_Flood.tif' uploaded to bucket 'naples' successfully.
2025-03-07 09:45:57 - INFO - Processing notification: PersonVehicleDetection
2025-03-07 09:45:57 - INFO - Files written successfully: downloads/drone_imgs/Flood/DJI_20211023132119_0087_W_objects_metadata.json, downloads/drone_imgs/Flood/DJI_20211023132119_0087_W_obj.json
2025-03-07 09:45:57 - INFO - Entity urn:ngsi-ld:USE:PDM-05:Maps4Flood:01 updated successfully.
2025-03-07 09:45:57 - INFO - Payload published successfully for entity: urn:ngsi-ld:USE:PDM-05:Maps4Flood:01
2025-03-07 09:45:57 - INFO - Checking for existing geo dict: estimated_OGM/occupancy_grid_map_Flood_Objects.json
2025-03-07 09:45:57 - INFO - Using existing geo dict.
2025-03-07 09:45:57 - WARNING - Invalid pixel coordinate format in key: score
2025-03-07 09:45:57 - WARNING - Invalid pixel coordinate format in key: score
2025-03-07 09:45:57 - WARNING - Invalid pixel coordinate format in key: score
2025-03-07 09:45:57 - WARNING - Invalid pixel coordinate format in key: score
2025-03-07 09:45:57 - WARNING - Invalid pixel coordinate format in key: score
2025-03-07 09:45:57 - WARNING - Invalid pixel coordinate format in key: score
2025-03-07 09:45:57 - WARNING - Invalid pixel coordinate format in key: score
2025-03-07 09:45:57 - WARNING - Invalid pixel coordinate format in key: score
2025-03-07 09:45:57 - WARNING - Invalid pixel coordinate format in key: score
2025-03-07 09:45:57 - WARNING - Invalid pixel coordinate format in key: score
2025-03-07 09:45:57 - WARNING - Invalid pixel coordinate format in key: score
2025-03-07 09:45:57 - WARNING - Invalid pixel coordinate format in key: score
2025-03-07 09:45:57 - WARNING - Invalid pixel coordinate format in key: score
2025-03-07 09:45:57 - WARNING - Invalid pixel coordinate format in key: score
2025-03-07 09:45:57 - WARNING - Invalid pixel coordinate format in key: score
2025-03-07 09:45:57 - WARNING - Invalid pixel coordinate format in key: score
2025-03-07 09:45:57 - WARNING - Invalid pixel coordinate format in key: score
2025-03-07 09:45:57 - WARNING - Invalid pixel coordinate format in key: score
2025-03-07 09:45:57 - WARNING - Invalid pixel coordinate format in key: score
2025-03-07 09:45:57 - WARNING - Invalid pixel coordinate format in key: score
2025-03-07 09:45:57 - WARNING - Invalid pixel coordinate format in key: score
2025-03-07 09:45:57 - WARNING - Invalid pixel coordinate format in key: score
2025-03-07 09:45:57 - WARNING - Invalid pixel coordinate format in key: score
2025-03-07 09:45:57 - WARNING - Invalid pixel coordinate format in key: score
2025-03-07 09:45:57 - WARNING - Invalid pixel coordinate format in key: score
2025-03-07 09:45:57 - WARNING - Invalid pixel coordinate format in key: score
2025-03-07 09:45:57 - WARNING - Invalid pixel coordinate format in key: score
2025-03-07 09:45:57 - WARNING - Invalid pixel coordinate format in key: score
2025-03-07 09:45:57 - WARNING - Invalid pixel coordinate format in key: score
2025-03-07 09:45:57 - WARNING - Invalid pixel coordinate format in key: score
2025-03-07 09:45:57 - WARNING - Invalid pixel coordinate format in key: score
2025-03-07 09:45:57 - WARNING - Invalid pixel coordinate format in key: score
2025-03-07 09:45:57 - WARNING - Invalid pixel coordinate format in key: score
2025-03-07 09:45:57 - WARNING - Invalid pixel coordinate format in key: score
2025-03-07 09:45:57 - WARNING - Invalid pixel coordinate format in key: score
2025-03-07 09:45:57 - WARNING - Invalid pixel coordinate format in key: score
2025-03-07 09:45:57 - WARNING - Invalid pixel coordinate format in key: score
2025-03-07 09:45:57 - WARNING - Invalid pixel coordinate format in key: score
2025-03-07 09:45:57 - WARNING - Invalid pixel coordinate format in key: score
2025-03-07 09:45:57 - WARNING - Invalid pixel coordinate format in key: score
2025-03-07 09:45:57 - WARNING - Invalid pixel coordinate format in key: score
2025-03-07 09:45:57 - WARNING - Invalid pixel coordinate format in key: score
2025-03-07 09:45:57 - WARNING - Invalid pixel coordinate format in key: score
2025-03-07 09:45:57 - WARNING - Invalid pixel coordinate format in key: score
2025-03-07 09:45:57 - WARNING - Invalid pixel coordinate format in key: score
2025-03-07 09:45:57 - WARNING - Invalid pixel coordinate format in key: score
2025-03-07 09:45:57 - WARNING - Invalid pixel coordinate format in key: score
2025-03-07 09:45:57 - WARNING - Invalid pixel coordinate format in key: score
2025-03-07 09:45:57 - WARNING - Invalid pixel coordinate format in key: score
2025-03-07 09:45:57 - WARNING - Invalid pixel coordinate format in key: score
2025-03-07 09:45:57 - WARNING - Invalid pixel coordinate format in key: score
2025-03-07 09:45:57 - WARNING - Invalid pixel coordinate format in key: score
2025-03-07 09:45:57 - WARNING - Invalid pixel coordinate format in key: score
2025-03-07 09:45:57 - WARNING - Invalid pixel coordinate format in key: score
2025-03-07 09:45:57 - WARNING - Invalid pixel coordinate format in key: score
2025-03-07 09:45:57 - WARNING - Invalid pixel coordinate format in key: score
2025-03-07 09:45:57 - WARNING - Invalid pixel coordinate format in key: score
2025-03-07 09:45:57 - WARNING - Invalid pixel coordinate format in key: score
2025-03-07 09:45:57 - WARNING - Invalid pixel coordinate format in key: score
2025-03-07 09:45:57 - WARNING - Invalid pixel coordinate format in key: score
2025-03-07 09:45:57 - WARNING - Invalid pixel coordinate format in key: score
2025-03-07 09:45:57 - WARNING - Invalid pixel coordinate format in key: score
2025-03-07 09:45:57 - WARNING - Invalid pixel coordinate format in key: score
2025-03-07 09:45:57 - WARNING - Invalid pixel coordinate format in key: score
2025-03-07 09:45:57 - WARNING - Invalid pixel coordinate format in key: score
2025-03-07 09:45:57 - WARNING - Invalid pixel coordinate format in key: score
2025-03-07 09:45:57 - WARNING - Invalid pixel coordinate format in key: score
2025-03-07 09:45:57 - WARNING - Invalid pixel coordinate format in key: score
2025-03-07 09:45:57 - WARNING - Invalid pixel coordinate format in key: score
2025-03-07 09:45:57 - WARNING - Invalid pixel coordinate format in key: score
2025-03-07 09:45:57 - WARNING - Invalid pixel coordinate format in key: score
2025-03-07 09:45:57 - WARNING - Invalid pixel coordinate format in key: score
2025-03-07 09:45:57 - WARNING - Invalid pixel coordinate format in key: score
2025-03-07 09:45:57 - WARNING - Invalid pixel coordinate format in key: score
2025-03-07 09:45:57 - WARNING - Invalid pixel coordinate format in key: score
2025-03-07 09:45:57 - WARNING - Invalid pixel coordinate format in key: score
2025-03-07 09:45:57 - WARNING - Invalid pixel coordinate format in key: score
2025-03-07 09:45:57 - WARNING - Invalid pixel coordinate format in key: score
2025-03-07 09:45:57 - WARNING - Invalid pixel coordinate format in key: score
2025-03-07 09:45:57 - WARNING - Invalid pixel coordinate format in key: score
2025-03-07 09:45:57 - WARNING - Invalid pixel coordinate format in key: score
2025-03-07 09:45:57 - WARNING - Invalid pixel coordinate format in key: score
2025-03-07 09:45:57 - WARNING - Invalid pixel coordinate format in key: score
2025-03-07 09:45:57 - WARNING - Invalid pixel coordinate format in key: score
2025-03-07 09:45:57 - WARNING - Invalid pixel coordinate format in key: score
2025-03-07 09:45:57 - WARNING - Invalid pixel coordinate format in key: score
2025-03-07 09:45:57 - WARNING - Invalid pixel coordinate format in key: score
2025-03-07 09:45:57 - WARNING - Invalid pixel coordinate format in key: score
2025-03-07 09:45:57 - WARNING - Invalid pixel coordinate format in key: score
2025-03-07 09:45:57 - WARNING - Invalid pixel coordinate format in key: score
2025-03-07 09:45:57 - WARNING - Invalid pixel coordinate format in key: score
2025-03-07 09:45:57 - WARNING - Invalid pixel coordinate format in key: score
2025-03-07 09:45:57 - WARNING - Invalid pixel coordinate format in key: score
2025-03-07 09:45:57 - WARNING - Invalid pixel coordinate format in key: score
2025-03-07 09:45:57 - WARNING - Invalid pixel coordinate format in key: score
2025-03-07 09:45:57 - WARNING - Invalid pixel coordinate format in key: score
2025-03-07 09:45:57 - WARNING - Invalid pixel coordinate format in key: score
2025-03-07 09:45:57 - WARNING - Invalid pixel coordinate format in key: score
2025-03-07 09:45:57 - WARNING - Invalid pixel coordinate format in key: score
2025-03-07 09:45:57 - WARNING - Invalid pixel coordinate format in key: score
2025-03-07 09:45:57 - WARNING - Invalid pixel coordinate format in key: score
2025-03-07 09:45:57 - WARNING - Invalid pixel coordinate format in key: score
2025-03-07 09:45:57 - WARNING - Invalid pixel coordinate format in key: score
2025-03-07 09:45:57 - WARNING - Invalid pixel coordinate format in key: score
2025-03-07 09:45:57 - WARNING - Invalid pixel coordinate format in key: score
2025-03-07 09:45:57 - WARNING - Invalid pixel coordinate format in key: score
2025-03-07 09:45:57 - WARNING - Invalid pixel coordinate format in key: score
2025-03-07 09:45:57 - WARNING - Invalid pixel coordinate format in key: score
2025-03-07 09:45:57 - WARNING - Invalid pixel coordinate format in key: score
2025-03-07 09:45:57 - WARNING - Invalid pixel coordinate format in key: score
2025-03-07 09:45:57 - WARNING - Invalid pixel coordinate format in key: score
2025-03-07 09:45:57 - WARNING - Invalid pixel coordinate format in key: score
2025-03-07 09:45:57 - WARNING - Invalid pixel coordinate format in key: score
2025-03-07 09:45:57 - WARNING - Invalid pixel coordinate format in key: score
2025-03-07 09:45:57 - WARNING - Invalid pixel coordinate format in key: score
2025-03-07 09:45:57 - WARNING - Invalid pixel coordinate format in key: score
2025-03-07 09:45:57 - WARNING - Invalid pixel coordinate format in key: score
2025-03-07 09:45:57 - WARNING - Invalid pixel coordinate format in key: score
2025-03-07 09:45:57 - WARNING - Invalid pixel coordinate format in key: score
2025-03-07 09:45:57 - WARNING - Invalid pixel coordinate format in key: score
2025-03-07 09:45:57 - WARNING - Invalid pixel coordinate format in key: score
2025-03-07 09:45:57 - WARNING - Invalid pixel coordinate format in key: score
2025-03-07 09:45:57 - WARNING - Invalid pixel coordinate format in key: score
2025-03-07 09:45:57 - WARNING - Invalid pixel coordinate format in key: score
2025-03-07 09:45:57 - WARNING - Invalid pixel coordinate format in key: score
2025-03-07 09:45:57 - WARNING - Invalid pixel coordinate format in key: score
2025-03-07 09:45:57 - WARNING - Invalid pixel coordinate format in key: score
2025-03-07 09:45:57 - WARNING - Invalid pixel coordinate format in key: score
2025-03-07 09:45:57 - WARNING - Invalid pixel coordinate format in key: score
2025-03-07 09:45:57 - WARNING - Invalid pixel coordinate format in key: score
2025-03-07 09:45:57 - WARNING - Invalid pixel coordinate format in key: score
2025-03-07 09:45:57 - WARNING - Invalid pixel coordinate format in key: score
2025-03-07 09:45:57 - WARNING - Invalid pixel coordinate format in key: score
2025-03-07 09:45:57 - WARNING - Invalid pixel coordinate format in key: score
2025-03-07 09:45:57 - WARNING - Invalid pixel coordinate format in key: score
2025-03-07 09:45:57 - WARNING - Invalid pixel coordinate format in key: score
2025-03-07 09:45:57 - WARNING - Invalid pixel coordinate format in key: score
2025-03-07 09:45:57 - WARNING - Invalid pixel coordinate format in key: score
2025-03-07 09:45:57 - WARNING - Invalid pixel coordinate format in key: score
2025-03-07 09:45:57 - WARNING - Invalid pixel coordinate format in key: score
2025-03-07 09:45:57 - WARNING - Invalid pixel coordinate format in key: score
2025-03-07 09:45:57 - WARNING - Invalid pixel coordinate format in key: score
2025-03-07 09:45:57 - WARNING - Invalid pixel coordinate format in key: score
2025-03-07 09:45:57 - WARNING - Invalid pixel coordinate format in key: score
2025-03-07 09:45:57 - WARNING - Invalid pixel coordinate format in key: score
2025-03-07 09:45:57 - WARNING - Invalid pixel coordinate format in key: score
2025-03-07 09:45:57 - WARNING - Invalid pixel coordinate format in key: score
2025-03-07 09:45:57 - WARNING - Invalid pixel coordinate format in key: score
2025-03-07 09:45:57 - WARNING - Invalid pixel coordinate format in key: score
2025-03-07 09:45:57 - WARNING - Invalid pixel coordinate format in key: score
2025-03-07 09:45:57 - WARNING - Invalid pixel coordinate format in key: score
2025-03-07 09:45:57 - WARNING - Invalid pixel coordinate format in key: score
2025-03-07 09:45:57 - WARNING - Invalid pixel coordinate format in key: score
2025-03-07 09:45:57 - WARNING - Invalid pixel coordinate format in key: score
2025-03-07 09:45:57 - WARNING - Invalid pixel coordinate format in key: score
2025-03-07 09:45:57 - WARNING - Invalid pixel coordinate format in key: score
2025-03-07 09:45:57 - WARNING - Invalid pixel coordinate format in key: score
2025-03-07 09:45:57 - WARNING - Invalid pixel coordinate format in key: score
2025-03-07 09:45:57 - WARNING - Invalid pixel coordinate format in key: score
2025-03-07 09:45:57 - WARNING - Invalid pixel coordinate format in key: score
2025-03-07 09:45:57 - WARNING - Invalid pixel coordinate format in key: score
2025-03-07 09:45:57 - WARNING - Invalid pixel coordinate format in key: score
2025-03-07 09:45:57 - WARNING - Invalid pixel coordinate format in key: score
2025-03-07 09:45:57 - WARNING - Invalid pixel coordinate format in key: score
2025-03-07 09:45:57 - WARNING - Invalid pixel coordinate format in key: score
2025-03-07 09:45:57 - WARNING - Invalid pixel coordinate format in key: score
2025-03-07 09:45:57 - WARNING - Invalid pixel coordinate format in key: score
2025-03-07 09:45:57 - WARNING - Invalid pixel coordinate format in key: score
2025-03-07 09:45:57 - WARNING - Invalid pixel coordinate format in key: score
2025-03-07 09:45:57 - WARNING - Invalid pixel coordinate format in key: score
2025-03-07 09:45:57 - WARNING - Invalid pixel coordinate format in key: score
2025-03-07 09:45:57 - WARNING - Invalid pixel coordinate format in key: score
2025-03-07 09:45:57 - WARNING - Invalid pixel coordinate format in key: score
2025-03-07 09:45:57 - WARNING - Invalid pixel coordinate format in key: score
2025-03-07 09:45:57 - WARNING - Invalid pixel coordinate format in key: score
2025-03-07 09:45:57 - WARNING - Invalid pixel coordinate format in key: score
2025-03-07 09:45:57 - WARNING - Invalid pixel coordinate format in key: score
2025-03-07 09:45:57 - WARNING - Invalid pixel coordinate format in key: score
2025-03-07 09:45:57 - WARNING - Invalid pixel coordinate format in key: score
2025-03-07 09:45:57 - WARNING - Invalid pixel coordinate format in key: score
2025-03-07 09:45:57 - WARNING - Invalid pixel coordinate format in key: score
2025-03-07 09:45:57 - WARNING - Invalid pixel coordinate format in key: score
2025-03-07 09:45:57 - WARNING - Invalid pixel coordinate format in key: score
2025-03-07 09:45:57 - WARNING - Invalid pixel coordinate format in key: score
2025-03-07 09:45:57 - WARNING - Invalid pixel coordinate format in key: score
2025-03-07 09:45:57 - WARNING - Invalid pixel coordinate format in key: score
2025-03-07 09:45:57 - WARNING - Invalid pixel coordinate format in key: score
2025-03-07 09:45:57 - WARNING - Invalid pixel coordinate format in key: score
2025-03-07 09:45:57 - WARNING - Invalid pixel coordinate format in key: score
2025-03-07 09:45:57 - WARNING - Invalid pixel coordinate format in key: score
2025-03-07 09:45:57 - WARNING - Invalid pixel coordinate format in key: score
2025-03-07 09:45:57 - WARNING - Invalid pixel coordinate format in key: score
2025-03-07 09:45:57 - WARNING - Invalid pixel coordinate format in key: score
2025-03-07 09:45:57 - WARNING - Invalid pixel coordinate format in key: score
2025-03-07 09:45:57 - WARNING - Invalid pixel coordinate format in key: score
2025-03-07 09:45:57 - WARNING - Invalid pixel coordinate format in key: score
2025-03-07 09:45:57 - WARNING - Invalid pixel coordinate format in key: score
2025-03-07 09:45:57 - WARNING - Invalid pixel coordinate format in key: score
2025-03-07 09:45:57 - WARNING - Invalid pixel coordinate format in key: score
2025-03-07 09:45:57 - WARNING - Invalid pixel coordinate format in key: score
2025-03-07 09:45:57 - WARNING - Invalid pixel coordinate format in key: score
2025-03-07 09:45:57 - WARNING - Invalid pixel coordinate format in key: score
2025-03-07 09:45:57 - WARNING - Invalid pixel coordinate format in key: score
2025-03-07 09:45:57 - WARNING - Invalid pixel coordinate format in key: score
2025-03-07 09:45:57 - WARNING - Invalid pixel coordinate format in key: score
2025-03-07 09:45:57 - WARNING - Invalid pixel coordinate format in key: score
2025-03-07 09:45:57 - WARNING - Invalid pixel coordinate format in key: score
2025-03-07 09:45:57 - WARNING - Invalid pixel coordinate format in key: score
2025-03-07 09:45:57 - WARNING - Invalid pixel coordinate format in key: score
2025-03-07 09:45:57 - WARNING - Invalid pixel coordinate format in key: score
2025-03-07 09:45:57 - WARNING - Invalid pixel coordinate format in key: score
2025-03-07 09:45:57 - WARNING - Invalid pixel coordinate format in key: score
2025-03-07 09:45:57 - WARNING - Invalid pixel coordinate format in key: score
2025-03-07 09:45:57 - WARNING - Invalid pixel coordinate format in key: score
2025-03-07 09:45:57 - WARNING - Invalid pixel coordinate format in key: score
2025-03-07 09:45:57 - WARNING - Invalid pixel coordinate format in key: score
2025-03-07 09:45:57 - WARNING - Invalid pixel coordinate format in key: score
2025-03-07 09:45:57 - WARNING - Invalid pixel coordinate format in key: score
2025-03-07 09:45:57 - WARNING - Invalid pixel coordinate format in key: score
2025-03-07 09:45:57 - WARNING - Invalid pixel coordinate format in key: score
2025-03-07 09:45:57 - WARNING - Invalid pixel coordinate format in key: score
2025-03-07 09:45:57 - WARNING - Invalid pixel coordinate format in key: score
2025-03-07 09:45:57 - WARNING - Invalid pixel coordinate format in key: score
2025-03-07 09:45:57 - WARNING - Invalid pixel coordinate format in key: score
2025-03-07 09:45:57 - WARNING - Invalid pixel coordinate format in key: score
2025-03-07 09:45:57 - WARNING - Invalid pixel coordinate format in key: score
2025-03-07 09:45:57 - WARNING - Invalid pixel coordinate format in key: score
2025-03-07 09:45:57 - WARNING - Invalid pixel coordinate format in key: score
2025-03-07 09:45:57 - WARNING - Invalid pixel coordinate format in key: score
2025-03-07 09:45:57 - WARNING - Invalid pixel coordinate format in key: score
2025-03-07 09:45:57 - WARNING - Invalid pixel coordinate format in key: score
2025-03-07 09:45:57 - WARNING - Invalid pixel coordinate format in key: score
2025-03-07 09:45:57 - WARNING - Invalid pixel coordinate format in key: score
2025-03-07 09:45:57 - WARNING - Invalid pixel coordinate format in key: score
2025-03-07 09:45:57 - WARNING - Invalid pixel coordinate format in key: score
2025-03-07 09:45:57 - WARNING - Invalid pixel coordinate format in key: score
2025-03-07 09:45:57 - WARNING - Invalid pixel coordinate format in key: score
2025-03-07 09:45:57 - WARNING - Invalid pixel coordinate format in key: score
2025-03-07 09:45:57 - WARNING - Invalid pixel coordinate format in key: score
2025-03-07 09:45:57 - WARNING - Invalid pixel coordinate format in key: score
2025-03-07 09:45:57 - WARNING - Invalid pixel coordinate format in key: score
2025-03-07 09:45:57 - WARNING - Invalid pixel coordinate format in key: score
2025-03-07 09:45:57 - WARNING - Invalid pixel coordinate format in key: score
2025-03-07 09:45:57 - WARNING - Invalid pixel coordinate format in key: score
2025-03-07 09:45:57 - WARNING - Invalid pixel coordinate format in key: score
2025-03-07 09:45:57 - WARNING - Invalid pixel coordinate format in key: score
2025-03-07 09:45:57 - WARNING - Invalid pixel coordinate format in key: score
2025-03-07 09:45:57 - WARNING - Invalid pixel coordinate format in key: score
2025-03-07 09:45:57 - WARNING - Invalid pixel coordinate format in key: score
2025-03-07 09:45:57 - WARNING - Invalid pixel coordinate format in key: score
2025-03-07 09:45:57 - WARNING - Invalid pixel coordinate format in key: score
2025-03-07 09:45:57 - WARNING - Invalid pixel coordinate format in key: score
2025-03-07 09:45:57 - WARNING - Invalid pixel coordinate format in key: score
2025-03-07 09:45:57 - WARNING - Invalid pixel coordinate format in key: score
2025-03-07 09:45:57 - WARNING - Invalid pixel coordinate format in key: score
2025-03-07 09:45:57 - INFO - No metadata extracted from valid files.
2025-03-07 09:45:57 - INFO - Drone metadata is empty or not available.
2025-03-07 09:45:58 - INFO - OGM metadata successfully saved to estimated_OGM/occupancy_grid_map_Flood_Objects.json
2025-03-07 09:45:58 - INFO - Filtered GeoJSON successfully saved to estimated_OGM/occupancy_grid_map_Flood_Objects_filtered.json
2025-03-07 09:45:58 - INFO - Converting GeoJSON to GeoTIFF at estimated_OGM/occupancy_grid_map_Flood_Objects_filtered.tif
2025-03-07 09:45:58 - ERROR - Value error during GeoTIFF conversion: GeoJSON file contains no features. Cannot generate raster.
2025-03-07 09:45:58 - INFO - No SinglePostResult files found. Skipping this step.
2025-03-07 09:45:58 - INFO - Geo-referencing is done correctly for person and vehicles.
2025-03-07 09:45:58 - INFO - Setting event for non-Alert entity
2025-03-07 09:45:58 - INFO - initialize_processing() is already running, skipping.
2025-03-07 09:45:58 - INFO - 127.0.0.1 - - [07/Mar/2025 09:45:58] "POST /pdm05/notify?subscriptionId=urn:ngsi-ld:tema:subscription:USE:PDM05:007 HTTP/1.1" 200 -
2025-03-07 09:45:58 - INFO - Processing notification: PersonVehicleDetection
2025-03-07 09:45:58 - INFO - Files written successfully: downloads/drone_imgs/Flood/DJI_20211023132122_0088_W_objects_metadata.json, downloads/drone_imgs/Flood/DJI_20211023132122_0088_W_obj.json
2025-03-07 09:45:58 - INFO - ROI data -> [[[6.996817, 50.521793], [6.98238, 50.517756], [6.976085, 50.513527], [6.980425, 50.50647], [6.995879, 50.511398], [6.996817, 50.521793]]]
2025-03-07 09:45:58 - INFO - ogm_gt_ (6.976085, 9.013913043478152e-05, 0.0, 50.521793, 0.0, -9.013529411765997e-05)
2025-03-07 09:45:58 - INFO - observe_gt_drone None
2025-03-07 09:45:58 - INFO - Drone measurements are not available: unsupported operand type(s) for /: 'NoneType' and 'int'
2025-03-07 09:45:58 - INFO - Sat measurements are not available object of type 'NoneType' has no len()
2025-03-07 09:45:58 - INFO - GeoTIFF saved successfully at estimated_OGM/occupancy_grid_map_Flood.tif
2025-03-07 09:45:58 - INFO - urn:ngsi-ld:USE:PDM-05:Maps4Flood:01
2025-03-07 09:45:58 - INFO - Metadata {'title': 'OGM', 'author': 'GRVC lab, University of Seville', 'description': 'Estimated OGM for Fire.', 'creationDate': '2025-03-07T09:45:58.627320', 'XMin': 6.976085, 'XRes': 9.013913043478152e-05, 'YMax': 50.521793, 'YRes': -9.013529411765997e-05, 'spatialReference': 'EPSG:4326', 'file_name': 'occupancy_grid_map_Flood.tif', 'coordinates': [[[6.996817, 50.521793], [6.98238, 50.517756], [6.976085, 50.513527], [6.980425, 50.50647], [6.995879, 50.511398], [6.996817, 50.521793]]], 'bucket': 'naples', 'minio_url': 'https://storage.tema.digital-enabler.eng.it:443/naples/occupancy_grid_mapFlood.tif'}
2025-03-07 09:45:58 - INFO - inside process_and_upload_ogm entity_id ---> urn:ngsi-ld:USE:PDM-05:Maps4Flood:01
2025-03-07 09:45:58 - INFO - Object name occupancy_grid_map_Flood.tif
2025-03-07 09:45:58 - INFO - Object Name in for uploading occupancy_grid_map_Flood.tif
2025-03-07 09:45:58 - INFO - File path in for uploading estimated_OGM/occupancy_grid_map_Flood.tif
2025-03-07 09:45:58 - INFO - File uploaded successfully.
2025-03-07 09:45:58 - INFO - File 'estimated_OGM/occupancy_grid_map_Flood.tif' uploaded to bucket 'naples' successfully.
2025-03-07 09:45:59 - INFO - Entity urn:ngsi-ld:USE:PDM-05:Maps4Flood:01 updated successfully.
2025-03-07 09:45:59 - INFO - Payload published successfully for entity: urn:ngsi-ld:USE:PDM-05:Maps4Flood:01
2025-03-07 09:45:59 - INFO - Checking for existing geo dict: estimated_OGM/occupancy_grid_map_Flood_Objects.json
2025-03-07 09:45:59 - INFO - Using existing geo dict.
2025-03-07 09:45:59 - WARNING - Invalid pixel coordinate format in key: score
2025-03-07 09:45:59 - WARNING - Invalid pixel coordinate format in key: score
2025-03-07 09:45:59 - WARNING - Invalid pixel coordinate format in key: score
2025-03-07 09:45:59 - WARNING - Invalid pixel coordinate format in key: score
2025-03-07 09:45:59 - WARNING - Invalid pixel coordinate format in key: score
2025-03-07 09:45:59 - WARNING - Invalid pixel coordinate format in key: score
2025-03-07 09:45:59 - WARNING - Invalid pixel coordinate format in key: score
2025-03-07 09:45:59 - WARNING - Invalid pixel coordinate format in key: score
2025-03-07 09:45:59 - WARNING - Invalid pixel coordinate format in key: score
2025-03-07 09:45:59 - WARNING - Invalid pixel coordinate format in key: score
2025-03-07 09:45:59 - WARNING - Invalid pixel coordinate format in key: score
2025-03-07 09:45:59 - WARNING - Invalid pixel coordinate format in key: score
2025-03-07 09:45:59 - WARNING - Invalid pixel coordinate format in key: score
2025-03-07 09:45:59 - WARNING - Invalid pixel coordinate format in key: score
2025-03-07 09:45:59 - WARNING - Invalid pixel coordinate format in key: score
2025-03-07 09:45:59 - WARNING - Invalid pixel coordinate format in key: score
2025-03-07 09:45:59 - WARNING - Invalid pixel coordinate format in key: score
2025-03-07 09:45:59 - WARNING - Invalid pixel coordinate format in key: score
2025-03-07 09:45:59 - WARNING - Invalid pixel coordinate format in key: score
2025-03-07 09:45:59 - WARNING - Invalid pixel coordinate format in key: score
2025-03-07 09:45:59 - WARNING - Invalid pixel coordinate format in key: score
2025-03-07 09:45:59 - WARNING - Invalid pixel coordinate format in key: score
2025-03-07 09:45:59 - WARNING - Invalid pixel coordinate format in key: score
2025-03-07 09:45:59 - WARNING - Invalid pixel coordinate format in key: score
2025-03-07 09:45:59 - WARNING - Invalid pixel coordinate format in key: score
2025-03-07 09:45:59 - WARNING - Invalid pixel coordinate format in key: score
2025-03-07 09:45:59 - WARNING - Invalid pixel coordinate format in key: score
2025-03-07 09:45:59 - WARNING - Invalid pixel coordinate format in key: score
2025-03-07 09:45:59 - WARNING - Invalid pixel coordinate format in key: score
2025-03-07 09:45:59 - WARNING - Invalid pixel coordinate format in key: score
2025-03-07 09:45:59 - WARNING - Invalid pixel coordinate format in key: score
2025-03-07 09:45:59 - WARNING - Invalid pixel coordinate format in key: score
2025-03-07 09:45:59 - WARNING - Invalid pixel coordinate format in key: score
2025-03-07 09:45:59 - WARNING - Invalid pixel coordinate format in key: score
2025-03-07 09:45:59 - WARNING - Invalid pixel coordinate format in key: score
2025-03-07 09:45:59 - WARNING - Invalid pixel coordinate format in key: score
2025-03-07 09:45:59 - WARNING - Invalid pixel coordinate format in key: score
2025-03-07 09:45:59 - WARNING - Invalid pixel coordinate format in key: score
2025-03-07 09:45:59 - WARNING - Invalid pixel coordinate format in key: score
2025-03-07 09:45:59 - WARNING - Invalid pixel coordinate format in key: score
2025-03-07 09:45:59 - WARNING - Invalid pixel coordinate format in key: score
2025-03-07 09:45:59 - WARNING - Invalid pixel coordinate format in key: score
2025-03-07 09:45:59 - WARNING - Invalid pixel coordinate format in key: score
2025-03-07 09:45:59 - WARNING - Invalid pixel coordinate format in key: score
2025-03-07 09:45:59 - WARNING - Invalid pixel coordinate format in key: score
2025-03-07 09:45:59 - WARNING - Invalid pixel coordinate format in key: score
2025-03-07 09:45:59 - WARNING - Invalid pixel coordinate format in key: score
2025-03-07 09:45:59 - WARNING - Invalid pixel coordinate format in key: score
2025-03-07 09:45:59 - WARNING - Invalid pixel coordinate format in key: score
2025-03-07 09:45:59 - WARNING - Invalid pixel coordinate format in key: score
2025-03-07 09:45:59 - WARNING - Invalid pixel coordinate format in key: score
2025-03-07 09:45:59 - WARNING - Invalid pixel coordinate format in key: score
2025-03-07 09:45:59 - WARNING - Invalid pixel coordinate format in key: score
2025-03-07 09:45:59 - WARNING - Invalid pixel coordinate format in key: score
2025-03-07 09:45:59 - WARNING - Invalid pixel coordinate format in key: score
2025-03-07 09:45:59 - WARNING - Invalid pixel coordinate format in key: score
2025-03-07 09:45:59 - WARNING - Invalid pixel coordinate format in key: score
2025-03-07 09:45:59 - WARNING - Invalid pixel coordinate format in key: score
2025-03-07 09:45:59 - WARNING - Invalid pixel coordinate format in key: score
2025-03-07 09:45:59 - WARNING - Invalid pixel coordinate format in key: score
2025-03-07 09:45:59 - WARNING - Invalid pixel coordinate format in key: score
2025-03-07 09:45:59 - WARNING - Invalid pixel coordinate format in key: score
2025-03-07 09:45:59 - WARNING - Invalid pixel coordinate format in key: score
2025-03-07 09:45:59 - WARNING - Invalid pixel coordinate format in key: score
2025-03-07 09:45:59 - WARNING - Invalid pixel coordinate format in key: score
2025-03-07 09:45:59 - WARNING - Invalid pixel coordinate format in key: score
2025-03-07 09:45:59 - WARNING - Invalid pixel coordinate format in key: score
2025-03-07 09:45:59 - WARNING - Invalid pixel coordinate format in key: score
2025-03-07 09:45:59 - WARNING - Invalid pixel coordinate format in key: score
2025-03-07 09:45:59 - WARNING - Invalid pixel coordinate format in key: score
2025-03-07 09:45:59 - WARNING - Invalid pixel coordinate format in key: score
2025-03-07 09:45:59 - WARNING - Invalid pixel coordinate format in key: score
2025-03-07 09:45:59 - WARNING - Invalid pixel coordinate format in key: score
2025-03-07 09:45:59 - WARNING - Invalid pixel coordinate format in key: score
2025-03-07 09:45:59 - WARNING - Invalid pixel coordinate format in key: score
2025-03-07 09:45:59 - WARNING - Invalid pixel coordinate format in key: score
2025-03-07 09:45:59 - WARNING - Invalid pixel coordinate format in key: score
2025-03-07 09:45:59 - WARNING - Invalid pixel coordinate format in key: score
2025-03-07 09:45:59 - WARNING - Invalid pixel coordinate format in key: score
2025-03-07 09:45:59 - WARNING - Invalid pixel coordinate format in key: score
2025-03-07 09:45:59 - WARNING - Invalid pixel coordinate format in key: score
2025-03-07 09:45:59 - WARNING - Invalid pixel coordinate format in key: score
2025-03-07 09:45:59 - WARNING - Invalid pixel coordinate format in key: score
2025-03-07 09:45:59 - WARNING - Invalid pixel coordinate format in key: score
2025-03-07 09:45:59 - WARNING - Invalid pixel coordinate format in key: score
2025-03-07 09:45:59 - WARNING - Invalid pixel coordinate format in key: score
2025-03-07 09:45:59 - WARNING - Invalid pixel coordinate format in key: score
2025-03-07 09:45:59 - WARNING - Invalid pixel coordinate format in key: score
2025-03-07 09:45:59 - WARNING - Invalid pixel coordinate format in key: score
2025-03-07 09:45:59 - WARNING - Invalid pixel coordinate format in key: score
2025-03-07 09:45:59 - WARNING - Invalid pixel coordinate format in key: score
2025-03-07 09:45:59 - WARNING - Invalid pixel coordinate format in key: score
2025-03-07 09:45:59 - WARNING - Invalid pixel coordinate format in key: score
2025-03-07 09:45:59 - WARNING - Invalid pixel coordinate format in key: score
2025-03-07 09:45:59 - WARNING - Invalid pixel coordinate format in key: score
2025-03-07 09:45:59 - WARNING - Invalid pixel coordinate format in key: score
2025-03-07 09:45:59 - WARNING - Invalid pixel coordinate format in key: score
2025-03-07 09:45:59 - WARNING - Invalid pixel coordinate format in key: score
2025-03-07 09:45:59 - WARNING - Invalid pixel coordinate format in key: score
2025-03-07 09:45:59 - WARNING - Invalid pixel coordinate format in key: score
2025-03-07 09:45:59 - WARNING - Invalid pixel coordinate format in key: score
2025-03-07 09:45:59 - WARNING - Invalid pixel coordinate format in key: score
2025-03-07 09:45:59 - WARNING - Invalid pixel coordinate format in key: score
2025-03-07 09:45:59 - WARNING - Invalid pixel coordinate format in key: score
2025-03-07 09:45:59 - WARNING - Invalid pixel coordinate format in key: score
2025-03-07 09:45:59 - WARNING - Invalid pixel coordinate format in key: score
2025-03-07 09:45:59 - WARNING - Invalid pixel coordinate format in key: score
2025-03-07 09:45:59 - WARNING - Invalid pixel coordinate format in key: score
2025-03-07 09:45:59 - WARNING - Invalid pixel coordinate format in key: score
2025-03-07 09:45:59 - WARNING - Invalid pixel coordinate format in key: score
2025-03-07 09:45:59 - WARNING - Invalid pixel coordinate format in key: score
2025-03-07 09:45:59 - WARNING - Invalid pixel coordinate format in key: score
2025-03-07 09:45:59 - WARNING - Invalid pixel coordinate format in key: score
2025-03-07 09:45:59 - WARNING - Invalid pixel coordinate format in key: score
2025-03-07 09:45:59 - WARNING - Invalid pixel coordinate format in key: score
2025-03-07 09:45:59 - WARNING - Invalid pixel coordinate format in key: score
2025-03-07 09:45:59 - WARNING - Invalid pixel coordinate format in key: score
2025-03-07 09:45:59 - WARNING - Invalid pixel coordinate format in key: score
2025-03-07 09:45:59 - WARNING - Invalid pixel coordinate format in key: score
2025-03-07 09:45:59 - WARNING - Invalid pixel coordinate format in key: score
2025-03-07 09:45:59 - WARNING - Invalid pixel coordinate format in key: score
2025-03-07 09:45:59 - WARNING - Invalid pixel coordinate format in key: score
2025-03-07 09:45:59 - WARNING - Invalid pixel coordinate format in key: score
2025-03-07 09:45:59 - WARNING - Invalid pixel coordinate format in key: score
2025-03-07 09:45:59 - WARNING - Invalid pixel coordinate format in key: score
2025-03-07 09:45:59 - WARNING - Invalid pixel coordinate format in key: score
2025-03-07 09:45:59 - WARNING - Invalid pixel coordinate format in key: score
2025-03-07 09:45:59 - WARNING - Invalid pixel coordinate format in key: score
2025-03-07 09:45:59 - WARNING - Invalid pixel coordinate format in key: score
2025-03-07 09:45:59 - WARNING - Invalid pixel coordinate format in key: score
2025-03-07 09:45:59 - WARNING - Invalid pixel coordinate format in key: score
2025-03-07 09:45:59 - WARNING - Invalid pixel coordinate format in key: score
2025-03-07 09:45:59 - WARNING - Invalid pixel coordinate format in key: score
2025-03-07 09:45:59 - WARNING - Invalid pixel coordinate format in key: score
2025-03-07 09:45:59 - WARNING - Invalid pixel coordinate format in key: score
2025-03-07 09:45:59 - WARNING - Invalid pixel coordinate format in key: score
2025-03-07 09:45:59 - WARNING - Invalid pixel coordinate format in key: score
2025-03-07 09:45:59 - WARNING - Invalid pixel coordinate format in key: score
2025-03-07 09:45:59 - WARNING - Invalid pixel coordinate format in key: score
2025-03-07 09:45:59 - WARNING - Invalid pixel coordinate format in key: score
2025-03-07 09:45:59 - WARNING - Invalid pixel coordinate format in key: score
2025-03-07 09:45:59 - WARNING - Invalid pixel coordinate format in key: score
2025-03-07 09:45:59 - WARNING - Invalid pixel coordinate format in key: score
2025-03-07 09:45:59 - WARNING - Invalid pixel coordinate format in key: score
2025-03-07 09:45:59 - WARNING - Invalid pixel coordinate format in key: score
2025-03-07 09:45:59 - WARNING - Invalid pixel coordinate format in key: score
2025-03-07 09:45:59 - WARNING - Invalid pixel coordinate format in key: score
2025-03-07 09:45:59 - WARNING - Invalid pixel coordinate format in key: score
2025-03-07 09:45:59 - WARNING - Invalid pixel coordinate format in key: score
2025-03-07 09:45:59 - WARNING - Invalid pixel coordinate format in key: score
2025-03-07 09:45:59 - WARNING - Invalid pixel coordinate format in key: score
2025-03-07 09:45:59 - WARNING - Invalid pixel coordinate format in key: score
2025-03-07 09:45:59 - WARNING - Invalid pixel coordinate format in key: score
2025-03-07 09:45:59 - WARNING - Invalid pixel coordinate format in key: score
2025-03-07 09:45:59 - WARNING - Invalid pixel coordinate format in key: score
2025-03-07 09:45:59 - WARNING - Invalid pixel coordinate format in key: score
2025-03-07 09:45:59 - WARNING - Invalid pixel coordinate format in key: score
2025-03-07 09:45:59 - WARNING - Invalid pixel coordinate format in key: score
2025-03-07 09:45:59 - WARNING - Invalid pixel coordinate format in key: score
2025-03-07 09:45:59 - WARNING - Invalid pixel coordinate format in key: score
2025-03-07 09:45:59 - WARNING - Invalid pixel coordinate format in key: score
2025-03-07 09:45:59 - WARNING - Invalid pixel coordinate format in key: score
2025-03-07 09:45:59 - WARNING - Invalid pixel coordinate format in key: score
2025-03-07 09:45:59 - WARNING - Invalid pixel coordinate format in key: score
2025-03-07 09:45:59 - WARNING - Invalid pixel coordinate format in key: score
2025-03-07 09:45:59 - WARNING - Invalid pixel coordinate format in key: score
2025-03-07 09:45:59 - WARNING - Invalid pixel coordinate format in key: score
2025-03-07 09:45:59 - WARNING - Invalid pixel coordinate format in key: score
2025-03-07 09:45:59 - WARNING - Invalid pixel coordinate format in key: score
2025-03-07 09:45:59 - WARNING - Invalid pixel coordinate format in key: score
2025-03-07 09:45:59 - WARNING - Invalid pixel coordinate format in key: score
2025-03-07 09:45:59 - WARNING - Invalid pixel coordinate format in key: score
2025-03-07 09:45:59 - WARNING - Invalid pixel coordinate format in key: score
2025-03-07 09:45:59 - WARNING - Invalid pixel coordinate format in key: score
2025-03-07 09:45:59 - WARNING - Invalid pixel coordinate format in key: score
2025-03-07 09:45:59 - WARNING - Invalid pixel coordinate format in key: score
2025-03-07 09:45:59 - WARNING - Invalid pixel coordinate format in key: score
2025-03-07 09:45:59 - WARNING - Invalid pixel coordinate format in key: score
2025-03-07 09:45:59 - WARNING - Invalid pixel coordinate format in key: score
2025-03-07 09:45:59 - WARNING - Invalid pixel coordinate format in key: score
2025-03-07 09:45:59 - WARNING - Invalid pixel coordinate format in key: score
2025-03-07 09:45:59 - WARNING - Invalid pixel coordinate format in key: score
2025-03-07 09:45:59 - WARNING - Invalid pixel coordinate format in key: score
2025-03-07 09:45:59 - WARNING - Invalid pixel coordinate format in key: score
2025-03-07 09:45:59 - WARNING - Invalid pixel coordinate format in key: score
2025-03-07 09:45:59 - WARNING - Invalid pixel coordinate format in key: score
2025-03-07 09:45:59 - WARNING - Invalid pixel coordinate format in key: score
2025-03-07 09:45:59 - WARNING - Invalid pixel coordinate format in key: score
2025-03-07 09:45:59 - WARNING - Invalid pixel coordinate format in key: score
2025-03-07 09:45:59 - WARNING - Invalid pixel coordinate format in key: score
2025-03-07 09:45:59 - WARNING - Invalid pixel coordinate format in key: score
2025-03-07 09:45:59 - WARNING - Invalid pixel coordinate format in key: score
2025-03-07 09:45:59 - WARNING - Invalid pixel coordinate format in key: score
2025-03-07 09:45:59 - WARNING - Invalid pixel coordinate format in key: score
2025-03-07 09:45:59 - WARNING - Invalid pixel coordinate format in key: score
2025-03-07 09:45:59 - WARNING - Invalid pixel coordinate format in key: score
2025-03-07 09:45:59 - WARNING - Invalid pixel coordinate format in key: score
2025-03-07 09:45:59 - WARNING - Invalid pixel coordinate format in key: score
2025-03-07 09:45:59 - WARNING - Invalid pixel coordinate format in key: score
2025-03-07 09:45:59 - WARNING - Invalid pixel coordinate format in key: score
2025-03-07 09:45:59 - WARNING - Invalid pixel coordinate format in key: score
2025-03-07 09:45:59 - WARNING - Invalid pixel coordinate format in key: score
2025-03-07 09:45:59 - WARNING - Invalid pixel coordinate format in key: score
2025-03-07 09:45:59 - WARNING - Invalid pixel coordinate format in key: score
2025-03-07 09:45:59 - WARNING - Invalid pixel coordinate format in key: score
2025-03-07 09:45:59 - WARNING - Invalid pixel coordinate format in key: score
2025-03-07 09:45:59 - WARNING - Invalid pixel coordinate format in key: score
2025-03-07 09:45:59 - WARNING - Invalid pixel coordinate format in key: score
2025-03-07 09:45:59 - WARNING - Invalid pixel coordinate format in key: score
2025-03-07 09:45:59 - WARNING - Invalid pixel coordinate format in key: score
2025-03-07 09:45:59 - WARNING - Invalid pixel coordinate format in key: score
2025-03-07 09:45:59 - WARNING - Invalid pixel coordinate format in key: score
2025-03-07 09:45:59 - WARNING - Invalid pixel coordinate format in key: score
2025-03-07 09:45:59 - WARNING - Invalid pixel coordinate format in key: score
2025-03-07 09:45:59 - WARNING - Invalid pixel coordinate format in key: score
2025-03-07 09:45:59 - WARNING - Invalid pixel coordinate format in key: score
2025-03-07 09:45:59 - WARNING - Invalid pixel coordinate format in key: score
2025-03-07 09:45:59 - WARNING - Invalid pixel coordinate format in key: score
2025-03-07 09:45:59 - WARNING - Invalid pixel coordinate format in key: score
2025-03-07 09:45:59 - WARNING - Invalid pixel coordinate format in key: score
2025-03-07 09:45:59 - WARNING - Invalid pixel coordinate format in key: score
2025-03-07 09:45:59 - WARNING - Invalid pixel coordinate format in key: score
2025-03-07 09:45:59 - WARNING - Invalid pixel coordinate format in key: score
2025-03-07 09:45:59 - WARNING - Invalid pixel coordinate format in key: score
2025-03-07 09:45:59 - WARNING - Invalid pixel coordinate format in key: score
2025-03-07 09:45:59 - WARNING - Invalid pixel coordinate format in key: score
2025-03-07 09:45:59 - WARNING - Invalid pixel coordinate format in key: score
2025-03-07 09:45:59 - WARNING - Invalid pixel coordinate format in key: score
2025-03-07 09:45:59 - WARNING - Invalid pixel coordinate format in key: score
2025-03-07 09:45:59 - WARNING - Invalid pixel coordinate format in key: score
2025-03-07 09:45:59 - WARNING - Invalid pixel coordinate format in key: score
2025-03-07 09:45:59 - WARNING - Invalid pixel coordinate format in key: score
2025-03-07 09:45:59 - WARNING - Invalid pixel coordinate format in key: score
2025-03-07 09:45:59 - WARNING - Invalid pixel coordinate format in key: score
2025-03-07 09:45:59 - WARNING - Invalid pixel coordinate format in key: score
2025-03-07 09:45:59 - WARNING - Invalid pixel coordinate format in key: score
2025-03-07 09:45:59 - WARNING - Invalid pixel coordinate format in key: score
2025-03-07 09:45:59 - WARNING - Invalid pixel coordinate format in key: score
2025-03-07 09:45:59 - WARNING - Invalid pixel coordinate format in key: score
2025-03-07 09:45:59 - WARNING - Invalid pixel coordinate format in key: score
2025-03-07 09:45:59 - WARNING - Invalid pixel coordinate format in key: score
2025-03-07 09:45:59 - WARNING - Invalid pixel coordinate format in key: score
2025-03-07 09:45:59 - WARNING - Invalid pixel coordinate format in key: score
2025-03-07 09:45:59 - WARNING - Invalid pixel coordinate format in key: score
2025-03-07 09:45:59 - WARNING - Invalid pixel coordinate format in key: score
2025-03-07 09:45:59 - WARNING - Invalid pixel coordinate format in key: score
2025-03-07 09:45:59 - WARNING - Invalid pixel coordinate format in key: score
2025-03-07 09:45:59 - WARNING - Invalid pixel coordinate format in key: score
2025-03-07 09:45:59 - WARNING - Invalid pixel coordinate format in key: score
2025-03-07 09:45:59 - WARNING - Invalid pixel coordinate format in key: score
2025-03-07 09:45:59 - WARNING - Invalid pixel coordinate format in key: score
2025-03-07 09:45:59 - WARNING - Invalid pixel coordinate format in key: score
2025-03-07 09:45:59 - WARNING - Invalid pixel coordinate format in key: score
2025-03-07 09:45:59 - WARNING - Invalid pixel coordinate format in key: score
2025-03-07 09:45:59 - WARNING - Invalid pixel coordinate format in key: score
2025-03-07 09:45:59 - WARNING - Invalid pixel coordinate format in key: score
2025-03-07 09:45:59 - WARNING - Invalid pixel coordinate format in key: score
2025-03-07 09:45:59 - WARNING - Invalid pixel coordinate format in key: score
2025-03-07 09:45:59 - WARNING - Invalid pixel coordinate format in key: score
2025-03-07 09:45:59 - WARNING - Invalid pixel coordinate format in key: score
2025-03-07 09:45:59 - WARNING - Invalid pixel coordinate format in key: score
2025-03-07 09:45:59 - WARNING - Invalid pixel coordinate format in key: score
2025-03-07 09:45:59 - WARNING - Invalid pixel coordinate format in key: score
2025-03-07 09:45:59 - WARNING - Invalid pixel coordinate format in key: score
2025-03-07 09:45:59 - WARNING - Invalid pixel coordinate format in key: score
2025-03-07 09:45:59 - WARNING - Invalid pixel coordinate format in key: score
2025-03-07 09:45:59 - WARNING - Invalid pixel coordinate format in key: score
2025-03-07 09:45:59 - WARNING - Invalid pixel coordinate format in key: score
2025-03-07 09:45:59 - WARNING - Invalid pixel coordinate format in key: score
2025-03-07 09:45:59 - WARNING - Invalid pixel coordinate format in key: score
2025-03-07 09:45:59 - WARNING - Invalid pixel coordinate format in key: score
2025-03-07 09:45:59 - WARNING - Invalid pixel coordinate format in key: score
2025-03-07 09:45:59 - WARNING - Invalid pixel coordinate format in key: score
2025-03-07 09:45:59 - INFO - No metadata extracted from valid files.
2025-03-07 09:45:59 - INFO - Drone metadata is empty or not available.
2025-03-07 09:46:00 - INFO - OGM metadata successfully saved to estimated_OGM/occupancy_grid_map_Flood_Objects.json
2025-03-07 09:46:00 - INFO - Filtered GeoJSON successfully saved to estimated_OGM/occupancy_grid_map_Flood_Objects_filtered.json
2025-03-07 09:46:00 - INFO - Converting GeoJSON to GeoTIFF at estimated_OGM/occupancy_grid_map_Flood_Objects_filtered.tif
2025-03-07 09:46:00 - INFO - Processing notification: PersonVehicleDetection
2025-03-07 09:46:00 - ERROR - Value error during GeoTIFF conversion: GeoJSON file contains no features. Cannot generate raster.
2025-03-07 09:46:00 - INFO - No SinglePostResult files found. Skipping this step.
2025-03-07 09:46:00 - INFO - Files written successfully: downloads/drone_imgs/Flood/DJI_20211023132127_0089_W_objects_metadata.json, downloads/drone_imgs/Flood/DJI_20211023132127_0089_W_obj.json
2025-03-07 09:46:00 - INFO - Geo-referencing is done correctly for person and vehicles.
2025-03-07 09:46:00 - INFO - Setting event for non-Alert entity
2025-03-07 09:46:00 - INFO - initialize_processing() is already running, skipping.
2025-03-07 09:46:00 - INFO - 127.0.0.1 - - [07/Mar/2025 09:46:00] "POST /pdm05/notify?subscriptionId=urn:ngsi-ld:tema:subscription:USE:PDM05:007 HTTP/1.1" 200 -
2025-03-07 09:46:00 - INFO - ROI data -> [[[6.996817, 50.521793], [6.98238, 50.517756], [6.976085, 50.513527], [6.980425, 50.50647], [6.995879, 50.511398], [6.996817, 50.521793]]]
2025-03-07 09:46:00 - INFO - ogm_gt_ (6.976085, 9.013913043478152e-05, 0.0, 50.521793, 0.0, -9.013529411765997e-05)
2025-03-07 09:46:00 - INFO - observe_gt_drone None
2025-03-07 09:46:00 - INFO - Drone measurements are not available: unsupported operand type(s) for /: 'NoneType' and 'int'
2025-03-07 09:46:00 - INFO - Sat measurements are not available object of type 'NoneType' has no len()
2025-03-07 09:46:00 - INFO - GeoTIFF saved successfully at estimated_OGM/occupancy_grid_map_Flood.tif
2025-03-07 09:46:00 - INFO - urn:ngsi-ld:USE:PDM-05:Maps4Flood:01
2025-03-07 09:46:00 - INFO - Metadata {'title': 'OGM', 'author': 'GRVC lab, University of Seville', 'description': 'Estimated OGM for Fire.', 'creationDate': '2025-03-07T09:46:00.315144', 'XMin': 6.976085, 'XRes': 9.013913043478152e-05, 'YMax': 50.521793, 'YRes': -9.013529411765997e-05, 'spatialReference': 'EPSG:4326', 'file_name': 'occupancy_grid_map_Flood.tif', 'coordinates': [[[6.996817, 50.521793], [6.98238, 50.517756], [6.976085, 50.513527], [6.980425, 50.50647], [6.995879, 50.511398], [6.996817, 50.521793]]], 'bucket': 'naples', 'minio_url': 'https://storage.tema.digital-enabler.eng.it:443/naples/occupancy_grid_mapFlood.tif'}
2025-03-07 09:46:00 - INFO - inside process_and_upload_ogm entity_id ---> urn:ngsi-ld:USE:PDM-05:Maps4Flood:01
2025-03-07 09:46:00 - INFO - Object name occupancy_grid_map_Flood.tif
2025-03-07 09:46:00 - INFO - Object Name in for uploading occupancy_grid_map_Flood.tif
2025-03-07 09:46:00 - INFO - File path in for uploading estimated_OGM/occupancy_grid_map_Flood.tif
2025-03-07 09:46:00 - INFO - File uploaded successfully.
2025-03-07 09:46:00 - INFO - File 'estimated_OGM/occupancy_grid_map_Flood.tif' uploaded to bucket 'naples' successfully.
2025-03-07 09:46:00 - INFO - Entity urn:ngsi-ld:USE:PDM-05:Maps4Flood:01 updated successfully.
2025-03-07 09:46:00 - INFO - Payload published successfully for entity: urn:ngsi-ld:USE:PDM-05:Maps4Flood:01
2025-03-07 09:46:00 - INFO - Checking for existing geo dict: estimated_OGM/occupancy_grid_map_Flood_Objects.json
2025-03-07 09:46:00 - INFO - Using existing geo dict.
2025-03-07 09:46:00 - WARNING - Invalid pixel coordinate format in key: score
2025-03-07 09:46:00 - WARNING - Invalid pixel coordinate format in key: score
2025-03-07 09:46:00 - WARNING - Invalid pixel coordinate format in key: score
2025-03-07 09:46:00 - WARNING - Invalid pixel coordinate format in key: score
2025-03-07 09:46:00 - WARNING - Invalid pixel coordinate format in key: score
2025-03-07 09:46:00 - WARNING - Invalid pixel coordinate format in key: score
2025-03-07 09:46:00 - WARNING - Invalid pixel coordinate format in key: score
2025-03-07 09:46:00 - WARNING - Invalid pixel coordinate format in key: score
2025-03-07 09:46:00 - WARNING - Invalid pixel coordinate format in key: score
2025-03-07 09:46:00 - WARNING - Invalid pixel coordinate format in key: score
2025-03-07 09:46:00 - WARNING - Invalid pixel coordinate format in key: score
2025-03-07 09:46:00 - WARNING - Invalid pixel coordinate format in key: score
2025-03-07 09:46:00 - WARNING - Invalid pixel coordinate format in key: score
2025-03-07 09:46:00 - WARNING - Invalid pixel coordinate format in key: score
2025-03-07 09:46:00 - WARNING - Invalid pixel coordinate format in key: score
2025-03-07 09:46:00 - WARNING - Invalid pixel coordinate format in key: score
2025-03-07 09:46:00 - WARNING - Invalid pixel coordinate format in key: score
2025-03-07 09:46:00 - WARNING - Invalid pixel coordinate format in key: score
2025-03-07 09:46:00 - WARNING - Invalid pixel coordinate format in key: score
2025-03-07 09:46:00 - WARNING - Invalid pixel coordinate format in key: score
2025-03-07 09:46:00 - WARNING - Invalid pixel coordinate format in key: score
2025-03-07 09:46:00 - WARNING - Invalid pixel coordinate format in key: score
2025-03-07 09:46:00 - WARNING - Invalid pixel coordinate format in key: score
2025-03-07 09:46:00 - WARNING - Invalid pixel coordinate format in key: score
2025-03-07 09:46:00 - WARNING - Invalid pixel coordinate format in key: score
2025-03-07 09:46:00 - WARNING - Invalid pixel coordinate format in key: score
2025-03-07 09:46:00 - WARNING - Invalid pixel coordinate format in key: score
2025-03-07 09:46:00 - WARNING - Invalid pixel coordinate format in key: score
2025-03-07 09:46:00 - WARNING - Invalid pixel coordinate format in key: score
2025-03-07 09:46:00 - WARNING - Invalid pixel coordinate format in key: score
2025-03-07 09:46:00 - WARNING - Invalid pixel coordinate format in key: score
2025-03-07 09:46:00 - WARNING - Invalid pixel coordinate format in key: score
2025-03-07 09:46:00 - WARNING - Invalid pixel coordinate format in key: score
2025-03-07 09:46:00 - WARNING - Invalid pixel coordinate format in key: score
2025-03-07 09:46:00 - WARNING - Invalid pixel coordinate format in key: score
2025-03-07 09:46:00 - WARNING - Invalid pixel coordinate format in key: score
2025-03-07 09:46:00 - WARNING - Invalid pixel coordinate format in key: score
2025-03-07 09:46:00 - WARNING - Invalid pixel coordinate format in key: score
2025-03-07 09:46:00 - WARNING - Invalid pixel coordinate format in key: score
2025-03-07 09:46:00 - WARNING - Invalid pixel coordinate format in key: score
2025-03-07 09:46:00 - WARNING - Invalid pixel coordinate format in key: score
2025-03-07 09:46:00 - WARNING - Invalid pixel coordinate format in key: score
2025-03-07 09:46:00 - WARNING - Invalid pixel coordinate format in key: score
2025-03-07 09:46:00 - WARNING - Invalid pixel coordinate format in key: score
2025-03-07 09:46:00 - WARNING - Invalid pixel coordinate format in key: score
2025-03-07 09:46:00 - WARNING - Invalid pixel coordinate format in key: score
2025-03-07 09:46:00 - WARNING - Invalid pixel coordinate format in key: score
2025-03-07 09:46:00 - WARNING - Invalid pixel coordinate format in key: score
2025-03-07 09:46:00 - WARNING - Invalid pixel coordinate format in key: score
2025-03-07 09:46:00 - WARNING - Invalid pixel coordinate format in key: score
2025-03-07 09:46:00 - WARNING - Invalid pixel coordinate format in key: score
2025-03-07 09:46:00 - WARNING - Invalid pixel coordinate format in key: score
2025-03-07 09:46:00 - WARNING - Invalid pixel coordinate format in key: score
2025-03-07 09:46:00 - WARNING - Invalid pixel coordinate format in key: score
2025-03-07 09:46:00 - WARNING - Invalid pixel coordinate format in key: score
2025-03-07 09:46:00 - WARNING - Invalid pixel coordinate format in key: score
2025-03-07 09:46:00 - WARNING - Invalid pixel coordinate format in key: score
2025-03-07 09:46:00 - WARNING - Invalid pixel coordinate format in key: score
2025-03-07 09:46:00 - WARNING - Invalid pixel coordinate format in key: score
2025-03-07 09:46:00 - WARNING - Invalid pixel coordinate format in key: score
2025-03-07 09:46:00 - WARNING - Invalid pixel coordinate format in key: score
2025-03-07 09:46:00 - WARNING - Invalid pixel coordinate format in key: score
2025-03-07 09:46:00 - WARNING - Invalid pixel coordinate format in key: score
2025-03-07 09:46:00 - WARNING - Invalid pixel coordinate format in key: score
2025-03-07 09:46:00 - WARNING - Invalid pixel coordinate format in key: score
2025-03-07 09:46:00 - WARNING - Invalid pixel coordinate format in key: score
2025-03-07 09:46:00 - WARNING - Invalid pixel coordinate format in key: score
2025-03-07 09:46:00 - WARNING - Invalid pixel coordinate format in key: score
2025-03-07 09:46:00 - WARNING - Invalid pixel coordinate format in key: score
2025-03-07 09:46:00 - WARNING - Invalid pixel coordinate format in key: score
2025-03-07 09:46:00 - WARNING - Invalid pixel coordinate format in key: score
2025-03-07 09:46:00 - WARNING - Invalid pixel coordinate format in key: score
2025-03-07 09:46:00 - WARNING - Invalid pixel coordinate format in key: score
2025-03-07 09:46:00 - WARNING - Invalid pixel coordinate format in key: score
2025-03-07 09:46:00 - WARNING - Invalid pixel coordinate format in key: score
2025-03-07 09:46:00 - WARNING - Invalid pixel coordinate format in key: score
2025-03-07 09:46:00 - WARNING - Invalid pixel coordinate format in key: score
2025-03-07 09:46:00 - WARNING - Invalid pixel coordinate format in key: score
2025-03-07 09:46:00 - WARNING - Invalid pixel coordinate format in key: score
2025-03-07 09:46:00 - WARNING - Invalid pixel coordinate format in key: score
2025-03-07 09:46:00 - WARNING - Invalid pixel coordinate format in key: score
2025-03-07 09:46:00 - WARNING - Invalid pixel coordinate format in key: score
2025-03-07 09:46:00 - WARNING - Invalid pixel coordinate format in key: score
2025-03-07 09:46:00 - WARNING - Invalid pixel coordinate format in key: score
2025-03-07 09:46:00 - WARNING - Invalid pixel coordinate format in key: score
2025-03-07 09:46:00 - WARNING - Invalid pixel coordinate format in key: score
2025-03-07 09:46:00 - WARNING - Invalid pixel coordinate format in key: score
2025-03-07 09:46:00 - WARNING - Invalid pixel coordinate format in key: score
2025-03-07 09:46:00 - WARNING - Invalid pixel coordinate format in key: score
2025-03-07 09:46:00 - WARNING - Invalid pixel coordinate format in key: score
2025-03-07 09:46:00 - WARNING - Invalid pixel coordinate format in key: score
2025-03-07 09:46:00 - WARNING - Invalid pixel coordinate format in key: score
2025-03-07 09:46:00 - WARNING - Invalid pixel coordinate format in key: score
2025-03-07 09:46:00 - WARNING - Invalid pixel coordinate format in key: score
2025-03-07 09:46:00 - WARNING - Invalid pixel coordinate format in key: score
2025-03-07 09:46:00 - WARNING - Invalid pixel coordinate format in key: score
2025-03-07 09:46:00 - WARNING - Invalid pixel coordinate format in key: score
2025-03-07 09:46:00 - WARNING - Invalid pixel coordinate format in key: score
2025-03-07 09:46:00 - WARNING - Invalid pixel coordinate format in key: score
2025-03-07 09:46:00 - WARNING - Invalid pixel coordinate format in key: score
2025-03-07 09:46:00 - WARNING - Invalid pixel coordinate format in key: score
2025-03-07 09:46:00 - WARNING - Invalid pixel coordinate format in key: score
2025-03-07 09:46:00 - WARNING - Invalid pixel coordinate format in key: score
2025-03-07 09:46:00 - WARNING - Invalid pixel coordinate format in key: score
2025-03-07 09:46:00 - WARNING - Invalid pixel coordinate format in key: score
2025-03-07 09:46:00 - WARNING - Invalid pixel coordinate format in key: score
2025-03-07 09:46:00 - WARNING - Invalid pixel coordinate format in key: score
2025-03-07 09:46:00 - WARNING - Invalid pixel coordinate format in key: score
2025-03-07 09:46:00 - WARNING - Invalid pixel coordinate format in key: score
2025-03-07 09:46:00 - WARNING - Invalid pixel coordinate format in key: score
2025-03-07 09:46:00 - WARNING - Invalid pixel coordinate format in key: score
2025-03-07 09:46:00 - WARNING - Invalid pixel coordinate format in key: score
2025-03-07 09:46:00 - WARNING - Invalid pixel coordinate format in key: score
2025-03-07 09:46:00 - WARNING - Invalid pixel coordinate format in key: score
2025-03-07 09:46:00 - WARNING - Invalid pixel coordinate format in key: score
2025-03-07 09:46:00 - WARNING - Invalid pixel coordinate format in key: score
2025-03-07 09:46:00 - WARNING - Invalid pixel coordinate format in key: score
2025-03-07 09:46:00 - WARNING - Invalid pixel coordinate format in key: score
2025-03-07 09:46:00 - WARNING - Invalid pixel coordinate format in key: score
2025-03-07 09:46:00 - WARNING - Invalid pixel coordinate format in key: score
2025-03-07 09:46:00 - WARNING - Invalid pixel coordinate format in key: score
2025-03-07 09:46:00 - WARNING - Invalid pixel coordinate format in key: score
2025-03-07 09:46:00 - WARNING - Invalid pixel coordinate format in key: score
2025-03-07 09:46:00 - WARNING - Invalid pixel coordinate format in key: score
2025-03-07 09:46:00 - WARNING - Invalid pixel coordinate format in key: score
2025-03-07 09:46:00 - WARNING - Invalid pixel coordinate format in key: score
2025-03-07 09:46:00 - WARNING - Invalid pixel coordinate format in key: score
2025-03-07 09:46:00 - WARNING - Invalid pixel coordinate format in key: score
2025-03-07 09:46:00 - WARNING - Invalid pixel coordinate format in key: score
2025-03-07 09:46:00 - WARNING - Invalid pixel coordinate format in key: score
2025-03-07 09:46:00 - WARNING - Invalid pixel coordinate format in key: score
2025-03-07 09:46:00 - WARNING - Invalid pixel coordinate format in key: score
2025-03-07 09:46:00 - WARNING - Invalid pixel coordinate format in key: score
2025-03-07 09:46:00 - WARNING - Invalid pixel coordinate format in key: score
2025-03-07 09:46:00 - WARNING - Invalid pixel coordinate format in key: score
2025-03-07 09:46:00 - WARNING - Invalid pixel coordinate format in key: score
2025-03-07 09:46:00 - WARNING - Invalid pixel coordinate format in key: score
2025-03-07 09:46:00 - WARNING - Invalid pixel coordinate format in key: score
2025-03-07 09:46:00 - WARNING - Invalid pixel coordinate format in key: score
2025-03-07 09:46:00 - WARNING - Invalid pixel coordinate format in key: score
2025-03-07 09:46:00 - WARNING - Invalid pixel coordinate format in key: score
2025-03-07 09:46:00 - WARNING - Invalid pixel coordinate format in key: score
2025-03-07 09:46:00 - WARNING - Invalid pixel coordinate format in key: score
2025-03-07 09:46:00 - WARNING - Invalid pixel coordinate format in key: score
2025-03-07 09:46:00 - WARNING - Invalid pixel coordinate format in key: score
2025-03-07 09:46:00 - WARNING - Invalid pixel coordinate format in key: score
2025-03-07 09:46:00 - WARNING - Invalid pixel coordinate format in key: score
2025-03-07 09:46:00 - WARNING - Invalid pixel coordinate format in key: score
2025-03-07 09:46:00 - WARNING - Invalid pixel coordinate format in key: score
2025-03-07 09:46:00 - WARNING - Invalid pixel coordinate format in key: score
2025-03-07 09:46:00 - WARNING - Invalid pixel coordinate format in key: score
2025-03-07 09:46:00 - WARNING - Invalid pixel coordinate format in key: score
2025-03-07 09:46:00 - WARNING - Invalid pixel coordinate format in key: score
2025-03-07 09:46:00 - WARNING - Invalid pixel coordinate format in key: score
2025-03-07 09:46:00 - WARNING - Invalid pixel coordinate format in key: score
2025-03-07 09:46:00 - WARNING - Invalid pixel coordinate format in key: score
2025-03-07 09:46:00 - WARNING - Invalid pixel coordinate format in key: score
2025-03-07 09:46:00 - WARNING - Invalid pixel coordinate format in key: score
2025-03-07 09:46:00 - WARNING - Invalid pixel coordinate format in key: score
2025-03-07 09:46:00 - WARNING - Invalid pixel coordinate format in key: score
2025-03-07 09:46:00 - WARNING - Invalid pixel coordinate format in key: score
2025-03-07 09:46:00 - WARNING - Invalid pixel coordinate format in key: score
2025-03-07 09:46:00 - WARNING - Invalid pixel coordinate format in key: score
2025-03-07 09:46:00 - WARNING - Invalid pixel coordinate format in key: score
2025-03-07 09:46:00 - WARNING - Invalid pixel coordinate format in key: score
2025-03-07 09:46:00 - WARNING - Invalid pixel coordinate format in key: score
2025-03-07 09:46:00 - WARNING - Invalid pixel coordinate format in key: score
2025-03-07 09:46:00 - WARNING - Invalid pixel coordinate format in key: score
2025-03-07 09:46:00 - WARNING - Invalid pixel coordinate format in key: score
2025-03-07 09:46:00 - WARNING - Invalid pixel coordinate format in key: score
2025-03-07 09:46:00 - WARNING - Invalid pixel coordinate format in key: score
2025-03-07 09:46:00 - WARNING - Invalid pixel coordinate format in key: score
2025-03-07 09:46:00 - WARNING - Invalid pixel coordinate format in key: score
2025-03-07 09:46:00 - WARNING - Invalid pixel coordinate format in key: score
2025-03-07 09:46:00 - WARNING - Invalid pixel coordinate format in key: score
2025-03-07 09:46:00 - WARNING - Invalid pixel coordinate format in key: score
2025-03-07 09:46:00 - WARNING - Invalid pixel coordinate format in key: score
2025-03-07 09:46:00 - WARNING - Invalid pixel coordinate format in key: score
2025-03-07 09:46:00 - WARNING - Invalid pixel coordinate format in key: score
2025-03-07 09:46:00 - WARNING - Invalid pixel coordinate format in key: score
2025-03-07 09:46:00 - WARNING - Invalid pixel coordinate format in key: score
2025-03-07 09:46:00 - WARNING - Invalid pixel coordinate format in key: score
2025-03-07 09:46:00 - WARNING - Invalid pixel coordinate format in key: score
2025-03-07 09:46:00 - WARNING - Invalid pixel coordinate format in key: score
2025-03-07 09:46:00 - WARNING - Invalid pixel coordinate format in key: score
2025-03-07 09:46:00 - WARNING - Invalid pixel coordinate format in key: score
2025-03-07 09:46:00 - WARNING - Invalid pixel coordinate format in key: score
2025-03-07 09:46:00 - WARNING - Invalid pixel coordinate format in key: score
2025-03-07 09:46:00 - WARNING - Invalid pixel coordinate format in key: score
2025-03-07 09:46:00 - WARNING - Invalid pixel coordinate format in key: score
2025-03-07 09:46:00 - WARNING - Invalid pixel coordinate format in key: score
2025-03-07 09:46:00 - WARNING - Invalid pixel coordinate format in key: score
2025-03-07 09:46:00 - WARNING - Invalid pixel coordinate format in key: score
2025-03-07 09:46:00 - WARNING - Invalid pixel coordinate format in key: score
2025-03-07 09:46:00 - WARNING - Invalid pixel coordinate format in key: score
2025-03-07 09:46:00 - WARNING - Invalid pixel coordinate format in key: score
2025-03-07 09:46:00 - WARNING - Invalid pixel coordinate format in key: score
2025-03-07 09:46:00 - WARNING - Invalid pixel coordinate format in key: score
2025-03-07 09:46:00 - WARNING - Invalid pixel coordinate format in key: score
2025-03-07 09:46:00 - WARNING - Invalid pixel coordinate format in key: score
2025-03-07 09:46:00 - WARNING - Invalid pixel coordinate format in key: score
2025-03-07 09:46:00 - WARNING - Invalid pixel coordinate format in key: score
2025-03-07 09:46:00 - WARNING - Invalid pixel coordinate format in key: score
2025-03-07 09:46:00 - WARNING - Invalid pixel coordinate format in key: score
2025-03-07 09:46:00 - WARNING - Invalid pixel coordinate format in key: score
2025-03-07 09:46:00 - WARNING - Invalid pixel coordinate format in key: score
2025-03-07 09:46:00 - WARNING - Invalid pixel coordinate format in key: score
2025-03-07 09:46:00 - WARNING - Invalid pixel coordinate format in key: score
2025-03-07 09:46:00 - WARNING - Invalid pixel coordinate format in key: score
2025-03-07 09:46:00 - WARNING - Invalid pixel coordinate format in key: score
2025-03-07 09:46:00 - WARNING - Invalid pixel coordinate format in key: score
2025-03-07 09:46:00 - WARNING - Invalid pixel coordinate format in key: score
2025-03-07 09:46:00 - WARNING - Invalid pixel coordinate format in key: score
2025-03-07 09:46:00 - WARNING - Invalid pixel coordinate format in key: score
2025-03-07 09:46:00 - WARNING - Invalid pixel coordinate format in key: score
2025-03-07 09:46:00 - WARNING - Invalid pixel coordinate format in key: score
2025-03-07 09:46:00 - WARNING - Invalid pixel coordinate format in key: score
2025-03-07 09:46:00 - WARNING - Invalid pixel coordinate format in key: score
2025-03-07 09:46:00 - WARNING - Invalid pixel coordinate format in key: score
2025-03-07 09:46:00 - WARNING - Invalid pixel coordinate format in key: score
2025-03-07 09:46:00 - WARNING - Invalid pixel coordinate format in key: score
2025-03-07 09:46:00 - WARNING - Invalid pixel coordinate format in key: score
2025-03-07 09:46:00 - WARNING - Invalid pixel coordinate format in key: score
2025-03-07 09:46:00 - WARNING - Invalid pixel coordinate format in key: score
2025-03-07 09:46:00 - WARNING - Invalid pixel coordinate format in key: score
2025-03-07 09:46:00 - WARNING - Invalid pixel coordinate format in key: score
2025-03-07 09:46:00 - WARNING - Invalid pixel coordinate format in key: score
2025-03-07 09:46:00 - WARNING - Invalid pixel coordinate format in key: score
2025-03-07 09:46:00 - WARNING - Invalid pixel coordinate format in key: score
2025-03-07 09:46:00 - WARNING - Invalid pixel coordinate format in key: score
2025-03-07 09:46:00 - WARNING - Invalid pixel coordinate format in key: score
2025-03-07 09:46:00 - WARNING - Invalid pixel coordinate format in key: score
2025-03-07 09:46:00 - WARNING - Invalid pixel coordinate format in key: score
2025-03-07 09:46:00 - WARNING - Invalid pixel coordinate format in key: score
2025-03-07 09:46:00 - WARNING - Invalid pixel coordinate format in key: score
2025-03-07 09:46:00 - WARNING - Invalid pixel coordinate format in key: score
2025-03-07 09:46:00 - WARNING - Invalid pixel coordinate format in key: score
2025-03-07 09:46:00 - WARNING - Invalid pixel coordinate format in key: score
2025-03-07 09:46:00 - WARNING - Invalid pixel coordinate format in key: score
2025-03-07 09:46:00 - WARNING - Invalid pixel coordinate format in key: score
2025-03-07 09:46:00 - WARNING - Invalid pixel coordinate format in key: score
2025-03-07 09:46:00 - WARNING - Invalid pixel coordinate format in key: score
2025-03-07 09:46:00 - WARNING - Invalid pixel coordinate format in key: score
2025-03-07 09:46:00 - WARNING - Invalid pixel coordinate format in key: score
2025-03-07 09:46:00 - WARNING - Invalid pixel coordinate format in key: score
2025-03-07 09:46:00 - WARNING - Invalid pixel coordinate format in key: score
2025-03-07 09:46:00 - WARNING - Invalid pixel coordinate format in key: score
2025-03-07 09:46:00 - WARNING - Invalid pixel coordinate format in key: score
2025-03-07 09:46:00 - WARNING - Invalid pixel coordinate format in key: score
2025-03-07 09:46:00 - WARNING - Invalid pixel coordinate format in key: score
2025-03-07 09:46:00 - WARNING - Invalid pixel coordinate format in key: score
2025-03-07 09:46:00 - WARNING - Invalid pixel coordinate format in key: score
2025-03-07 09:46:00 - WARNING - Invalid pixel coordinate format in key: score
2025-03-07 09:46:00 - WARNING - Invalid pixel coordinate format in key: score
2025-03-07 09:46:00 - WARNING - Invalid pixel coordinate format in key: score
2025-03-07 09:46:00 - WARNING - Invalid pixel coordinate format in key: score
2025-03-07 09:46:00 - WARNING - Invalid pixel coordinate format in key: score
2025-03-07 09:46:00 - WARNING - Invalid pixel coordinate format in key: score
2025-03-07 09:46:00 - WARNING - Invalid pixel coordinate format in key: score
2025-03-07 09:46:00 - WARNING - Invalid pixel coordinate format in key: score
2025-03-07 09:46:00 - WARNING - Invalid pixel coordinate format in key: score
2025-03-07 09:46:00 - WARNING - Invalid pixel coordinate format in key: score
2025-03-07 09:46:00 - WARNING - Invalid pixel coordinate format in key: score
2025-03-07 09:46:00 - WARNING - Invalid pixel coordinate format in key: score
2025-03-07 09:46:00 - WARNING - Invalid pixel coordinate format in key: score
2025-03-07 09:46:00 - WARNING - Invalid pixel coordinate format in key: score
2025-03-07 09:46:00 - WARNING - Invalid pixel coordinate format in key: score
2025-03-07 09:46:00 - WARNING - Invalid pixel coordinate format in key: score
2025-03-07 09:46:00 - WARNING - Invalid pixel coordinate format in key: score
2025-03-07 09:46:00 - WARNING - Invalid pixel coordinate format in key: score
2025-03-07 09:46:00 - WARNING - Invalid pixel coordinate format in key: score
2025-03-07 09:46:00 - WARNING - Invalid pixel coordinate format in key: score
2025-03-07 09:46:00 - WARNING - Invalid pixel coordinate format in key: score
2025-03-07 09:46:00 - WARNING - Invalid pixel coordinate format in key: score
2025-03-07 09:46:00 - WARNING - Invalid pixel coordinate format in key: score
2025-03-07 09:46:00 - WARNING - Invalid pixel coordinate format in key: score
2025-03-07 09:46:00 - WARNING - Invalid pixel coordinate format in key: score
2025-03-07 09:46:00 - WARNING - Invalid pixel coordinate format in key: score
2025-03-07 09:46:00 - WARNING - Invalid pixel coordinate format in key: score
2025-03-07 09:46:00 - WARNING - Invalid pixel coordinate format in key: score
2025-03-07 09:46:00 - WARNING - Invalid pixel coordinate format in key: score
2025-03-07 09:46:00 - WARNING - Invalid pixel coordinate format in key: score
2025-03-07 09:46:00 - WARNING - Invalid pixel coordinate format in key: score
2025-03-07 09:46:00 - WARNING - Invalid pixel coordinate format in key: score
2025-03-07 09:46:00 - WARNING - Invalid pixel coordinate format in key: score
2025-03-07 09:46:00 - WARNING - Invalid pixel coordinate format in key: score
2025-03-07 09:46:00 - WARNING - Invalid pixel coordinate format in key: score
2025-03-07 09:46:00 - WARNING - Invalid pixel coordinate format in key: score
2025-03-07 09:46:00 - WARNING - Invalid pixel coordinate format in key: score
2025-03-07 09:46:00 - WARNING - Invalid pixel coordinate format in key: score
2025-03-07 09:46:00 - WARNING - Invalid pixel coordinate format in key: score
2025-03-07 09:46:00 - WARNING - Invalid pixel coordinate format in key: score
2025-03-07 09:46:00 - WARNING - Invalid pixel coordinate format in key: score
2025-03-07 09:46:00 - INFO - No metadata extracted from valid files.
2025-03-07 09:46:00 - INFO - Drone metadata is empty or not available.
2025-03-07 09:46:01 - INFO - OGM metadata successfully saved to estimated_OGM/occupancy_grid_map_Flood_Objects.json
2025-03-07 09:46:01 - INFO - Filtered GeoJSON successfully saved to estimated_OGM/occupancy_grid_map_Flood_Objects_filtered.json
2025-03-07 09:46:01 - INFO - Converting GeoJSON to GeoTIFF at estimated_OGM/occupancy_grid_map_Flood_Objects_filtered.tif
2025-03-07 09:46:01 - ERROR - Value error during GeoTIFF conversion: GeoJSON file contains no features. Cannot generate raster.
2025-03-07 09:46:01 - INFO - No SinglePostResult files found. Skipping this step.
2025-03-07 09:46:01 - INFO - Processing notification: PersonVehicleDetection
2025-03-07 09:46:01 - INFO - Files written successfully: downloads/drone_imgs/Flood/DJI_20211023132131_0090_W_objects_metadata.json, downloads/drone_imgs/Flood/DJI_20211023132131_0090_W_obj.json
2025-03-07 09:46:01 - INFO - Geo-referencing is done correctly for person and vehicles.
2025-03-07 09:46:01 - INFO - Setting event for non-Alert entity
2025-03-07 09:46:01 - INFO - ROI data -> [[[6.996817, 50.521793], [6.98238, 50.517756], [6.976085, 50.513527], [6.980425, 50.50647], [6.995879, 50.511398], [6.996817, 50.521793]]]
2025-03-07 09:46:01 - INFO - initialize_processing() is already running, skipping.
2025-03-07 09:46:01 - INFO - 127.0.0.1 - - [07/Mar/2025 09:46:01] "POST /pdm05/notify?subscriptionId=urn:ngsi-ld:tema:subscription:USE:PDM05:007 HTTP/1.1" 200 -
2025-03-07 09:46:01 - INFO - ogm_gt_ (6.976085, 9.013913043478152e-05, 0.0, 50.521793, 0.0, -9.013529411765997e-05)
2025-03-07 09:46:01 - INFO - observe_gt_drone None
2025-03-07 09:46:01 - INFO - Drone measurements are not available: unsupported operand type(s) for /: 'NoneType' and 'int'
2025-03-07 09:46:01 - INFO - Sat measurements are not available object of type 'NoneType' has no len()
2025-03-07 09:46:01 - INFO - GeoTIFF saved successfully at estimated_OGM/occupancy_grid_map_Flood.tif
2025-03-07 09:46:01 - INFO - urn:ngsi-ld:USE:PDM-05:Maps4Flood:01
2025-03-07 09:46:01 - INFO - Metadata {'title': 'OGM', 'author': 'GRVC lab, University of Seville', 'description': 'Estimated OGM for Fire.', 'creationDate': '2025-03-07T09:46:01.915325', 'XMin': 6.976085, 'XRes': 9.013913043478152e-05, 'YMax': 50.521793, 'YRes': -9.013529411765997e-05, 'spatialReference': 'EPSG:4326', 'file_name': 'occupancy_grid_map_Flood.tif', 'coordinates': [[[6.996817, 50.521793], [6.98238, 50.517756], [6.976085, 50.513527], [6.980425, 50.50647], [6.995879, 50.511398], [6.996817, 50.521793]]], 'bucket': 'naples', 'minio_url': 'https://storage.tema.digital-enabler.eng.it:443/naples/occupancy_grid_mapFlood.tif'}
2025-03-07 09:46:01 - INFO - inside process_and_upload_ogm entity_id ---> urn:ngsi-ld:USE:PDM-05:Maps4Flood:01
2025-03-07 09:46:01 - INFO - Object name occupancy_grid_map_Flood.tif
2025-03-07 09:46:01 - INFO - Object Name in for uploading occupancy_grid_map_Flood.tif
2025-03-07 09:46:01 - INFO - File path in for uploading estimated_OGM/occupancy_grid_map_Flood.tif
2025-03-07 09:46:02 - INFO - File uploaded successfully.
2025-03-07 09:46:02 - INFO - File 'estimated_OGM/occupancy_grid_map_Flood.tif' uploaded to bucket 'naples' successfully.
2025-03-07 09:46:02 - INFO - Entity urn:ngsi-ld:USE:PDM-05:Maps4Flood:01 updated successfully.
2025-03-07 09:46:02 - INFO - Payload published successfully for entity: urn:ngsi-ld:USE:PDM-05:Maps4Flood:01
2025-03-07 09:46:02 - INFO - Checking for existing geo dict: estimated_OGM/occupancy_grid_map_Flood_Objects.json
2025-03-07 09:46:02 - INFO - Using existing geo dict.
2025-03-07 09:46:02 - WARNING - Invalid pixel coordinate format in key: score
2025-03-07 09:46:02 - WARNING - Invalid pixel coordinate format in key: score
2025-03-07 09:46:02 - WARNING - Invalid pixel coordinate format in key: score
2025-03-07 09:46:02 - WARNING - Invalid pixel coordinate format in key: score
2025-03-07 09:46:02 - WARNING - Invalid pixel coordinate format in key: score
2025-03-07 09:46:02 - WARNING - Invalid pixel coordinate format in key: score
2025-03-07 09:46:02 - WARNING - Invalid pixel coordinate format in key: score
2025-03-07 09:46:02 - WARNING - Invalid pixel coordinate format in key: score
2025-03-07 09:46:02 - WARNING - Invalid pixel coordinate format in key: score
2025-03-07 09:46:02 - WARNING - Invalid pixel coordinate format in key: score
2025-03-07 09:46:02 - WARNING - Invalid pixel coordinate format in key: score
2025-03-07 09:46:02 - WARNING - Invalid pixel coordinate format in key: score
2025-03-07 09:46:02 - WARNING - Invalid pixel coordinate format in key: score
2025-03-07 09:46:02 - WARNING - Invalid pixel coordinate format in key: score
2025-03-07 09:46:02 - WARNING - Invalid pixel coordinate format in key: score
2025-03-07 09:46:02 - WARNING - Invalid pixel coordinate format in key: score
2025-03-07 09:46:02 - WARNING - Invalid pixel coordinate format in key: score
2025-03-07 09:46:02 - WARNING - Invalid pixel coordinate format in key: score
2025-03-07 09:46:02 - WARNING - Invalid pixel coordinate format in key: score
2025-03-07 09:46:02 - WARNING - Invalid pixel coordinate format in key: score
2025-03-07 09:46:02 - WARNING - Invalid pixel coordinate format in key: score
2025-03-07 09:46:02 - WARNING - Invalid pixel coordinate format in key: score
2025-03-07 09:46:02 - WARNING - Invalid pixel coordinate format in key: score
2025-03-07 09:46:02 - WARNING - Invalid pixel coordinate format in key: score
2025-03-07 09:46:02 - WARNING - Invalid pixel coordinate format in key: score
2025-03-07 09:46:02 - WARNING - Invalid pixel coordinate format in key: score
2025-03-07 09:46:02 - WARNING - Invalid pixel coordinate format in key: score
2025-03-07 09:46:02 - WARNING - Invalid pixel coordinate format in key: score
2025-03-07 09:46:02 - WARNING - Invalid pixel coordinate format in key: score
2025-03-07 09:46:02 - WARNING - Invalid pixel coordinate format in key: score
2025-03-07 09:46:02 - WARNING - Invalid pixel coordinate format in key: score
2025-03-07 09:46:02 - WARNING - Invalid pixel coordinate format in key: score
2025-03-07 09:46:02 - WARNING - Invalid pixel coordinate format in key: score
2025-03-07 09:46:02 - WARNING - Invalid pixel coordinate format in key: score
2025-03-07 09:46:02 - WARNING - Invalid pixel coordinate format in key: score
2025-03-07 09:46:02 - WARNING - Invalid pixel coordinate format in key: score
2025-03-07 09:46:02 - WARNING - Invalid pixel coordinate format in key: score
2025-03-07 09:46:02 - WARNING - Invalid pixel coordinate format in key: score
2025-03-07 09:46:02 - WARNING - Invalid pixel coordinate format in key: score
2025-03-07 09:46:02 - WARNING - Invalid pixel coordinate format in key: score
2025-03-07 09:46:02 - WARNING - Invalid pixel coordinate format in key: score
2025-03-07 09:46:02 - WARNING - Invalid pixel coordinate format in key: score
2025-03-07 09:46:02 - WARNING - Invalid pixel coordinate format in key: score
2025-03-07 09:46:02 - WARNING - Invalid pixel coordinate format in key: score
2025-03-07 09:46:02 - WARNING - Invalid pixel coordinate format in key: score
2025-03-07 09:46:02 - WARNING - Invalid pixel coordinate format in key: score
2025-03-07 09:46:02 - WARNING - Invalid pixel coordinate format in key: score
2025-03-07 09:46:02 - WARNING - Invalid pixel coordinate format in key: score
2025-03-07 09:46:02 - WARNING - Invalid pixel coordinate format in key: score
2025-03-07 09:46:02 - WARNING - Invalid pixel coordinate format in key: score
2025-03-07 09:46:02 - WARNING - Invalid pixel coordinate format in key: score
2025-03-07 09:46:02 - WARNING - Invalid pixel coordinate format in key: score
2025-03-07 09:46:02 - WARNING - Invalid pixel coordinate format in key: score
2025-03-07 09:46:02 - WARNING - Invalid pixel coordinate format in key: score
2025-03-07 09:46:02 - WARNING - Invalid pixel coordinate format in key: score
2025-03-07 09:46:02 - WARNING - Invalid pixel coordinate format in key: score
2025-03-07 09:46:02 - WARNING - Invalid pixel coordinate format in key: score
2025-03-07 09:46:02 - WARNING - Invalid pixel coordinate format in key: score
2025-03-07 09:46:02 - WARNING - Invalid pixel coordinate format in key: score
2025-03-07 09:46:02 - WARNING - Invalid pixel coordinate format in key: score
2025-03-07 09:46:02 - WARNING - Invalid pixel coordinate format in key: score
2025-03-07 09:46:02 - WARNING - Invalid pixel coordinate format in key: score
2025-03-07 09:46:02 - WARNING - Invalid pixel coordinate format in key: score
2025-03-07 09:46:02 - WARNING - Invalid pixel coordinate format in key: score
2025-03-07 09:46:02 - WARNING - Invalid pixel coordinate format in key: score
2025-03-07 09:46:02 - WARNING - Invalid pixel coordinate format in key: score
2025-03-07 09:46:02 - WARNING - Invalid pixel coordinate format in key: score
2025-03-07 09:46:02 - WARNING - Invalid pixel coordinate format in key: score
2025-03-07 09:46:02 - WARNING - Invalid pixel coordinate format in key: score
2025-03-07 09:46:02 - WARNING - Invalid pixel coordinate format in key: score
2025-03-07 09:46:02 - WARNING - Invalid pixel coordinate format in key: score
2025-03-07 09:46:02 - WARNING - Invalid pixel coordinate format in key: score
2025-03-07 09:46:02 - WARNING - Invalid pixel coordinate format in key: score
2025-03-07 09:46:02 - WARNING - Invalid pixel coordinate format in key: score
2025-03-07 09:46:02 - WARNING - Invalid pixel coordinate format in key: score
2025-03-07 09:46:02 - WARNING - Invalid pixel coordinate format in key: score
2025-03-07 09:46:02 - WARNING - Invalid pixel coordinate format in key: score
2025-03-07 09:46:02 - WARNING - Invalid pixel coordinate format in key: score
2025-03-07 09:46:02 - WARNING - Invalid pixel coordinate format in key: score
2025-03-07 09:46:02 - WARNING - Invalid pixel coordinate format in key: score
2025-03-07 09:46:02 - WARNING - Invalid pixel coordinate format in key: score
2025-03-07 09:46:02 - WARNING - Invalid pixel coordinate format in key: score
2025-03-07 09:46:02 - WARNING - Invalid pixel coordinate format in key: score
2025-03-07 09:46:02 - WARNING - Invalid pixel coordinate format in key: score
2025-03-07 09:46:02 - WARNING - Invalid pixel coordinate format in key: score
2025-03-07 09:46:02 - WARNING - Invalid pixel coordinate format in key: score
2025-03-07 09:46:02 - WARNING - Invalid pixel coordinate format in key: score
2025-03-07 09:46:02 - WARNING - Invalid pixel coordinate format in key: score
2025-03-07 09:46:02 - WARNING - Invalid pixel coordinate format in key: score
2025-03-07 09:46:02 - WARNING - Invalid pixel coordinate format in key: score
2025-03-07 09:46:02 - WARNING - Invalid pixel coordinate format in key: score
2025-03-07 09:46:02 - WARNING - Invalid pixel coordinate format in key: score
2025-03-07 09:46:02 - WARNING - Invalid pixel coordinate format in key: score
2025-03-07 09:46:02 - WARNING - Invalid pixel coordinate format in key: score
2025-03-07 09:46:02 - WARNING - Invalid pixel coordinate format in key: score
2025-03-07 09:46:02 - WARNING - Invalid pixel coordinate format in key: score
2025-03-07 09:46:02 - WARNING - Invalid pixel coordinate format in key: score
2025-03-07 09:46:02 - WARNING - Invalid pixel coordinate format in key: score
2025-03-07 09:46:02 - WARNING - Invalid pixel coordinate format in key: score
2025-03-07 09:46:02 - WARNING - Invalid pixel coordinate format in key: score
2025-03-07 09:46:02 - WARNING - Invalid pixel coordinate format in key: score
2025-03-07 09:46:02 - WARNING - Invalid pixel coordinate format in key: score
2025-03-07 09:46:02 - WARNING - Invalid pixel coordinate format in key: score
2025-03-07 09:46:02 - WARNING - Invalid pixel coordinate format in key: score
2025-03-07 09:46:02 - WARNING - Invalid pixel coordinate format in key: score
2025-03-07 09:46:02 - WARNING - Invalid pixel coordinate format in key: score
2025-03-07 09:46:02 - WARNING - Invalid pixel coordinate format in key: score
2025-03-07 09:46:02 - WARNING - Invalid pixel coordinate format in key: score
2025-03-07 09:46:02 - WARNING - Invalid pixel coordinate format in key: score
2025-03-07 09:46:02 - WARNING - Invalid pixel coordinate format in key: score
2025-03-07 09:46:02 - WARNING - Invalid pixel coordinate format in key: score
2025-03-07 09:46:02 - WARNING - Invalid pixel coordinate format in key: score
2025-03-07 09:46:02 - WARNING - Invalid pixel coordinate format in key: score
2025-03-07 09:46:02 - WARNING - Invalid pixel coordinate format in key: score
2025-03-07 09:46:02 - WARNING - Invalid pixel coordinate format in key: score
2025-03-07 09:46:02 - WARNING - Invalid pixel coordinate format in key: score
2025-03-07 09:46:02 - WARNING - Invalid pixel coordinate format in key: score
2025-03-07 09:46:02 - WARNING - Invalid pixel coordinate format in key: score
2025-03-07 09:46:02 - WARNING - Invalid pixel coordinate format in key: score
2025-03-07 09:46:02 - WARNING - Invalid pixel coordinate format in key: score
2025-03-07 09:46:02 - WARNING - Invalid pixel coordinate format in key: score
2025-03-07 09:46:02 - WARNING - Invalid pixel coordinate format in key: score
2025-03-07 09:46:02 - WARNING - Invalid pixel coordinate format in key: score
2025-03-07 09:46:02 - WARNING - Invalid pixel coordinate format in key: score
2025-03-07 09:46:02 - WARNING - Invalid pixel coordinate format in key: score
2025-03-07 09:46:02 - WARNING - Invalid pixel coordinate format in key: score
2025-03-07 09:46:02 - WARNING - Invalid pixel coordinate format in key: score
2025-03-07 09:46:02 - WARNING - Invalid pixel coordinate format in key: score
2025-03-07 09:46:02 - WARNING - Invalid pixel coordinate format in key: score
2025-03-07 09:46:02 - WARNING - Invalid pixel coordinate format in key: score
2025-03-07 09:46:02 - WARNING - Invalid pixel coordinate format in key: score
2025-03-07 09:46:02 - WARNING - Invalid pixel coordinate format in key: score
2025-03-07 09:46:02 - WARNING - Invalid pixel coordinate format in key: score
2025-03-07 09:46:02 - WARNING - Invalid pixel coordinate format in key: score
2025-03-07 09:46:02 - WARNING - Invalid pixel coordinate format in key: score
2025-03-07 09:46:02 - WARNING - Invalid pixel coordinate format in key: score
2025-03-07 09:46:02 - WARNING - Invalid pixel coordinate format in key: score
2025-03-07 09:46:02 - WARNING - Invalid pixel coordinate format in key: score
2025-03-07 09:46:02 - WARNING - Invalid pixel coordinate format in key: score
2025-03-07 09:46:02 - WARNING - Invalid pixel coordinate format in key: score
2025-03-07 09:46:02 - WARNING - Invalid pixel coordinate format in key: score
2025-03-07 09:46:02 - WARNING - Invalid pixel coordinate format in key: score
2025-03-07 09:46:02 - WARNING - Invalid pixel coordinate format in key: score
2025-03-07 09:46:02 - WARNING - Invalid pixel coordinate format in key: score
2025-03-07 09:46:02 - WARNING - Invalid pixel coordinate format in key: score
2025-03-07 09:46:02 - WARNING - Invalid pixel coordinate format in key: score
2025-03-07 09:46:02 - WARNING - Invalid pixel coordinate format in key: score
2025-03-07 09:46:02 - WARNING - Invalid pixel coordinate format in key: score
2025-03-07 09:46:02 - WARNING - Invalid pixel coordinate format in key: score
2025-03-07 09:46:02 - WARNING - Invalid pixel coordinate format in key: score
2025-03-07 09:46:02 - WARNING - Invalid pixel coordinate format in key: score
2025-03-07 09:46:02 - WARNING - Invalid pixel coordinate format in key: score
2025-03-07 09:46:02 - WARNING - Invalid pixel coordinate format in key: score
2025-03-07 09:46:02 - WARNING - Invalid pixel coordinate format in key: score
2025-03-07 09:46:02 - WARNING - Invalid pixel coordinate format in key: score
2025-03-07 09:46:02 - WARNING - Invalid pixel coordinate format in key: score
2025-03-07 09:46:02 - WARNING - Invalid pixel coordinate format in key: score
2025-03-07 09:46:02 - WARNING - Invalid pixel coordinate format in key: score
2025-03-07 09:46:02 - WARNING - Invalid pixel coordinate format in key: score
2025-03-07 09:46:02 - WARNING - Invalid pixel coordinate format in key: score
2025-03-07 09:46:02 - WARNING - Invalid pixel coordinate format in key: score
2025-03-07 09:46:02 - WARNING - Invalid pixel coordinate format in key: score
2025-03-07 09:46:02 - WARNING - Invalid pixel coordinate format in key: score
2025-03-07 09:46:02 - WARNING - Invalid pixel coordinate format in key: score
2025-03-07 09:46:02 - WARNING - Invalid pixel coordinate format in key: score
2025-03-07 09:46:02 - WARNING - Invalid pixel coordinate format in key: score
2025-03-07 09:46:02 - WARNING - Invalid pixel coordinate format in key: score
2025-03-07 09:46:02 - WARNING - Invalid pixel coordinate format in key: score
2025-03-07 09:46:02 - WARNING - Invalid pixel coordinate format in key: score
2025-03-07 09:46:02 - WARNING - Invalid pixel coordinate format in key: score
2025-03-07 09:46:02 - WARNING - Invalid pixel coordinate format in key: score
2025-03-07 09:46:02 - WARNING - Invalid pixel coordinate format in key: score
2025-03-07 09:46:02 - WARNING - Invalid pixel coordinate format in key: score
2025-03-07 09:46:02 - WARNING - Invalid pixel coordinate format in key: score
2025-03-07 09:46:02 - WARNING - Invalid pixel coordinate format in key: score
2025-03-07 09:46:02 - WARNING - Invalid pixel coordinate format in key: score
2025-03-07 09:46:02 - WARNING - Invalid pixel coordinate format in key: score
2025-03-07 09:46:02 - WARNING - Invalid pixel coordinate format in key: score
2025-03-07 09:46:02 - WARNING - Invalid pixel coordinate format in key: score
2025-03-07 09:46:02 - WARNING - Invalid pixel coordinate format in key: score
2025-03-07 09:46:02 - WARNING - Invalid pixel coordinate format in key: score
2025-03-07 09:46:02 - WARNING - Invalid pixel coordinate format in key: score
2025-03-07 09:46:02 - WARNING - Invalid pixel coordinate format in key: score
2025-03-07 09:46:02 - WARNING - Invalid pixel coordinate format in key: score
2025-03-07 09:46:02 - WARNING - Invalid pixel coordinate format in key: score
2025-03-07 09:46:02 - WARNING - Invalid pixel coordinate format in key: score
2025-03-07 09:46:02 - WARNING - Invalid pixel coordinate format in key: score
2025-03-07 09:46:02 - WARNING - Invalid pixel coordinate format in key: score
2025-03-07 09:46:02 - WARNING - Invalid pixel coordinate format in key: score
2025-03-07 09:46:02 - WARNING - Invalid pixel coordinate format in key: score
2025-03-07 09:46:02 - WARNING - Invalid pixel coordinate format in key: score
2025-03-07 09:46:02 - WARNING - Invalid pixel coordinate format in key: score
2025-03-07 09:46:02 - WARNING - Invalid pixel coordinate format in key: score
2025-03-07 09:46:02 - WARNING - Invalid pixel coordinate format in key: score
2025-03-07 09:46:02 - WARNING - Invalid pixel coordinate format in key: score
2025-03-07 09:46:02 - WARNING - Invalid pixel coordinate format in key: score
2025-03-07 09:46:02 - WARNING - Invalid pixel coordinate format in key: score
2025-03-07 09:46:02 - WARNING - Invalid pixel coordinate format in key: score
2025-03-07 09:46:02 - WARNING - Invalid pixel coordinate format in key: score
2025-03-07 09:46:02 - WARNING - Invalid pixel coordinate format in key: score
2025-03-07 09:46:02 - WARNING - Invalid pixel coordinate format in key: score
2025-03-07 09:46:02 - WARNING - Invalid pixel coordinate format in key: score
2025-03-07 09:46:02 - WARNING - Invalid pixel coordinate format in key: score
2025-03-07 09:46:02 - WARNING - Invalid pixel coordinate format in key: score
2025-03-07 09:46:02 - WARNING - Invalid pixel coordinate format in key: score
2025-03-07 09:46:02 - WARNING - Invalid pixel coordinate format in key: score
2025-03-07 09:46:02 - WARNING - Invalid pixel coordinate format in key: score
2025-03-07 09:46:02 - WARNING - Invalid pixel coordinate format in key: score
2025-03-07 09:46:02 - WARNING - Invalid pixel coordinate format in key: score
2025-03-07 09:46:02 - WARNING - Invalid pixel coordinate format in key: score
2025-03-07 09:46:02 - WARNING - Invalid pixel coordinate format in key: score
2025-03-07 09:46:02 - WARNING - Invalid pixel coordinate format in key: score
2025-03-07 09:46:02 - WARNING - Invalid pixel coordinate format in key: score
2025-03-07 09:46:02 - WARNING - Invalid pixel coordinate format in key: score
2025-03-07 09:46:02 - WARNING - Invalid pixel coordinate format in key: score
2025-03-07 09:46:02 - WARNING - Invalid pixel coordinate format in key: score
2025-03-07 09:46:02 - WARNING - Invalid pixel coordinate format in key: score
2025-03-07 09:46:02 - WARNING - Invalid pixel coordinate format in key: score
2025-03-07 09:46:02 - WARNING - Invalid pixel coordinate format in key: score
2025-03-07 09:46:02 - WARNING - Invalid pixel coordinate format in key: score
2025-03-07 09:46:02 - WARNING - Invalid pixel coordinate format in key: score
2025-03-07 09:46:02 - WARNING - Invalid pixel coordinate format in key: score
2025-03-07 09:46:02 - WARNING - Invalid pixel coordinate format in key: score
2025-03-07 09:46:02 - WARNING - Invalid pixel coordinate format in key: score
2025-03-07 09:46:02 - WARNING - Invalid pixel coordinate format in key: score
2025-03-07 09:46:02 - WARNING - Invalid pixel coordinate format in key: score
2025-03-07 09:46:02 - WARNING - Invalid pixel coordinate format in key: score
2025-03-07 09:46:02 - WARNING - Invalid pixel coordinate format in key: score
2025-03-07 09:46:02 - WARNING - Invalid pixel coordinate format in key: score
2025-03-07 09:46:02 - WARNING - Invalid pixel coordinate format in key: score
2025-03-07 09:46:02 - WARNING - Invalid pixel coordinate format in key: score
2025-03-07 09:46:02 - WARNING - Invalid pixel coordinate format in key: score
2025-03-07 09:46:02 - WARNING - Invalid pixel coordinate format in key: score
2025-03-07 09:46:02 - WARNING - Invalid pixel coordinate format in key: score
2025-03-07 09:46:02 - WARNING - Invalid pixel coordinate format in key: score
2025-03-07 09:46:02 - WARNING - Invalid pixel coordinate format in key: score
2025-03-07 09:46:02 - WARNING - Invalid pixel coordinate format in key: score
2025-03-07 09:46:02 - WARNING - Invalid pixel coordinate format in key: score
2025-03-07 09:46:02 - WARNING - Invalid pixel coordinate format in key: score
2025-03-07 09:46:02 - WARNING - Invalid pixel coordinate format in key: score
2025-03-07 09:46:02 - WARNING - Invalid pixel coordinate format in key: score
2025-03-07 09:46:02 - WARNING - Invalid pixel coordinate format in key: score
2025-03-07 09:46:02 - WARNING - Invalid pixel coordinate format in key: score
2025-03-07 09:46:02 - WARNING - Invalid pixel coordinate format in key: score
2025-03-07 09:46:02 - WARNING - Invalid pixel coordinate format in key: score
2025-03-07 09:46:02 - WARNING - Invalid pixel coordinate format in key: score
2025-03-07 09:46:02 - WARNING - Invalid pixel coordinate format in key: score
2025-03-07 09:46:02 - WARNING - Invalid pixel coordinate format in key: score
2025-03-07 09:46:02 - WARNING - Invalid pixel coordinate format in key: score
2025-03-07 09:46:02 - WARNING - Invalid pixel coordinate format in key: score
2025-03-07 09:46:02 - WARNING - Invalid pixel coordinate format in key: score
2025-03-07 09:46:02 - WARNING - Invalid pixel coordinate format in key: score
2025-03-07 09:46:02 - WARNING - Invalid pixel coordinate format in key: score
2025-03-07 09:46:02 - WARNING - Invalid pixel coordinate format in key: score
2025-03-07 09:46:02 - WARNING - Invalid pixel coordinate format in key: score
2025-03-07 09:46:02 - WARNING - Invalid pixel coordinate format in key: score
2025-03-07 09:46:02 - WARNING - Invalid pixel coordinate format in key: score
2025-03-07 09:46:02 - WARNING - Invalid pixel coordinate format in key: score
2025-03-07 09:46:02 - WARNING - Invalid pixel coordinate format in key: score
2025-03-07 09:46:02 - WARNING - Invalid pixel coordinate format in key: score
2025-03-07 09:46:02 - WARNING - Invalid pixel coordinate format in key: score
2025-03-07 09:46:02 - WARNING - Invalid pixel coordinate format in key: score
2025-03-07 09:46:02 - WARNING - Invalid pixel coordinate format in key: score
2025-03-07 09:46:02 - WARNING - Invalid pixel coordinate format in key: score
2025-03-07 09:46:02 - WARNING - Invalid pixel coordinate format in key: score
2025-03-07 09:46:02 - WARNING - Invalid pixel coordinate format in key: score
2025-03-07 09:46:02 - WARNING - Invalid pixel coordinate format in key: score
2025-03-07 09:46:02 - WARNING - Invalid pixel coordinate format in key: score
2025-03-07 09:46:02 - WARNING - Invalid pixel coordinate format in key: score
2025-03-07 09:46:02 - WARNING - Invalid pixel coordinate format in key: score
2025-03-07 09:46:02 - WARNING - Invalid pixel coordinate format in key: score
2025-03-07 09:46:02 - WARNING - Invalid pixel coordinate format in key: score
2025-03-07 09:46:02 - WARNING - Invalid pixel coordinate format in key: score
2025-03-07 09:46:02 - WARNING - Invalid pixel coordinate format in key: score
2025-03-07 09:46:02 - WARNING - Invalid pixel coordinate format in key: score
2025-03-07 09:46:02 - WARNING - Invalid pixel coordinate format in key: score
2025-03-07 09:46:02 - WARNING - Invalid pixel coordinate format in key: score
2025-03-07 09:46:02 - WARNING - Invalid pixel coordinate format in key: score
2025-03-07 09:46:02 - WARNING - Invalid pixel coordinate format in key: score
2025-03-07 09:46:02 - WARNING - Invalid pixel coordinate format in key: score
2025-03-07 09:46:02 - WARNING - Invalid pixel coordinate format in key: score
2025-03-07 09:46:02 - WARNING - Invalid pixel coordinate format in key: score
2025-03-07 09:46:02 - WARNING - Invalid pixel coordinate format in key: score
2025-03-07 09:46:02 - WARNING - Invalid pixel coordinate format in key: score
2025-03-07 09:46:02 - WARNING - Invalid pixel coordinate format in key: score
2025-03-07 09:46:02 - WARNING - Invalid pixel coordinate format in key: score
2025-03-07 09:46:02 - WARNING - Invalid pixel coordinate format in key: score
2025-03-07 09:46:02 - WARNING - Invalid pixel coordinate format in key: score
2025-03-07 09:46:02 - WARNING - Invalid pixel coordinate format in key: score
2025-03-07 09:46:02 - WARNING - Invalid pixel coordinate format in key: score
2025-03-07 09:46:02 - WARNING - Invalid pixel coordinate format in key: score
2025-03-07 09:46:02 - WARNING - Invalid pixel coordinate format in key: score
2025-03-07 09:46:02 - WARNING - Invalid pixel coordinate format in key: score
2025-03-07 09:46:02 - WARNING - Invalid pixel coordinate format in key: score
2025-03-07 09:46:02 - WARNING - Invalid pixel coordinate format in key: score
2025-03-07 09:46:02 - WARNING - Invalid pixel coordinate format in key: score
2025-03-07 09:46:02 - WARNING - Invalid pixel coordinate format in key: score
2025-03-07 09:46:02 - WARNING - Invalid pixel coordinate format in key: score
2025-03-07 09:46:02 - WARNING - Invalid pixel coordinate format in key: score
2025-03-07 09:46:02 - WARNING - Invalid pixel coordinate format in key: score
2025-03-07 09:46:02 - WARNING - Invalid pixel coordinate format in key: score
2025-03-07 09:46:02 - WARNING - Invalid pixel coordinate format in key: score
2025-03-07 09:46:02 - WARNING - Invalid pixel coordinate format in key: score
2025-03-07 09:46:02 - WARNING - Invalid pixel coordinate format in key: score
2025-03-07 09:46:02 - WARNING - Invalid pixel coordinate format in key: score
2025-03-07 09:46:02 - WARNING - Invalid pixel coordinate format in key: score
2025-03-07 09:46:02 - WARNING - Invalid pixel coordinate format in key: score
2025-03-07 09:46:02 - WARNING - Invalid pixel coordinate format in key: score
2025-03-07 09:46:02 - WARNING - Invalid pixel coordinate format in key: score
2025-03-07 09:46:02 - WARNING - Invalid pixel coordinate format in key: score
2025-03-07 09:46:02 - WARNING - Invalid pixel coordinate format in key: score
2025-03-07 09:46:02 - WARNING - Invalid pixel coordinate format in key: score
2025-03-07 09:46:02 - INFO - No metadata extracted from valid files.
2025-03-07 09:46:02 - INFO - Drone metadata is empty or not available.
2025-03-07 09:46:03 - INFO - OGM metadata successfully saved to estimated_OGM/occupancy_grid_map_Flood_Objects.json
2025-03-07 09:46:03 - INFO - Filtered GeoJSON successfully saved to estimated_OGM/occupancy_grid_map_Flood_Objects_filtered.json
2025-03-07 09:46:03 - INFO - Converting GeoJSON to GeoTIFF at estimated_OGM/occupancy_grid_map_Flood_Objects_filtered.tif
2025-03-07 09:46:03 - ERROR - Value error during GeoTIFF conversion: GeoJSON file contains no features. Cannot generate raster.
2025-03-07 09:46:03 - INFO - No SinglePostResult files found. Skipping this step.
2025-03-07 09:46:03 - INFO - Processing notification: PersonVehicleDetection
2025-03-07 09:46:03 - INFO - Files written successfully: downloads/drone_imgs/Flood/DJI_20211023132135_0091_W_objects_metadata.json, downloads/drone_imgs/Flood/DJI_20211023132135_0091_W_obj.json
2025-03-07 09:46:03 - INFO - Geo-referencing is done correctly for person and vehicles.
2025-03-07 09:46:03 - INFO - Setting event for non-Alert entity
2025-03-07 09:46:03 - INFO - initialize_processing() is already running, skipping.
2025-03-07 09:46:03 - INFO - 127.0.0.1 - - [07/Mar/2025 09:46:03] "POST /pdm05/notify?subscriptionId=urn:ngsi-ld:tema:subscription:USE:PDM05:007 HTTP/1.1" 200 -
2025-03-07 09:46:03 - INFO - ROI data -> [[[6.996817, 50.521793], [6.98238, 50.517756], [6.976085, 50.513527], [6.980425, 50.50647], [6.995879, 50.511398], [6.996817, 50.521793]]]
2025-03-07 09:46:03 - INFO - ogm_gt_ (6.976085, 9.013913043478152e-05, 0.0, 50.521793, 0.0, -9.013529411765997e-05)
2025-03-07 09:46:03 - INFO - observe_gt_drone None
2025-03-07 09:46:03 - INFO - Drone measurements are not available: unsupported operand type(s) for /: 'NoneType' and 'int'
2025-03-07 09:46:03 - INFO - Sat measurements are not available object of type 'NoneType' has no len()
2025-03-07 09:46:03 - INFO - GeoTIFF saved successfully at estimated_OGM/occupancy_grid_map_Flood.tif
2025-03-07 09:46:03 - INFO - urn:ngsi-ld:USE:PDM-05:Maps4Flood:01
2025-03-07 09:46:03 - INFO - Metadata {'title': 'OGM', 'author': 'GRVC lab, University of Seville', 'description': 'Estimated OGM for Fire.', 'creationDate': '2025-03-07T09:46:03.776948', 'XMin': 6.976085, 'XRes': 9.013913043478152e-05, 'YMax': 50.521793, 'YRes': -9.013529411765997e-05, 'spatialReference': 'EPSG:4326', 'file_name': 'occupancy_grid_map_Flood.tif', 'coordinates': [[[6.996817, 50.521793], [6.98238, 50.517756], [6.976085, 50.513527], [6.980425, 50.50647], [6.995879, 50.511398], [6.996817, 50.521793]]], 'bucket': 'naples', 'minio_url': 'https://storage.tema.digital-enabler.eng.it:443/naples/occupancy_grid_mapFlood.tif'}
2025-03-07 09:46:03 - INFO - inside process_and_upload_ogm entity_id ---> urn:ngsi-ld:USE:PDM-05:Maps4Flood:01
2025-03-07 09:46:03 - INFO - Object name occupancy_grid_map_Flood.tif
2025-03-07 09:46:03 - INFO - Object Name in for uploading occupancy_grid_map_Flood.tif
2025-03-07 09:46:03 - INFO - File path in for uploading estimated_OGM/occupancy_grid_map_Flood.tif
2025-03-07 09:46:04 - INFO - File uploaded successfully.
2025-03-07 09:46:04 - INFO - File 'estimated_OGM/occupancy_grid_map_Flood.tif' uploaded to bucket 'naples' successfully.
2025-03-07 09:46:04 - INFO - Entity urn:ngsi-ld:USE:PDM-05:Maps4Flood:01 updated successfully.
2025-03-07 09:46:04 - INFO - Payload published successfully for entity: urn:ngsi-ld:USE:PDM-05:Maps4Flood:01
2025-03-07 09:46:04 - INFO - Checking for existing geo dict: estimated_OGM/occupancy_grid_map_Flood_Objects.json
2025-03-07 09:46:04 - INFO - Using existing geo dict.
2025-03-07 09:46:04 - WARNING - Invalid pixel coordinate format in key: score
2025-03-07 09:46:04 - WARNING - Invalid pixel coordinate format in key: score
2025-03-07 09:46:04 - WARNING - Invalid pixel coordinate format in key: score
2025-03-07 09:46:04 - WARNING - Invalid pixel coordinate format in key: score
2025-03-07 09:46:04 - WARNING - Invalid pixel coordinate format in key: score
2025-03-07 09:46:04 - WARNING - Invalid pixel coordinate format in key: score
2025-03-07 09:46:04 - WARNING - Invalid pixel coordinate format in key: score
2025-03-07 09:46:04 - WARNING - Invalid pixel coordinate format in key: score
2025-03-07 09:46:04 - WARNING - Invalid pixel coordinate format in key: score
2025-03-07 09:46:04 - WARNING - Invalid pixel coordinate format in key: score
2025-03-07 09:46:04 - WARNING - Invalid pixel coordinate format in key: score
2025-03-07 09:46:04 - WARNING - Invalid pixel coordinate format in key: score
2025-03-07 09:46:04 - WARNING - Invalid pixel coordinate format in key: score
2025-03-07 09:46:04 - WARNING - Invalid pixel coordinate format in key: score
2025-03-07 09:46:04 - WARNING - Invalid pixel coordinate format in key: score
2025-03-07 09:46:04 - WARNING - Invalid pixel coordinate format in key: score
2025-03-07 09:46:04 - WARNING - Invalid pixel coordinate format in key: score
2025-03-07 09:46:04 - WARNING - Invalid pixel coordinate format in key: score
2025-03-07 09:46:04 - WARNING - Invalid pixel coordinate format in key: score
2025-03-07 09:46:04 - WARNING - Invalid pixel coordinate format in key: score
2025-03-07 09:46:04 - WARNING - Invalid pixel coordinate format in key: score
2025-03-07 09:46:04 - WARNING - Invalid pixel coordinate format in key: score
2025-03-07 09:46:04 - WARNING - Invalid pixel coordinate format in key: score
2025-03-07 09:46:04 - WARNING - Invalid pixel coordinate format in key: score
2025-03-07 09:46:04 - WARNING - Invalid pixel coordinate format in key: score
2025-03-07 09:46:04 - WARNING - Invalid pixel coordinate format in key: score
2025-03-07 09:46:04 - WARNING - Invalid pixel coordinate format in key: score
2025-03-07 09:46:04 - WARNING - Invalid pixel coordinate format in key: score
2025-03-07 09:46:04 - WARNING - Invalid pixel coordinate format in key: score
2025-03-07 09:46:04 - WARNING - Invalid pixel coordinate format in key: score
2025-03-07 09:46:04 - WARNING - Invalid pixel coordinate format in key: score
2025-03-07 09:46:04 - WARNING - Invalid pixel coordinate format in key: score
2025-03-07 09:46:04 - WARNING - Invalid pixel coordinate format in key: score
2025-03-07 09:46:04 - WARNING - Invalid pixel coordinate format in key: score
2025-03-07 09:46:04 - WARNING - Invalid pixel coordinate format in key: score
2025-03-07 09:46:04 - WARNING - Invalid pixel coordinate format in key: score
2025-03-07 09:46:04 - WARNING - Invalid pixel coordinate format in key: score
2025-03-07 09:46:04 - WARNING - Invalid pixel coordinate format in key: score
2025-03-07 09:46:04 - WARNING - Invalid pixel coordinate format in key: score
2025-03-07 09:46:04 - WARNING - Invalid pixel coordinate format in key: score
2025-03-07 09:46:04 - WARNING - Invalid pixel coordinate format in key: score
2025-03-07 09:46:04 - WARNING - Invalid pixel coordinate format in key: score
2025-03-07 09:46:04 - WARNING - Invalid pixel coordinate format in key: score
2025-03-07 09:46:04 - WARNING - Invalid pixel coordinate format in key: score
2025-03-07 09:46:04 - WARNING - Invalid pixel coordinate format in key: score
2025-03-07 09:46:04 - WARNING - Invalid pixel coordinate format in key: score
2025-03-07 09:46:04 - WARNING - Invalid pixel coordinate format in key: score
2025-03-07 09:46:04 - WARNING - Invalid pixel coordinate format in key: score
2025-03-07 09:46:04 - WARNING - Invalid pixel coordinate format in key: score
2025-03-07 09:46:04 - WARNING - Invalid pixel coordinate format in key: score
2025-03-07 09:46:04 - WARNING - Invalid pixel coordinate format in key: score
2025-03-07 09:46:04 - WARNING - Invalid pixel coordinate format in key: score
2025-03-07 09:46:04 - WARNING - Invalid pixel coordinate format in key: score
2025-03-07 09:46:04 - WARNING - Invalid pixel coordinate format in key: score
2025-03-07 09:46:04 - WARNING - Invalid pixel coordinate format in key: score
2025-03-07 09:46:04 - WARNING - Invalid pixel coordinate format in key: score
2025-03-07 09:46:04 - WARNING - Invalid pixel coordinate format in key: score
2025-03-07 09:46:04 - WARNING - Invalid pixel coordinate format in key: score
2025-03-07 09:46:04 - WARNING - Invalid pixel coordinate format in key: score
2025-03-07 09:46:04 - WARNING - Invalid pixel coordinate format in key: score
2025-03-07 09:46:04 - WARNING - Invalid pixel coordinate format in key: score
2025-03-07 09:46:04 - WARNING - Invalid pixel coordinate format in key: score
2025-03-07 09:46:04 - WARNING - Invalid pixel coordinate format in key: score
2025-03-07 09:46:04 - WARNING - Invalid pixel coordinate format in key: score
2025-03-07 09:46:04 - WARNING - Invalid pixel coordinate format in key: score
2025-03-07 09:46:04 - WARNING - Invalid pixel coordinate format in key: score
2025-03-07 09:46:04 - WARNING - Invalid pixel coordinate format in key: score
2025-03-07 09:46:04 - WARNING - Invalid pixel coordinate format in key: score
2025-03-07 09:46:04 - WARNING - Invalid pixel coordinate format in key: score
2025-03-07 09:46:04 - WARNING - Invalid pixel coordinate format in key: score
2025-03-07 09:46:04 - WARNING - Invalid pixel coordinate format in key: score
2025-03-07 09:46:04 - WARNING - Invalid pixel coordinate format in key: score
2025-03-07 09:46:04 - WARNING - Invalid pixel coordinate format in key: score
2025-03-07 09:46:04 - WARNING - Invalid pixel coordinate format in key: score
2025-03-07 09:46:04 - WARNING - Invalid pixel coordinate format in key: score
2025-03-07 09:46:04 - WARNING - Invalid pixel coordinate format in key: score
2025-03-07 09:46:04 - WARNING - Invalid pixel coordinate format in key: score
2025-03-07 09:46:04 - WARNING - Invalid pixel coordinate format in key: score
2025-03-07 09:46:04 - WARNING - Invalid pixel coordinate format in key: score
2025-03-07 09:46:04 - WARNING - Invalid pixel coordinate format in key: score
2025-03-07 09:46:04 - WARNING - Invalid pixel coordinate format in key: score
2025-03-07 09:46:04 - WARNING - Invalid pixel coordinate format in key: score
2025-03-07 09:46:04 - WARNING - Invalid pixel coordinate format in key: score
2025-03-07 09:46:04 - WARNING - Invalid pixel coordinate format in key: score
2025-03-07 09:46:04 - WARNING - Invalid pixel coordinate format in key: score
2025-03-07 09:46:04 - WARNING - Invalid pixel coordinate format in key: score
2025-03-07 09:46:04 - WARNING - Invalid pixel coordinate format in key: score
2025-03-07 09:46:04 - WARNING - Invalid pixel coordinate format in key: score
2025-03-07 09:46:04 - WARNING - Invalid pixel coordinate format in key: score
2025-03-07 09:46:04 - WARNING - Invalid pixel coordinate format in key: score
2025-03-07 09:46:04 - WARNING - Invalid pixel coordinate format in key: score
2025-03-07 09:46:04 - WARNING - Invalid pixel coordinate format in key: score
2025-03-07 09:46:04 - WARNING - Invalid pixel coordinate format in key: score
2025-03-07 09:46:04 - WARNING - Invalid pixel coordinate format in key: score
2025-03-07 09:46:04 - WARNING - Invalid pixel coordinate format in key: score
2025-03-07 09:46:04 - WARNING - Invalid pixel coordinate format in key: score
2025-03-07 09:46:04 - WARNING - Invalid pixel coordinate format in key: score
2025-03-07 09:46:04 - WARNING - Invalid pixel coordinate format in key: score
2025-03-07 09:46:04 - WARNING - Invalid pixel coordinate format in key: score
2025-03-07 09:46:04 - WARNING - Invalid pixel coordinate format in key: score
2025-03-07 09:46:04 - WARNING - Invalid pixel coordinate format in key: score
2025-03-07 09:46:04 - WARNING - Invalid pixel coordinate format in key: score
2025-03-07 09:46:04 - WARNING - Invalid pixel coordinate format in key: score
2025-03-07 09:46:04 - WARNING - Invalid pixel coordinate format in key: score
2025-03-07 09:46:04 - WARNING - Invalid pixel coordinate format in key: score
2025-03-07 09:46:04 - WARNING - Invalid pixel coordinate format in key: score
2025-03-07 09:46:04 - WARNING - Invalid pixel coordinate format in key: score
2025-03-07 09:46:04 - WARNING - Invalid pixel coordinate format in key: score
2025-03-07 09:46:04 - WARNING - Invalid pixel coordinate format in key: score
2025-03-07 09:46:04 - WARNING - Invalid pixel coordinate format in key: score
2025-03-07 09:46:04 - WARNING - Invalid pixel coordinate format in key: score
2025-03-07 09:46:04 - WARNING - Invalid pixel coordinate format in key: score
2025-03-07 09:46:04 - WARNING - Invalid pixel coordinate format in key: score
2025-03-07 09:46:04 - WARNING - Invalid pixel coordinate format in key: score
2025-03-07 09:46:04 - WARNING - Invalid pixel coordinate format in key: score
2025-03-07 09:46:04 - WARNING - Invalid pixel coordinate format in key: score
2025-03-07 09:46:04 - WARNING - Invalid pixel coordinate format in key: score
2025-03-07 09:46:04 - WARNING - Invalid pixel coordinate format in key: score
2025-03-07 09:46:04 - WARNING - Invalid pixel coordinate format in key: score
2025-03-07 09:46:04 - WARNING - Invalid pixel coordinate format in key: score
2025-03-07 09:46:04 - WARNING - Invalid pixel coordinate format in key: score
2025-03-07 09:46:04 - WARNING - Invalid pixel coordinate format in key: score
2025-03-07 09:46:04 - WARNING - Invalid pixel coordinate format in key: score
2025-03-07 09:46:04 - WARNING - Invalid pixel coordinate format in key: score
2025-03-07 09:46:04 - WARNING - Invalid pixel coordinate format in key: score
2025-03-07 09:46:04 - WARNING - Invalid pixel coordinate format in key: score
2025-03-07 09:46:04 - WARNING - Invalid pixel coordinate format in key: score
2025-03-07 09:46:04 - WARNING - Invalid pixel coordinate format in key: score
2025-03-07 09:46:04 - WARNING - Invalid pixel coordinate format in key: score
2025-03-07 09:46:04 - WARNING - Invalid pixel coordinate format in key: score
2025-03-07 09:46:04 - WARNING - Invalid pixel coordinate format in key: score
2025-03-07 09:46:04 - WARNING - Invalid pixel coordinate format in key: score
2025-03-07 09:46:04 - WARNING - Invalid pixel coordinate format in key: score
2025-03-07 09:46:04 - WARNING - Invalid pixel coordinate format in key: score
2025-03-07 09:46:04 - WARNING - Invalid pixel coordinate format in key: score
2025-03-07 09:46:04 - WARNING - Invalid pixel coordinate format in key: score
2025-03-07 09:46:04 - WARNING - Invalid pixel coordinate format in key: score
2025-03-07 09:46:04 - WARNING - Invalid pixel coordinate format in key: score
2025-03-07 09:46:04 - WARNING - Invalid pixel coordinate format in key: score
2025-03-07 09:46:04 - WARNING - Invalid pixel coordinate format in key: score
2025-03-07 09:46:04 - WARNING - Invalid pixel coordinate format in key: score
2025-03-07 09:46:04 - WARNING - Invalid pixel coordinate format in key: score
2025-03-07 09:46:04 - WARNING - Invalid pixel coordinate format in key: score
2025-03-07 09:46:04 - WARNING - Invalid pixel coordinate format in key: score
2025-03-07 09:46:04 - WARNING - Invalid pixel coordinate format in key: score
2025-03-07 09:46:04 - WARNING - Invalid pixel coordinate format in key: score
2025-03-07 09:46:04 - WARNING - Invalid pixel coordinate format in key: score
2025-03-07 09:46:04 - WARNING - Invalid pixel coordinate format in key: score
2025-03-07 09:46:04 - WARNING - Invalid pixel coordinate format in key: score
2025-03-07 09:46:04 - WARNING - Invalid pixel coordinate format in key: score
2025-03-07 09:46:04 - WARNING - Invalid pixel coordinate format in key: score
2025-03-07 09:46:04 - WARNING - Invalid pixel coordinate format in key: score
2025-03-07 09:46:04 - WARNING - Invalid pixel coordinate format in key: score
2025-03-07 09:46:04 - WARNING - Invalid pixel coordinate format in key: score
2025-03-07 09:46:04 - WARNING - Invalid pixel coordinate format in key: score
2025-03-07 09:46:04 - WARNING - Invalid pixel coordinate format in key: score
2025-03-07 09:46:04 - WARNING - Invalid pixel coordinate format in key: score
2025-03-07 09:46:04 - WARNING - Invalid pixel coordinate format in key: score
2025-03-07 09:46:04 - WARNING - Invalid pixel coordinate format in key: score
2025-03-07 09:46:04 - WARNING - Invalid pixel coordinate format in key: score
2025-03-07 09:46:04 - WARNING - Invalid pixel coordinate format in key: score
2025-03-07 09:46:04 - WARNING - Invalid pixel coordinate format in key: score
2025-03-07 09:46:04 - WARNING - Invalid pixel coordinate format in key: score
2025-03-07 09:46:04 - WARNING - Invalid pixel coordinate format in key: score
2025-03-07 09:46:04 - WARNING - Invalid pixel coordinate format in key: score
2025-03-07 09:46:04 - WARNING - Invalid pixel coordinate format in key: score
2025-03-07 09:46:04 - WARNING - Invalid pixel coordinate format in key: score
2025-03-07 09:46:04 - WARNING - Invalid pixel coordinate format in key: score
2025-03-07 09:46:04 - WARNING - Invalid pixel coordinate format in key: score
2025-03-07 09:46:04 - WARNING - Invalid pixel coordinate format in key: score
2025-03-07 09:46:04 - WARNING - Invalid pixel coordinate format in key: score
2025-03-07 09:46:04 - WARNING - Invalid pixel coordinate format in key: score
2025-03-07 09:46:04 - WARNING - Invalid pixel coordinate format in key: score
2025-03-07 09:46:04 - WARNING - Invalid pixel coordinate format in key: score
2025-03-07 09:46:04 - WARNING - Invalid pixel coordinate format in key: score
2025-03-07 09:46:04 - WARNING - Invalid pixel coordinate format in key: score
2025-03-07 09:46:04 - WARNING - Invalid pixel coordinate format in key: score
2025-03-07 09:46:04 - WARNING - Invalid pixel coordinate format in key: score
2025-03-07 09:46:04 - WARNING - Invalid pixel coordinate format in key: score
2025-03-07 09:46:04 - WARNING - Invalid pixel coordinate format in key: score
2025-03-07 09:46:04 - WARNING - Invalid pixel coordinate format in key: score
2025-03-07 09:46:04 - WARNING - Invalid pixel coordinate format in key: score
2025-03-07 09:46:04 - WARNING - Invalid pixel coordinate format in key: score
2025-03-07 09:46:04 - WARNING - Invalid pixel coordinate format in key: score
2025-03-07 09:46:04 - WARNING - Invalid pixel coordinate format in key: score
2025-03-07 09:46:04 - WARNING - Invalid pixel coordinate format in key: score
2025-03-07 09:46:04 - WARNING - Invalid pixel coordinate format in key: score
2025-03-07 09:46:04 - WARNING - Invalid pixel coordinate format in key: score
2025-03-07 09:46:04 - WARNING - Invalid pixel coordinate format in key: score
2025-03-07 09:46:04 - WARNING - Invalid pixel coordinate format in key: score
2025-03-07 09:46:04 - WARNING - Invalid pixel coordinate format in key: score
2025-03-07 09:46:04 - WARNING - Invalid pixel coordinate format in key: score
2025-03-07 09:46:04 - WARNING - Invalid pixel coordinate format in key: score
2025-03-07 09:46:04 - WARNING - Invalid pixel coordinate format in key: score
2025-03-07 09:46:04 - WARNING - Invalid pixel coordinate format in key: score
2025-03-07 09:46:04 - WARNING - Invalid pixel coordinate format in key: score
2025-03-07 09:46:04 - WARNING - Invalid pixel coordinate format in key: score
2025-03-07 09:46:04 - WARNING - Invalid pixel coordinate format in key: score
2025-03-07 09:46:04 - WARNING - Invalid pixel coordinate format in key: score
2025-03-07 09:46:04 - WARNING - Invalid pixel coordinate format in key: score
2025-03-07 09:46:04 - WARNING - Invalid pixel coordinate format in key: score
2025-03-07 09:46:04 - WARNING - Invalid pixel coordinate format in key: score
2025-03-07 09:46:04 - WARNING - Invalid pixel coordinate format in key: score
2025-03-07 09:46:04 - WARNING - Invalid pixel coordinate format in key: score
2025-03-07 09:46:04 - WARNING - Invalid pixel coordinate format in key: score
2025-03-07 09:46:04 - WARNING - Invalid pixel coordinate format in key: score
2025-03-07 09:46:04 - WARNING - Invalid pixel coordinate format in key: score
2025-03-07 09:46:04 - WARNING - Invalid pixel coordinate format in key: score
2025-03-07 09:46:04 - WARNING - Invalid pixel coordinate format in key: score
2025-03-07 09:46:04 - WARNING - Invalid pixel coordinate format in key: score
2025-03-07 09:46:04 - WARNING - Invalid pixel coordinate format in key: score
2025-03-07 09:46:04 - WARNING - Invalid pixel coordinate format in key: score
2025-03-07 09:46:04 - WARNING - Invalid pixel coordinate format in key: score
2025-03-07 09:46:04 - WARNING - Invalid pixel coordinate format in key: score
2025-03-07 09:46:04 - WARNING - Invalid pixel coordinate format in key: score
2025-03-07 09:46:04 - WARNING - Invalid pixel coordinate format in key: score
2025-03-07 09:46:04 - WARNING - Invalid pixel coordinate format in key: score
2025-03-07 09:46:04 - WARNING - Invalid pixel coordinate format in key: score
2025-03-07 09:46:04 - WARNING - Invalid pixel coordinate format in key: score
2025-03-07 09:46:04 - WARNING - Invalid pixel coordinate format in key: score
2025-03-07 09:46:04 - WARNING - Invalid pixel coordinate format in key: score
2025-03-07 09:46:04 - WARNING - Invalid pixel coordinate format in key: score
2025-03-07 09:46:04 - WARNING - Invalid pixel coordinate format in key: score
2025-03-07 09:46:04 - WARNING - Invalid pixel coordinate format in key: score
2025-03-07 09:46:04 - WARNING - Invalid pixel coordinate format in key: score
2025-03-07 09:46:04 - WARNING - Invalid pixel coordinate format in key: score
2025-03-07 09:46:04 - WARNING - Invalid pixel coordinate format in key: score
2025-03-07 09:46:04 - WARNING - Invalid pixel coordinate format in key: score
2025-03-07 09:46:04 - WARNING - Invalid pixel coordinate format in key: score
2025-03-07 09:46:04 - WARNING - Invalid pixel coordinate format in key: score
2025-03-07 09:46:04 - WARNING - Invalid pixel coordinate format in key: score
2025-03-07 09:46:04 - WARNING - Invalid pixel coordinate format in key: score
2025-03-07 09:46:04 - WARNING - Invalid pixel coordinate format in key: score
2025-03-07 09:46:04 - WARNING - Invalid pixel coordinate format in key: score
2025-03-07 09:46:04 - WARNING - Invalid pixel coordinate format in key: score
2025-03-07 09:46:04 - WARNING - Invalid pixel coordinate format in key: score
2025-03-07 09:46:04 - WARNING - Invalid pixel coordinate format in key: score
2025-03-07 09:46:04 - WARNING - Invalid pixel coordinate format in key: score
2025-03-07 09:46:04 - WARNING - Invalid pixel coordinate format in key: score
2025-03-07 09:46:04 - WARNING - Invalid pixel coordinate format in key: score
2025-03-07 09:46:04 - WARNING - Invalid pixel coordinate format in key: score
2025-03-07 09:46:04 - WARNING - Invalid pixel coordinate format in key: score
2025-03-07 09:46:04 - WARNING - Invalid pixel coordinate format in key: score
2025-03-07 09:46:04 - WARNING - Invalid pixel coordinate format in key: score
2025-03-07 09:46:04 - WARNING - Invalid pixel coordinate format in key: score
2025-03-07 09:46:04 - WARNING - Invalid pixel coordinate format in key: score
2025-03-07 09:46:04 - WARNING - Invalid pixel coordinate format in key: score
2025-03-07 09:46:04 - WARNING - Invalid pixel coordinate format in key: score
2025-03-07 09:46:04 - WARNING - Invalid pixel coordinate format in key: score
2025-03-07 09:46:04 - WARNING - Invalid pixel coordinate format in key: score
2025-03-07 09:46:04 - WARNING - Invalid pixel coordinate format in key: score
2025-03-07 09:46:04 - WARNING - Invalid pixel coordinate format in key: score
2025-03-07 09:46:04 - WARNING - Invalid pixel coordinate format in key: score
2025-03-07 09:46:04 - WARNING - Invalid pixel coordinate format in key: score
2025-03-07 09:46:04 - WARNING - Invalid pixel coordinate format in key: score
2025-03-07 09:46:04 - WARNING - Invalid pixel coordinate format in key: score
2025-03-07 09:46:04 - WARNING - Invalid pixel coordinate format in key: score
2025-03-07 09:46:04 - WARNING - Invalid pixel coordinate format in key: score
2025-03-07 09:46:04 - WARNING - Invalid pixel coordinate format in key: score
2025-03-07 09:46:04 - WARNING - Invalid pixel coordinate format in key: score
2025-03-07 09:46:04 - WARNING - Invalid pixel coordinate format in key: score
2025-03-07 09:46:04 - WARNING - Invalid pixel coordinate format in key: score
2025-03-07 09:46:04 - WARNING - Invalid pixel coordinate format in key: score
2025-03-07 09:46:04 - WARNING - Invalid pixel coordinate format in key: score
2025-03-07 09:46:04 - WARNING - Invalid pixel coordinate format in key: score
2025-03-07 09:46:04 - WARNING - Invalid pixel coordinate format in key: score
2025-03-07 09:46:04 - WARNING - Invalid pixel coordinate format in key: score
2025-03-07 09:46:04 - WARNING - Invalid pixel coordinate format in key: score
2025-03-07 09:46:04 - WARNING - Invalid pixel coordinate format in key: score
2025-03-07 09:46:04 - WARNING - Invalid pixel coordinate format in key: score
2025-03-07 09:46:04 - WARNING - Invalid pixel coordinate format in key: score
2025-03-07 09:46:04 - WARNING - Invalid pixel coordinate format in key: score
2025-03-07 09:46:04 - WARNING - Invalid pixel coordinate format in key: score
2025-03-07 09:46:04 - WARNING - Invalid pixel coordinate format in key: score
2025-03-07 09:46:04 - WARNING - Invalid pixel coordinate format in key: score
2025-03-07 09:46:04 - WARNING - Invalid pixel coordinate format in key: score
2025-03-07 09:46:04 - WARNING - Invalid pixel coordinate format in key: score
2025-03-07 09:46:04 - WARNING - Invalid pixel coordinate format in key: score
2025-03-07 09:46:04 - WARNING - Invalid pixel coordinate format in key: score
2025-03-07 09:46:04 - WARNING - Invalid pixel coordinate format in key: score
2025-03-07 09:46:04 - WARNING - Invalid pixel coordinate format in key: score
2025-03-07 09:46:04 - WARNING - Invalid pixel coordinate format in key: score
2025-03-07 09:46:04 - WARNING - Invalid pixel coordinate format in key: score
2025-03-07 09:46:04 - WARNING - Invalid pixel coordinate format in key: score
2025-03-07 09:46:04 - WARNING - Invalid pixel coordinate format in key: score
2025-03-07 09:46:04 - WARNING - Invalid pixel coordinate format in key: score
2025-03-07 09:46:04 - WARNING - Invalid pixel coordinate format in key: score
2025-03-07 09:46:04 - WARNING - Invalid pixel coordinate format in key: score
2025-03-07 09:46:04 - WARNING - Invalid pixel coordinate format in key: score
2025-03-07 09:46:04 - WARNING - Invalid pixel coordinate format in key: score
2025-03-07 09:46:04 - WARNING - Invalid pixel coordinate format in key: score
2025-03-07 09:46:04 - WARNING - Invalid pixel coordinate format in key: score
2025-03-07 09:46:04 - WARNING - Invalid pixel coordinate format in key: score
2025-03-07 09:46:04 - WARNING - Invalid pixel coordinate format in key: score
2025-03-07 09:46:04 - WARNING - Invalid pixel coordinate format in key: score
2025-03-07 09:46:04 - WARNING - Invalid pixel coordinate format in key: score
2025-03-07 09:46:04 - WARNING - Invalid pixel coordinate format in key: score
2025-03-07 09:46:04 - WARNING - Invalid pixel coordinate format in key: score
2025-03-07 09:46:04 - WARNING - Invalid pixel coordinate format in key: score
2025-03-07 09:46:04 - WARNING - Invalid pixel coordinate format in key: score
2025-03-07 09:46:04 - WARNING - Invalid pixel coordinate format in key: score
2025-03-07 09:46:04 - WARNING - Invalid pixel coordinate format in key: score
2025-03-07 09:46:04 - WARNING - Invalid pixel coordinate format in key: score
2025-03-07 09:46:04 - WARNING - Invalid pixel coordinate format in key: score
2025-03-07 09:46:04 - WARNING - Invalid pixel coordinate format in key: score
2025-03-07 09:46:04 - WARNING - Invalid pixel coordinate format in key: score
2025-03-07 09:46:04 - WARNING - Invalid pixel coordinate format in key: score
2025-03-07 09:46:04 - WARNING - Invalid pixel coordinate format in key: score
2025-03-07 09:46:04 - WARNING - Invalid pixel coordinate format in key: score
2025-03-07 09:46:04 - WARNING - Invalid pixel coordinate format in key: score
2025-03-07 09:46:04 - WARNING - Invalid pixel coordinate format in key: score
2025-03-07 09:46:04 - WARNING - Invalid pixel coordinate format in key: score
2025-03-07 09:46:04 - WARNING - Invalid pixel coordinate format in key: score
2025-03-07 09:46:04 - WARNING - Invalid pixel coordinate format in key: score
2025-03-07 09:46:04 - WARNING - Invalid pixel coordinate format in key: score
2025-03-07 09:46:04 - WARNING - Invalid pixel coordinate format in key: score
2025-03-07 09:46:04 - WARNING - Invalid pixel coordinate format in key: score
2025-03-07 09:46:04 - WARNING - Invalid pixel coordinate format in key: score
2025-03-07 09:46:04 - WARNING - Invalid pixel coordinate format in key: score
2025-03-07 09:46:04 - WARNING - Invalid pixel coordinate format in key: score
2025-03-07 09:46:04 - WARNING - Invalid pixel coordinate format in key: score
2025-03-07 09:46:04 - WARNING - Invalid pixel coordinate format in key: score
2025-03-07 09:46:04 - WARNING - Invalid pixel coordinate format in key: score
2025-03-07 09:46:04 - WARNING - Invalid pixel coordinate format in key: score
2025-03-07 09:46:04 - WARNING - Invalid pixel coordinate format in key: score
2025-03-07 09:46:04 - WARNING - Invalid pixel coordinate format in key: score
2025-03-07 09:46:04 - INFO - No metadata extracted from valid files.
2025-03-07 09:46:04 - INFO - Drone metadata is empty or not available.
2025-03-07 09:46:04 - INFO - Processing notification: PersonVehicleDetection
2025-03-07 09:46:04 - INFO - Files written successfully: downloads/drone_imgs/Flood/DJI_20211023132139_0092_W_objects_metadata.json, downloads/drone_imgs/Flood/DJI_20211023132139_0092_W_obj.json
2025-03-07 09:46:05 - INFO - OGM metadata successfully saved to estimated_OGM/occupancy_grid_map_Flood_Objects.json
2025-03-07 09:46:05 - INFO - Geo-referencing is done correctly for person and vehicles.
2025-03-07 09:46:05 - INFO - Setting event for non-Alert entity
2025-03-07 09:46:05 - INFO - initialize_processing() is already running, skipping.
2025-03-07 09:46:05 - INFO - 127.0.0.1 - - [07/Mar/2025 09:46:05] "POST /pdm05/notify?subscriptionId=urn:ngsi-ld:tema:subscription:USE:PDM05:007 HTTP/1.1" 200 -
2025-03-07 09:46:05 - INFO - Filtered GeoJSON successfully saved to estimated_OGM/occupancy_grid_map_Flood_Objects_filtered.json
2025-03-07 09:46:05 - INFO - Converting GeoJSON to GeoTIFF at estimated_OGM/occupancy_grid_map_Flood_Objects_filtered.tif
2025-03-07 09:46:05 - ERROR - Value error during GeoTIFF conversion: GeoJSON file contains no features. Cannot generate raster.
2025-03-07 09:46:05 - INFO - No SinglePostResult files found. Skipping this step.
2025-03-07 09:46:06 - INFO - Processing notification: PersonVehicleDetection
2025-03-07 09:46:06 - INFO - Files written successfully: downloads/drone_imgs/Flood/DJI_20211023132142_0093_W_objects_metadata.json, downloads/drone_imgs/Flood/DJI_20211023132142_0093_W_obj.json
2025-03-07 09:46:07 - INFO - Geo-referencing is done correctly for person and vehicles.
2025-03-07 09:46:07 - INFO - Setting event for non-Alert entity
2025-03-07 09:46:07 - INFO - initialize_processing() is already running, skipping.
2025-03-07 09:46:07 - INFO - 127.0.0.1 - - [07/Mar/2025 09:46:07] "POST /pdm05/notify?subscriptionId=urn:ngsi-ld:tema:subscription:USE:PDM05:007 HTTP/1.1" 200 -
2025-03-07 09:46:07 - INFO - ROI data -> [[[6.996817, 50.521793], [6.98238, 50.517756], [6.976085, 50.513527], [6.980425, 50.50647], [6.995879, 50.511398], [6.996817, 50.521793]]]
2025-03-07 09:46:07 - INFO - ogm_gt_ (6.976085, 9.013913043478152e-05, 0.0, 50.521793, 0.0, -9.013529411765997e-05)
2025-03-07 09:46:07 - INFO - observe_gt_drone None
2025-03-07 09:46:07 - INFO - Drone measurements are not available: unsupported operand type(s) for /: 'NoneType' and 'int'
2025-03-07 09:46:07 - INFO - Sat measurements are not available object of type 'NoneType' has no len()
2025-03-07 09:46:07 - INFO - GeoTIFF saved successfully at estimated_OGM/occupancy_grid_map_Flood.tif
2025-03-07 09:46:07 - INFO - urn:ngsi-ld:USE:PDM-05:Maps4Flood:01
2025-03-07 09:46:07 - INFO - Metadata {'title': 'OGM', 'author': 'GRVC lab, University of Seville', 'description': 'Estimated OGM for Fire.', 'creationDate': '2025-03-07T09:46:07.713646', 'XMin': 6.976085, 'XRes': 9.013913043478152e-05, 'YMax': 50.521793, 'YRes': -9.013529411765997e-05, 'spatialReference': 'EPSG:4326', 'file_name': 'occupancy_grid_map_Flood.tif', 'coordinates': [[[6.996817, 50.521793], [6.98238, 50.517756], [6.976085, 50.513527], [6.980425, 50.50647], [6.995879, 50.511398], [6.996817, 50.521793]]], 'bucket': 'naples', 'minio_url': 'https://storage.tema.digital-enabler.eng.it:443/naples/occupancy_grid_mapFlood.tif'}
2025-03-07 09:46:07 - INFO - inside process_and_upload_ogm entity_id ---> urn:ngsi-ld:USE:PDM-05:Maps4Flood:01
2025-03-07 09:46:07 - INFO - Object name occupancy_grid_map_Flood.tif
2025-03-07 09:46:07 - INFO - Object Name in for uploading occupancy_grid_map_Flood.tif
2025-03-07 09:46:07 - INFO - File path in for uploading estimated_OGM/occupancy_grid_map_Flood.tif
2025-03-07 09:46:07 - INFO - File uploaded successfully.
2025-03-07 09:46:07 - INFO - File 'estimated_OGM/occupancy_grid_map_Flood.tif' uploaded to bucket 'naples' successfully.
2025-03-07 09:46:08 - INFO - Entity urn:ngsi-ld:USE:PDM-05:Maps4Flood:01 updated successfully.
2025-03-07 09:46:08 - INFO - Payload published successfully for entity: urn:ngsi-ld:USE:PDM-05:Maps4Flood:01
2025-03-07 09:46:08 - INFO - Checking for existing geo dict: estimated_OGM/occupancy_grid_map_Flood_Objects.json
2025-03-07 09:46:08 - INFO - Using existing geo dict.
2025-03-07 09:46:08 - WARNING - Invalid pixel coordinate format in key: score
2025-03-07 09:46:08 - WARNING - Invalid pixel coordinate format in key: score
2025-03-07 09:46:08 - WARNING - Invalid pixel coordinate format in key: score
2025-03-07 09:46:08 - WARNING - Invalid pixel coordinate format in key: score
2025-03-07 09:46:08 - WARNING - Invalid pixel coordinate format in key: score
2025-03-07 09:46:08 - WARNING - Invalid pixel coordinate format in key: score
2025-03-07 09:46:08 - WARNING - Invalid pixel coordinate format in key: score
2025-03-07 09:46:08 - WARNING - Invalid pixel coordinate format in key: score
2025-03-07 09:46:08 - WARNING - Invalid pixel coordinate format in key: score
2025-03-07 09:46:08 - WARNING - Invalid pixel coordinate format in key: score
2025-03-07 09:46:08 - WARNING - Invalid pixel coordinate format in key: score
2025-03-07 09:46:08 - WARNING - Invalid pixel coordinate format in key: score
2025-03-07 09:46:08 - WARNING - Invalid pixel coordinate format in key: score
2025-03-07 09:46:08 - WARNING - Invalid pixel coordinate format in key: score
2025-03-07 09:46:08 - WARNING - Invalid pixel coordinate format in key: score
2025-03-07 09:46:08 - WARNING - Invalid pixel coordinate format in key: score
2025-03-07 09:46:08 - WARNING - Invalid pixel coordinate format in key: score
2025-03-07 09:46:08 - WARNING - Invalid pixel coordinate format in key: score
2025-03-07 09:46:08 - WARNING - Invalid pixel coordinate format in key: score
2025-03-07 09:46:08 - WARNING - Invalid pixel coordinate format in key: score
2025-03-07 09:46:08 - WARNING - Invalid pixel coordinate format in key: score
2025-03-07 09:46:08 - WARNING - Invalid pixel coordinate format in key: score
2025-03-07 09:46:08 - WARNING - Invalid pixel coordinate format in key: score
2025-03-07 09:46:08 - WARNING - Invalid pixel coordinate format in key: score
2025-03-07 09:46:08 - WARNING - Invalid pixel coordinate format in key: score
2025-03-07 09:46:08 - WARNING - Invalid pixel coordinate format in key: score
2025-03-07 09:46:08 - WARNING - Invalid pixel coordinate format in key: score
2025-03-07 09:46:08 - WARNING - Invalid pixel coordinate format in key: score
2025-03-07 09:46:08 - WARNING - Invalid pixel coordinate format in key: score
2025-03-07 09:46:08 - WARNING - Invalid pixel coordinate format in key: score
2025-03-07 09:46:08 - WARNING - Invalid pixel coordinate format in key: score
2025-03-07 09:46:08 - WARNING - Invalid pixel coordinate format in key: score
2025-03-07 09:46:08 - WARNING - Invalid pixel coordinate format in key: score
2025-03-07 09:46:08 - WARNING - Invalid pixel coordinate format in key: score
2025-03-07 09:46:08 - WARNING - Invalid pixel coordinate format in key: score
2025-03-07 09:46:08 - WARNING - Invalid pixel coordinate format in key: score
2025-03-07 09:46:08 - WARNING - Invalid pixel coordinate format in key: score
2025-03-07 09:46:08 - WARNING - Invalid pixel coordinate format in key: score
2025-03-07 09:46:08 - WARNING - Invalid pixel coordinate format in key: score
2025-03-07 09:46:08 - WARNING - Invalid pixel coordinate format in key: score
2025-03-07 09:46:08 - WARNING - Invalid pixel coordinate format in key: score
2025-03-07 09:46:08 - WARNING - Invalid pixel coordinate format in key: score
2025-03-07 09:46:08 - WARNING - Invalid pixel coordinate format in key: score
2025-03-07 09:46:08 - WARNING - Invalid pixel coordinate format in key: score
2025-03-07 09:46:08 - WARNING - Invalid pixel coordinate format in key: score
2025-03-07 09:46:08 - WARNING - Invalid pixel coordinate format in key: score
2025-03-07 09:46:08 - WARNING - Invalid pixel coordinate format in key: score
2025-03-07 09:46:08 - WARNING - Invalid pixel coordinate format in key: score
2025-03-07 09:46:08 - WARNING - Invalid pixel coordinate format in key: score
2025-03-07 09:46:08 - WARNING - Invalid pixel coordinate format in key: score
2025-03-07 09:46:08 - WARNING - Invalid pixel coordinate format in key: score
2025-03-07 09:46:08 - WARNING - Invalid pixel coordinate format in key: score
2025-03-07 09:46:08 - WARNING - Invalid pixel coordinate format in key: score
2025-03-07 09:46:08 - WARNING - Invalid pixel coordinate format in key: score
2025-03-07 09:46:08 - WARNING - Invalid pixel coordinate format in key: score
2025-03-07 09:46:08 - WARNING - Invalid pixel coordinate format in key: score
2025-03-07 09:46:08 - WARNING - Invalid pixel coordinate format in key: score
2025-03-07 09:46:08 - WARNING - Invalid pixel coordinate format in key: score
2025-03-07 09:46:08 - WARNING - Invalid pixel coordinate format in key: score
2025-03-07 09:46:08 - WARNING - Invalid pixel coordinate format in key: score
2025-03-07 09:46:08 - WARNING - Invalid pixel coordinate format in key: score
2025-03-07 09:46:08 - WARNING - Invalid pixel coordinate format in key: score
2025-03-07 09:46:08 - WARNING - Invalid pixel coordinate format in key: score
2025-03-07 09:46:08 - WARNING - Invalid pixel coordinate format in key: score
2025-03-07 09:46:08 - WARNING - Invalid pixel coordinate format in key: score
2025-03-07 09:46:08 - WARNING - Invalid pixel coordinate format in key: score
2025-03-07 09:46:08 - WARNING - Invalid pixel coordinate format in key: score
2025-03-07 09:46:08 - WARNING - Invalid pixel coordinate format in key: score
2025-03-07 09:46:08 - WARNING - Invalid pixel coordinate format in key: score
2025-03-07 09:46:08 - WARNING - Invalid pixel coordinate format in key: score
2025-03-07 09:46:08 - WARNING - Invalid pixel coordinate format in key: score
2025-03-07 09:46:08 - WARNING - Invalid pixel coordinate format in key: score
2025-03-07 09:46:08 - WARNING - Invalid pixel coordinate format in key: score
2025-03-07 09:46:08 - WARNING - Invalid pixel coordinate format in key: score
2025-03-07 09:46:08 - WARNING - Invalid pixel coordinate format in key: score
2025-03-07 09:46:08 - WARNING - Invalid pixel coordinate format in key: score
2025-03-07 09:46:08 - WARNING - Invalid pixel coordinate format in key: score
2025-03-07 09:46:08 - WARNING - Invalid pixel coordinate format in key: score
2025-03-07 09:46:08 - WARNING - Invalid pixel coordinate format in key: score
2025-03-07 09:46:08 - WARNING - Invalid pixel coordinate format in key: score
2025-03-07 09:46:08 - WARNING - Invalid pixel coordinate format in key: score
2025-03-07 09:46:08 - WARNING - Invalid pixel coordinate format in key: score
2025-03-07 09:46:08 - WARNING - Invalid pixel coordinate format in key: score
2025-03-07 09:46:08 - WARNING - Invalid pixel coordinate format in key: score
2025-03-07 09:46:08 - WARNING - Invalid pixel coordinate format in key: score
2025-03-07 09:46:08 - WARNING - Invalid pixel coordinate format in key: score
2025-03-07 09:46:08 - WARNING - Invalid pixel coordinate format in key: score
2025-03-07 09:46:08 - WARNING - Invalid pixel coordinate format in key: score
2025-03-07 09:46:08 - WARNING - Invalid pixel coordinate format in key: score
2025-03-07 09:46:08 - WARNING - Invalid pixel coordinate format in key: score
2025-03-07 09:46:08 - WARNING - Invalid pixel coordinate format in key: score
2025-03-07 09:46:08 - WARNING - Invalid pixel coordinate format in key: score
2025-03-07 09:46:08 - WARNING - Invalid pixel coordinate format in key: score
2025-03-07 09:46:08 - WARNING - Invalid pixel coordinate format in key: score
2025-03-07 09:46:08 - WARNING - Invalid pixel coordinate format in key: score
2025-03-07 09:46:08 - WARNING - Invalid pixel coordinate format in key: score
2025-03-07 09:46:08 - WARNING - Invalid pixel coordinate format in key: score
2025-03-07 09:46:08 - WARNING - Invalid pixel coordinate format in key: score
2025-03-07 09:46:08 - WARNING - Invalid pixel coordinate format in key: score
2025-03-07 09:46:08 - WARNING - Invalid pixel coordinate format in key: score
2025-03-07 09:46:08 - WARNING - Invalid pixel coordinate format in key: score
2025-03-07 09:46:08 - WARNING - Invalid pixel coordinate format in key: score
2025-03-07 09:46:08 - WARNING - Invalid pixel coordinate format in key: score
2025-03-07 09:46:08 - WARNING - Invalid pixel coordinate format in key: score
2025-03-07 09:46:08 - WARNING - Invalid pixel coordinate format in key: score
2025-03-07 09:46:08 - WARNING - Invalid pixel coordinate format in key: score
2025-03-07 09:46:08 - WARNING - Invalid pixel coordinate format in key: score
2025-03-07 09:46:08 - WARNING - Invalid pixel coordinate format in key: score
2025-03-07 09:46:08 - WARNING - Invalid pixel coordinate format in key: score
2025-03-07 09:46:08 - WARNING - Invalid pixel coordinate format in key: score
2025-03-07 09:46:08 - WARNING - Invalid pixel coordinate format in key: score
2025-03-07 09:46:08 - WARNING - Invalid pixel coordinate format in key: score
2025-03-07 09:46:08 - WARNING - Invalid pixel coordinate format in key: score
2025-03-07 09:46:08 - WARNING - Invalid pixel coordinate format in key: score
2025-03-07 09:46:08 - WARNING - Invalid pixel coordinate format in key: score
2025-03-07 09:46:08 - WARNING - Invalid pixel coordinate format in key: score
2025-03-07 09:46:08 - WARNING - Invalid pixel coordinate format in key: score
2025-03-07 09:46:08 - WARNING - Invalid pixel coordinate format in key: score
2025-03-07 09:46:08 - WARNING - Invalid pixel coordinate format in key: score
2025-03-07 09:46:08 - WARNING - Invalid pixel coordinate format in key: score
2025-03-07 09:46:08 - WARNING - Invalid pixel coordinate format in key: score
2025-03-07 09:46:08 - WARNING - Invalid pixel coordinate format in key: score
2025-03-07 09:46:08 - WARNING - Invalid pixel coordinate format in key: score
2025-03-07 09:46:08 - WARNING - Invalid pixel coordinate format in key: score
2025-03-07 09:46:08 - WARNING - Invalid pixel coordinate format in key: score
2025-03-07 09:46:08 - WARNING - Invalid pixel coordinate format in key: score
2025-03-07 09:46:08 - WARNING - Invalid pixel coordinate format in key: score
2025-03-07 09:46:08 - WARNING - Invalid pixel coordinate format in key: score
2025-03-07 09:46:08 - WARNING - Invalid pixel coordinate format in key: score
2025-03-07 09:46:08 - WARNING - Invalid pixel coordinate format in key: score
2025-03-07 09:46:08 - WARNING - Invalid pixel coordinate format in key: score
2025-03-07 09:46:08 - WARNING - Invalid pixel coordinate format in key: score
2025-03-07 09:46:08 - WARNING - Invalid pixel coordinate format in key: score
2025-03-07 09:46:08 - WARNING - Invalid pixel coordinate format in key: score
2025-03-07 09:46:08 - WARNING - Invalid pixel coordinate format in key: score
2025-03-07 09:46:08 - WARNING - Invalid pixel coordinate format in key: score
2025-03-07 09:46:08 - WARNING - Invalid pixel coordinate format in key: score
2025-03-07 09:46:08 - WARNING - Invalid pixel coordinate format in key: score
2025-03-07 09:46:08 - WARNING - Invalid pixel coordinate format in key: score
2025-03-07 09:46:08 - WARNING - Invalid pixel coordinate format in key: score
2025-03-07 09:46:08 - WARNING - Invalid pixel coordinate format in key: score
2025-03-07 09:46:08 - WARNING - Invalid pixel coordinate format in key: score
2025-03-07 09:46:08 - WARNING - Invalid pixel coordinate format in key: score
2025-03-07 09:46:08 - WARNING - Invalid pixel coordinate format in key: score
2025-03-07 09:46:08 - WARNING - Invalid pixel coordinate format in key: score
2025-03-07 09:46:08 - WARNING - Invalid pixel coordinate format in key: score
2025-03-07 09:46:08 - WARNING - Invalid pixel coordinate format in key: score
2025-03-07 09:46:08 - WARNING - Invalid pixel coordinate format in key: score
2025-03-07 09:46:08 - WARNING - Invalid pixel coordinate format in key: score
2025-03-07 09:46:08 - WARNING - Invalid pixel coordinate format in key: score
2025-03-07 09:46:08 - WARNING - Invalid pixel coordinate format in key: score
2025-03-07 09:46:08 - WARNING - Invalid pixel coordinate format in key: score
2025-03-07 09:46:08 - WARNING - Invalid pixel coordinate format in key: score
2025-03-07 09:46:08 - WARNING - Invalid pixel coordinate format in key: score
2025-03-07 09:46:08 - WARNING - Invalid pixel coordinate format in key: score
2025-03-07 09:46:08 - WARNING - Invalid pixel coordinate format in key: score
2025-03-07 09:46:08 - WARNING - Invalid pixel coordinate format in key: score
2025-03-07 09:46:08 - WARNING - Invalid pixel coordinate format in key: score
2025-03-07 09:46:08 - WARNING - Invalid pixel coordinate format in key: score
2025-03-07 09:46:08 - WARNING - Invalid pixel coordinate format in key: score
2025-03-07 09:46:08 - WARNING - Invalid pixel coordinate format in key: score
2025-03-07 09:46:08 - WARNING - Invalid pixel coordinate format in key: score
2025-03-07 09:46:08 - WARNING - Invalid pixel coordinate format in key: score
2025-03-07 09:46:08 - WARNING - Invalid pixel coordinate format in key: score
2025-03-07 09:46:08 - WARNING - Invalid pixel coordinate format in key: score
2025-03-07 09:46:08 - WARNING - Invalid pixel coordinate format in key: score
2025-03-07 09:46:08 - WARNING - Invalid pixel coordinate format in key: score
2025-03-07 09:46:08 - WARNING - Invalid pixel coordinate format in key: score
2025-03-07 09:46:08 - WARNING - Invalid pixel coordinate format in key: score
2025-03-07 09:46:08 - WARNING - Invalid pixel coordinate format in key: score
2025-03-07 09:46:08 - WARNING - Invalid pixel coordinate format in key: score
2025-03-07 09:46:08 - WARNING - Invalid pixel coordinate format in key: score
2025-03-07 09:46:08 - WARNING - Invalid pixel coordinate format in key: score
2025-03-07 09:46:08 - WARNING - Invalid pixel coordinate format in key: score
2025-03-07 09:46:08 - WARNING - Invalid pixel coordinate format in key: score
2025-03-07 09:46:08 - WARNING - Invalid pixel coordinate format in key: score
2025-03-07 09:46:08 - WARNING - Invalid pixel coordinate format in key: score
2025-03-07 09:46:08 - WARNING - Invalid pixel coordinate format in key: score
2025-03-07 09:46:08 - WARNING - Invalid pixel coordinate format in key: score
2025-03-07 09:46:08 - WARNING - Invalid pixel coordinate format in key: score
2025-03-07 09:46:08 - WARNING - Invalid pixel coordinate format in key: score
2025-03-07 09:46:08 - WARNING - Invalid pixel coordinate format in key: score
2025-03-07 09:46:08 - WARNING - Invalid pixel coordinate format in key: score
2025-03-07 09:46:08 - WARNING - Invalid pixel coordinate format in key: score
2025-03-07 09:46:08 - WARNING - Invalid pixel coordinate format in key: score
2025-03-07 09:46:08 - WARNING - Invalid pixel coordinate format in key: score
2025-03-07 09:46:08 - WARNING - Invalid pixel coordinate format in key: score
2025-03-07 09:46:08 - WARNING - Invalid pixel coordinate format in key: score
2025-03-07 09:46:08 - WARNING - Invalid pixel coordinate format in key: score
2025-03-07 09:46:08 - WARNING - Invalid pixel coordinate format in key: score
2025-03-07 09:46:08 - WARNING - Invalid pixel coordinate format in key: score
2025-03-07 09:46:08 - WARNING - Invalid pixel coordinate format in key: score
2025-03-07 09:46:08 - WARNING - Invalid pixel coordinate format in key: score
2025-03-07 09:46:08 - WARNING - Invalid pixel coordinate format in key: score
2025-03-07 09:46:08 - WARNING - Invalid pixel coordinate format in key: score
2025-03-07 09:46:08 - WARNING - Invalid pixel coordinate format in key: score
2025-03-07 09:46:08 - WARNING - Invalid pixel coordinate format in key: score
2025-03-07 09:46:08 - WARNING - Invalid pixel coordinate format in key: score
2025-03-07 09:46:08 - WARNING - Invalid pixel coordinate format in key: score
2025-03-07 09:46:08 - WARNING - Invalid pixel coordinate format in key: score
2025-03-07 09:46:08 - WARNING - Invalid pixel coordinate format in key: score
2025-03-07 09:46:08 - WARNING - Invalid pixel coordinate format in key: score
2025-03-07 09:46:08 - WARNING - Invalid pixel coordinate format in key: score
2025-03-07 09:46:08 - WARNING - Invalid pixel coordinate format in key: score
2025-03-07 09:46:08 - WARNING - Invalid pixel coordinate format in key: score
2025-03-07 09:46:08 - WARNING - Invalid pixel coordinate format in key: score
2025-03-07 09:46:08 - WARNING - Invalid pixel coordinate format in key: score
2025-03-07 09:46:08 - WARNING - Invalid pixel coordinate format in key: score
2025-03-07 09:46:08 - WARNING - Invalid pixel coordinate format in key: score
2025-03-07 09:46:08 - WARNING - Invalid pixel coordinate format in key: score
2025-03-07 09:46:08 - WARNING - Invalid pixel coordinate format in key: score
2025-03-07 09:46:08 - WARNING - Invalid pixel coordinate format in key: score
2025-03-07 09:46:08 - WARNING - Invalid pixel coordinate format in key: score
2025-03-07 09:46:08 - WARNING - Invalid pixel coordinate format in key: score
2025-03-07 09:46:08 - WARNING - Invalid pixel coordinate format in key: score
2025-03-07 09:46:08 - WARNING - Invalid pixel coordinate format in key: score
2025-03-07 09:46:08 - WARNING - Invalid pixel coordinate format in key: score
2025-03-07 09:46:08 - WARNING - Invalid pixel coordinate format in key: score
2025-03-07 09:46:08 - WARNING - Invalid pixel coordinate format in key: score
2025-03-07 09:46:08 - WARNING - Invalid pixel coordinate format in key: score
2025-03-07 09:46:08 - WARNING - Invalid pixel coordinate format in key: score
2025-03-07 09:46:08 - WARNING - Invalid pixel coordinate format in key: score
2025-03-07 09:46:08 - WARNING - Invalid pixel coordinate format in key: score
2025-03-07 09:46:08 - WARNING - Invalid pixel coordinate format in key: score
2025-03-07 09:46:08 - WARNING - Invalid pixel coordinate format in key: score
2025-03-07 09:46:08 - WARNING - Invalid pixel coordinate format in key: score
2025-03-07 09:46:08 - WARNING - Invalid pixel coordinate format in key: score
2025-03-07 09:46:08 - WARNING - Invalid pixel coordinate format in key: score
2025-03-07 09:46:08 - WARNING - Invalid pixel coordinate format in key: score
2025-03-07 09:46:08 - WARNING - Invalid pixel coordinate format in key: score
2025-03-07 09:46:08 - WARNING - Invalid pixel coordinate format in key: score
2025-03-07 09:46:08 - WARNING - Invalid pixel coordinate format in key: score
2025-03-07 09:46:08 - WARNING - Invalid pixel coordinate format in key: score
2025-03-07 09:46:08 - WARNING - Invalid pixel coordinate format in key: score
2025-03-07 09:46:08 - WARNING - Invalid pixel coordinate format in key: score
2025-03-07 09:46:08 - WARNING - Invalid pixel coordinate format in key: score
2025-03-07 09:46:08 - WARNING - Invalid pixel coordinate format in key: score
2025-03-07 09:46:08 - WARNING - Invalid pixel coordinate format in key: score
2025-03-07 09:46:08 - WARNING - Invalid pixel coordinate format in key: score
2025-03-07 09:46:08 - WARNING - Invalid pixel coordinate format in key: score
2025-03-07 09:46:08 - WARNING - Invalid pixel coordinate format in key: score
2025-03-07 09:46:08 - WARNING - Invalid pixel coordinate format in key: score
2025-03-07 09:46:08 - WARNING - Invalid pixel coordinate format in key: score
2025-03-07 09:46:08 - WARNING - Invalid pixel coordinate format in key: score
2025-03-07 09:46:08 - WARNING - Invalid pixel coordinate format in key: score
2025-03-07 09:46:08 - WARNING - Invalid pixel coordinate format in key: score
2025-03-07 09:46:08 - WARNING - Invalid pixel coordinate format in key: score
2025-03-07 09:46:08 - WARNING - Invalid pixel coordinate format in key: score
2025-03-07 09:46:08 - WARNING - Invalid pixel coordinate format in key: score
2025-03-07 09:46:08 - WARNING - Invalid pixel coordinate format in key: score
2025-03-07 09:46:08 - WARNING - Invalid pixel coordinate format in key: score
2025-03-07 09:46:08 - WARNING - Invalid pixel coordinate format in key: score
2025-03-07 09:46:08 - WARNING - Invalid pixel coordinate format in key: score
2025-03-07 09:46:08 - WARNING - Invalid pixel coordinate format in key: score
2025-03-07 09:46:08 - WARNING - Invalid pixel coordinate format in key: score
2025-03-07 09:46:08 - WARNING - Invalid pixel coordinate format in key: score
2025-03-07 09:46:08 - WARNING - Invalid pixel coordinate format in key: score
2025-03-07 09:46:08 - WARNING - Invalid pixel coordinate format in key: score
2025-03-07 09:46:08 - WARNING - Invalid pixel coordinate format in key: score
2025-03-07 09:46:08 - WARNING - Invalid pixel coordinate format in key: score
2025-03-07 09:46:08 - WARNING - Invalid pixel coordinate format in key: score
2025-03-07 09:46:08 - WARNING - Invalid pixel coordinate format in key: score
2025-03-07 09:46:08 - WARNING - Invalid pixel coordinate format in key: score
2025-03-07 09:46:08 - WARNING - Invalid pixel coordinate format in key: score
2025-03-07 09:46:08 - WARNING - Invalid pixel coordinate format in key: score
2025-03-07 09:46:08 - WARNING - Invalid pixel coordinate format in key: score
2025-03-07 09:46:08 - WARNING - Invalid pixel coordinate format in key: score
2025-03-07 09:46:08 - WARNING - Invalid pixel coordinate format in key: score
2025-03-07 09:46:08 - WARNING - Invalid pixel coordinate format in key: score
2025-03-07 09:46:08 - WARNING - Invalid pixel coordinate format in key: score
2025-03-07 09:46:08 - WARNING - Invalid pixel coordinate format in key: score
2025-03-07 09:46:08 - WARNING - Invalid pixel coordinate format in key: score
2025-03-07 09:46:08 - WARNING - Invalid pixel coordinate format in key: score
2025-03-07 09:46:08 - WARNING - Invalid pixel coordinate format in key: score
2025-03-07 09:46:08 - WARNING - Invalid pixel coordinate format in key: score
2025-03-07 09:46:08 - WARNING - Invalid pixel coordinate format in key: score
2025-03-07 09:46:08 - WARNING - Invalid pixel coordinate format in key: score
2025-03-07 09:46:08 - WARNING - Invalid pixel coordinate format in key: score
2025-03-07 09:46:08 - WARNING - Invalid pixel coordinate format in key: score
2025-03-07 09:46:08 - WARNING - Invalid pixel coordinate format in key: score
2025-03-07 09:46:08 - WARNING - Invalid pixel coordinate format in key: score
2025-03-07 09:46:08 - WARNING - Invalid pixel coordinate format in key: score
2025-03-07 09:46:08 - WARNING - Invalid pixel coordinate format in key: score
2025-03-07 09:46:08 - WARNING - Invalid pixel coordinate format in key: score
2025-03-07 09:46:08 - WARNING - Invalid pixel coordinate format in key: score
2025-03-07 09:46:08 - WARNING - Invalid pixel coordinate format in key: score
2025-03-07 09:46:08 - WARNING - Invalid pixel coordinate format in key: score
2025-03-07 09:46:08 - WARNING - Invalid pixel coordinate format in key: score
2025-03-07 09:46:08 - WARNING - Invalid pixel coordinate format in key: score
2025-03-07 09:46:08 - WARNING - Invalid pixel coordinate format in key: score
2025-03-07 09:46:08 - WARNING - Invalid pixel coordinate format in key: score
2025-03-07 09:46:08 - WARNING - Invalid pixel coordinate format in key: score
2025-03-07 09:46:08 - WARNING - Invalid pixel coordinate format in key: score
2025-03-07 09:46:08 - WARNING - Invalid pixel coordinate format in key: score
2025-03-07 09:46:08 - WARNING - Invalid pixel coordinate format in key: score
2025-03-07 09:46:08 - WARNING - Invalid pixel coordinate format in key: score
2025-03-07 09:46:08 - WARNING - Invalid pixel coordinate format in key: score
2025-03-07 09:46:08 - WARNING - Invalid pixel coordinate format in key: score
2025-03-07 09:46:08 - WARNING - Invalid pixel coordinate format in key: score
2025-03-07 09:46:08 - WARNING - Invalid pixel coordinate format in key: score
2025-03-07 09:46:08 - WARNING - Invalid pixel coordinate format in key: score
2025-03-07 09:46:08 - WARNING - Invalid pixel coordinate format in key: score
2025-03-07 09:46:08 - WARNING - Invalid pixel coordinate format in key: score
2025-03-07 09:46:08 - WARNING - Invalid pixel coordinate format in key: score
2025-03-07 09:46:08 - WARNING - Invalid pixel coordinate format in key: score
2025-03-07 09:46:08 - WARNING - Invalid pixel coordinate format in key: score
2025-03-07 09:46:08 - WARNING - Invalid pixel coordinate format in key: score
2025-03-07 09:46:08 - WARNING - Invalid pixel coordinate format in key: score
2025-03-07 09:46:08 - WARNING - Invalid pixel coordinate format in key: score
2025-03-07 09:46:08 - WARNING - Invalid pixel coordinate format in key: score
2025-03-07 09:46:08 - WARNING - Invalid pixel coordinate format in key: score
2025-03-07 09:46:08 - WARNING - Invalid pixel coordinate format in key: score
2025-03-07 09:46:08 - WARNING - Invalid pixel coordinate format in key: score
2025-03-07 09:46:08 - WARNING - Invalid pixel coordinate format in key: score
2025-03-07 09:46:08 - WARNING - Invalid pixel coordinate format in key: score
2025-03-07 09:46:08 - WARNING - Invalid pixel coordinate format in key: score
2025-03-07 09:46:08 - WARNING - Invalid pixel coordinate format in key: score
2025-03-07 09:46:08 - WARNING - Invalid pixel coordinate format in key: score
2025-03-07 09:46:08 - WARNING - Invalid pixel coordinate format in key: score
2025-03-07 09:46:08 - WARNING - Invalid pixel coordinate format in key: score
2025-03-07 09:46:08 - WARNING - Invalid pixel coordinate format in key: score
2025-03-07 09:46:08 - WARNING - Invalid pixel coordinate format in key: score
2025-03-07 09:46:08 - WARNING - Invalid pixel coordinate format in key: score
2025-03-07 09:46:08 - WARNING - Invalid pixel coordinate format in key: score
2025-03-07 09:46:08 - WARNING - Invalid pixel coordinate format in key: score
2025-03-07 09:46:08 - WARNING - Invalid pixel coordinate format in key: score
2025-03-07 09:46:08 - WARNING - Invalid pixel coordinate format in key: score
2025-03-07 09:46:08 - WARNING - Invalid pixel coordinate format in key: score
2025-03-07 09:46:08 - WARNING - Invalid pixel coordinate format in key: score
2025-03-07 09:46:08 - WARNING - Invalid pixel coordinate format in key: score
2025-03-07 09:46:08 - WARNING - Invalid pixel coordinate format in key: score
2025-03-07 09:46:08 - WARNING - Invalid pixel coordinate format in key: score
2025-03-07 09:46:08 - WARNING - Invalid pixel coordinate format in key: score
2025-03-07 09:46:08 - WARNING - Invalid pixel coordinate format in key: score
2025-03-07 09:46:08 - WARNING - Invalid pixel coordinate format in key: score
2025-03-07 09:46:08 - WARNING - Invalid pixel coordinate format in key: score
2025-03-07 09:46:08 - WARNING - Invalid pixel coordinate format in key: score
2025-03-07 09:46:08 - WARNING - Invalid pixel coordinate format in key: score
2025-03-07 09:46:08 - WARNING - Invalid pixel coordinate format in key: score
2025-03-07 09:46:08 - WARNING - Invalid pixel coordinate format in key: score
2025-03-07 09:46:08 - WARNING - Invalid pixel coordinate format in key: score
2025-03-07 09:46:08 - WARNING - Invalid pixel coordinate format in key: score
2025-03-07 09:46:08 - WARNING - Invalid pixel coordinate format in key: score
2025-03-07 09:46:08 - WARNING - Invalid pixel coordinate format in key: score
2025-03-07 09:46:08 - WARNING - Invalid pixel coordinate format in key: score
2025-03-07 09:46:08 - WARNING - Invalid pixel coordinate format in key: score
2025-03-07 09:46:08 - WARNING - Invalid pixel coordinate format in key: score
2025-03-07 09:46:08 - WARNING - Invalid pixel coordinate format in key: score
2025-03-07 09:46:08 - WARNING - Invalid pixel coordinate format in key: score
2025-03-07 09:46:08 - WARNING - Invalid pixel coordinate format in key: score
2025-03-07 09:46:08 - WARNING - Invalid pixel coordinate format in key: score
2025-03-07 09:46:08 - WARNING - Invalid pixel coordinate format in key: score
2025-03-07 09:46:08 - WARNING - Invalid pixel coordinate format in key: score
2025-03-07 09:46:08 - WARNING - Invalid pixel coordinate format in key: score
2025-03-07 09:46:08 - WARNING - Invalid pixel coordinate format in key: score
2025-03-07 09:46:08 - WARNING - Invalid pixel coordinate format in key: score
2025-03-07 09:46:08 - WARNING - Invalid pixel coordinate format in key: score
2025-03-07 09:46:08 - WARNING - Invalid pixel coordinate format in key: score
2025-03-07 09:46:08 - WARNING - Invalid pixel coordinate format in key: score
2025-03-07 09:46:08 - WARNING - Invalid pixel coordinate format in key: score
2025-03-07 09:46:08 - WARNING - Invalid pixel coordinate format in key: score
2025-03-07 09:46:08 - WARNING - Invalid pixel coordinate format in key: score
2025-03-07 09:46:08 - INFO - No metadata extracted from valid files.
2025-03-07 09:46:08 - INFO - Drone metadata is empty or not available.
2025-03-07 09:46:08 - INFO - Processing notification: PersonVehicleDetection
2025-03-07 09:46:08 - INFO - Files written successfully: downloads/drone_imgs/Flood/DJI_20211023132146_0094_W_objects_metadata.json, downloads/drone_imgs/Flood/DJI_20211023132146_0094_W_obj.json
2025-03-07 09:46:09 - INFO - OGM metadata successfully saved to estimated_OGM/occupancy_grid_map_Flood_Objects.json
2025-03-07 09:46:09 - INFO - Filtered GeoJSON successfully saved to estimated_OGM/occupancy_grid_map_Flood_Objects_filtered.json
2025-03-07 09:46:09 - INFO - Converting GeoJSON to GeoTIFF at estimated_OGM/occupancy_grid_map_Flood_Objects_filtered.tif
2025-03-07 09:46:09 - ERROR - Value error during GeoTIFF conversion: GeoJSON file contains no features. Cannot generate raster.
2025-03-07 09:46:09 - INFO - No SinglePostResult files found. Skipping this step.
2025-03-07 09:46:09 - INFO - Processing notification: PersonVehicleDetection
2025-03-07 09:46:09 - INFO - Files written successfully: downloads/drone_imgs/Flood/DJI_20211023132150_0095_W_objects_metadata.json, downloads/drone_imgs/Flood/DJI_20211023132150_0095_W_obj.json
2025-03-07 09:46:09 - INFO - Geo-referencing is done correctly for person and vehicles.
2025-03-07 09:46:09 - INFO - Setting event for non-Alert entity
2025-03-07 09:46:09 - INFO - initialize_processing() is already running, skipping.
2025-03-07 09:46:09 - INFO - 127.0.0.1 - - [07/Mar/2025 09:46:09] "POST /pdm05/notify?subscriptionId=urn:ngsi-ld:tema:subscription:USE:PDM05:007 HTTP/1.1" 200 -
2025-03-07 09:46:10 - INFO - ROI data -> [[[6.996817, 50.521793], [6.98238, 50.517756], [6.976085, 50.513527], [6.980425, 50.50647], [6.995879, 50.511398], [6.996817, 50.521793]]]
2025-03-07 09:46:10 - INFO - ogm_gt_ (6.976085, 9.013913043478152e-05, 0.0, 50.521793, 0.0, -9.013529411765997e-05)
2025-03-07 09:46:10 - INFO - observe_gt_drone None
2025-03-07 09:46:10 - INFO - Drone measurements are not available: unsupported operand type(s) for /: 'NoneType' and 'int'
2025-03-07 09:46:10 - INFO - Sat measurements are not available object of type 'NoneType' has no len()
2025-03-07 09:46:10 - INFO - GeoTIFF saved successfully at estimated_OGM/occupancy_grid_map_Flood.tif
2025-03-07 09:46:10 - INFO - urn:ngsi-ld:USE:PDM-05:Maps4Flood:01
2025-03-07 09:46:10 - INFO - Metadata {'title': 'OGM', 'author': 'GRVC lab, University of Seville', 'description': 'Estimated OGM for Fire.', 'creationDate': '2025-03-07T09:46:10.106594', 'XMin': 6.976085, 'XRes': 9.013913043478152e-05, 'YMax': 50.521793, 'YRes': -9.013529411765997e-05, 'spatialReference': 'EPSG:4326', 'file_name': 'occupancy_grid_map_Flood.tif', 'coordinates': [[[6.996817, 50.521793], [6.98238, 50.517756], [6.976085, 50.513527], [6.980425, 50.50647], [6.995879, 50.511398], [6.996817, 50.521793]]], 'bucket': 'naples', 'minio_url': 'https://storage.tema.digital-enabler.eng.it:443/naples/occupancy_grid_mapFlood.tif'}
2025-03-07 09:46:10 - INFO - inside process_and_upload_ogm entity_id ---> urn:ngsi-ld:USE:PDM-05:Maps4Flood:01
2025-03-07 09:46:10 - INFO - Object name occupancy_grid_map_Flood.tif
2025-03-07 09:46:10 - INFO - Object Name in for uploading occupancy_grid_map_Flood.tif
2025-03-07 09:46:10 - INFO - File path in for uploading estimated_OGM/occupancy_grid_map_Flood.tif
2025-03-07 09:46:10 - INFO - File uploaded successfully.
2025-03-07 09:46:10 - INFO - File 'estimated_OGM/occupancy_grid_map_Flood.tif' uploaded to bucket 'naples' successfully.
2025-03-07 09:46:10 - INFO - Entity urn:ngsi-ld:USE:PDM-05:Maps4Flood:01 updated successfully.
2025-03-07 09:46:10 - INFO - Payload published successfully for entity: urn:ngsi-ld:USE:PDM-05:Maps4Flood:01
2025-03-07 09:46:10 - INFO - Checking for existing geo dict: estimated_OGM/occupancy_grid_map_Flood_Objects.json
2025-03-07 09:46:10 - INFO - Using existing geo dict.
2025-03-07 09:46:10 - WARNING - Invalid pixel coordinate format in key: score
2025-03-07 09:46:10 - WARNING - Invalid pixel coordinate format in key: score
2025-03-07 09:46:10 - WARNING - Invalid pixel coordinate format in key: score
2025-03-07 09:46:10 - WARNING - Invalid pixel coordinate format in key: score
2025-03-07 09:46:10 - WARNING - Invalid pixel coordinate format in key: score
2025-03-07 09:46:10 - WARNING - Invalid pixel coordinate format in key: score
2025-03-07 09:46:10 - WARNING - Invalid pixel coordinate format in key: score
2025-03-07 09:46:10 - WARNING - Invalid pixel coordinate format in key: score
2025-03-07 09:46:10 - WARNING - Invalid pixel coordinate format in key: score
2025-03-07 09:46:10 - WARNING - Invalid pixel coordinate format in key: score
2025-03-07 09:46:10 - WARNING - Invalid pixel coordinate format in key: score
2025-03-07 09:46:10 - WARNING - Invalid pixel coordinate format in key: score
2025-03-07 09:46:10 - WARNING - Invalid pixel coordinate format in key: score
2025-03-07 09:46:10 - WARNING - Invalid pixel coordinate format in key: score
2025-03-07 09:46:10 - WARNING - Invalid pixel coordinate format in key: score
2025-03-07 09:46:10 - WARNING - Invalid pixel coordinate format in key: score
2025-03-07 09:46:10 - WARNING - Invalid pixel coordinate format in key: score
2025-03-07 09:46:10 - WARNING - Invalid pixel coordinate format in key: score
2025-03-07 09:46:10 - WARNING - Invalid pixel coordinate format in key: score
2025-03-07 09:46:10 - WARNING - Invalid pixel coordinate format in key: score
2025-03-07 09:46:10 - WARNING - Invalid pixel coordinate format in key: score
2025-03-07 09:46:10 - WARNING - Invalid pixel coordinate format in key: score
2025-03-07 09:46:10 - WARNING - Invalid pixel coordinate format in key: score
2025-03-07 09:46:10 - WARNING - Invalid pixel coordinate format in key: score
2025-03-07 09:46:10 - WARNING - Invalid pixel coordinate format in key: score
2025-03-07 09:46:10 - WARNING - Invalid pixel coordinate format in key: score
2025-03-07 09:46:10 - WARNING - Invalid pixel coordinate format in key: score
2025-03-07 09:46:10 - WARNING - Invalid pixel coordinate format in key: score
2025-03-07 09:46:10 - WARNING - Invalid pixel coordinate format in key: score
2025-03-07 09:46:10 - WARNING - Invalid pixel coordinate format in key: score
2025-03-07 09:46:10 - WARNING - Invalid pixel coordinate format in key: score
2025-03-07 09:46:10 - WARNING - Invalid pixel coordinate format in key: score
2025-03-07 09:46:10 - WARNING - Invalid pixel coordinate format in key: score
2025-03-07 09:46:10 - WARNING - Invalid pixel coordinate format in key: score
2025-03-07 09:46:10 - WARNING - Invalid pixel coordinate format in key: score
2025-03-07 09:46:10 - WARNING - Invalid pixel coordinate format in key: score
2025-03-07 09:46:10 - WARNING - Invalid pixel coordinate format in key: score
2025-03-07 09:46:10 - WARNING - Invalid pixel coordinate format in key: score
2025-03-07 09:46:10 - WARNING - Invalid pixel coordinate format in key: score
2025-03-07 09:46:10 - WARNING - Invalid pixel coordinate format in key: score
2025-03-07 09:46:10 - WARNING - Invalid pixel coordinate format in key: score
2025-03-07 09:46:10 - WARNING - Invalid pixel coordinate format in key: score
2025-03-07 09:46:10 - WARNING - Invalid pixel coordinate format in key: score
2025-03-07 09:46:10 - WARNING - Invalid pixel coordinate format in key: score
2025-03-07 09:46:10 - WARNING - Invalid pixel coordinate format in key: score
2025-03-07 09:46:10 - WARNING - Invalid pixel coordinate format in key: score
2025-03-07 09:46:10 - WARNING - Invalid pixel coordinate format in key: score
2025-03-07 09:46:10 - WARNING - Invalid pixel coordinate format in key: score
2025-03-07 09:46:10 - WARNING - Invalid pixel coordinate format in key: score
2025-03-07 09:46:10 - WARNING - Invalid pixel coordinate format in key: score
2025-03-07 09:46:10 - WARNING - Invalid pixel coordinate format in key: score
2025-03-07 09:46:10 - WARNING - Invalid pixel coordinate format in key: score
2025-03-07 09:46:10 - WARNING - Invalid pixel coordinate format in key: score
2025-03-07 09:46:10 - WARNING - Invalid pixel coordinate format in key: score
2025-03-07 09:46:10 - WARNING - Invalid pixel coordinate format in key: score
2025-03-07 09:46:10 - WARNING - Invalid pixel coordinate format in key: score
2025-03-07 09:46:10 - WARNING - Invalid pixel coordinate format in key: score
2025-03-07 09:46:10 - WARNING - Invalid pixel coordinate format in key: score
2025-03-07 09:46:10 - WARNING - Invalid pixel coordinate format in key: score
2025-03-07 09:46:10 - WARNING - Invalid pixel coordinate format in key: score
2025-03-07 09:46:10 - WARNING - Invalid pixel coordinate format in key: score
2025-03-07 09:46:10 - WARNING - Invalid pixel coordinate format in key: score
2025-03-07 09:46:10 - WARNING - Invalid pixel coordinate format in key: score
2025-03-07 09:46:10 - WARNING - Invalid pixel coordinate format in key: score
2025-03-07 09:46:10 - WARNING - Invalid pixel coordinate format in key: score
2025-03-07 09:46:10 - WARNING - Invalid pixel coordinate format in key: score
2025-03-07 09:46:10 - WARNING - Invalid pixel coordinate format in key: score
2025-03-07 09:46:10 - WARNING - Invalid pixel coordinate format in key: score
2025-03-07 09:46:10 - WARNING - Invalid pixel coordinate format in key: score
2025-03-07 09:46:10 - WARNING - Invalid pixel coordinate format in key: score
2025-03-07 09:46:10 - WARNING - Invalid pixel coordinate format in key: score
2025-03-07 09:46:10 - WARNING - Invalid pixel coordinate format in key: score
2025-03-07 09:46:10 - WARNING - Invalid pixel coordinate format in key: score
2025-03-07 09:46:10 - WARNING - Invalid pixel coordinate format in key: score
2025-03-07 09:46:10 - WARNING - Invalid pixel coordinate format in key: score
2025-03-07 09:46:10 - WARNING - Invalid pixel coordinate format in key: score
2025-03-07 09:46:10 - WARNING - Invalid pixel coordinate format in key: score
2025-03-07 09:46:10 - WARNING - Invalid pixel coordinate format in key: score
2025-03-07 09:46:10 - WARNING - Invalid pixel coordinate format in key: score
2025-03-07 09:46:10 - WARNING - Invalid pixel coordinate format in key: score
2025-03-07 09:46:10 - WARNING - Invalid pixel coordinate format in key: score
2025-03-07 09:46:10 - WARNING - Invalid pixel coordinate format in key: score
2025-03-07 09:46:10 - WARNING - Invalid pixel coordinate format in key: score
2025-03-07 09:46:10 - WARNING - Invalid pixel coordinate format in key: score
2025-03-07 09:46:10 - WARNING - Invalid pixel coordinate format in key: score
2025-03-07 09:46:10 - WARNING - Invalid pixel coordinate format in key: score
2025-03-07 09:46:10 - WARNING - Invalid pixel coordinate format in key: score
2025-03-07 09:46:10 - WARNING - Invalid pixel coordinate format in key: score
2025-03-07 09:46:10 - WARNING - Invalid pixel coordinate format in key: score
2025-03-07 09:46:10 - WARNING - Invalid pixel coordinate format in key: score
2025-03-07 09:46:10 - WARNING - Invalid pixel coordinate format in key: score
2025-03-07 09:46:10 - WARNING - Invalid pixel coordinate format in key: score
2025-03-07 09:46:10 - WARNING - Invalid pixel coordinate format in key: score
2025-03-07 09:46:10 - WARNING - Invalid pixel coordinate format in key: score
2025-03-07 09:46:10 - WARNING - Invalid pixel coordinate format in key: score
2025-03-07 09:46:10 - WARNING - Invalid pixel coordinate format in key: score
2025-03-07 09:46:10 - WARNING - Invalid pixel coordinate format in key: score
2025-03-07 09:46:10 - WARNING - Invalid pixel coordinate format in key: score
2025-03-07 09:46:10 - WARNING - Invalid pixel coordinate format in key: score
2025-03-07 09:46:10 - WARNING - Invalid pixel coordinate format in key: score
2025-03-07 09:46:10 - WARNING - Invalid pixel coordinate format in key: score
2025-03-07 09:46:10 - WARNING - Invalid pixel coordinate format in key: score
2025-03-07 09:46:10 - WARNING - Invalid pixel coordinate format in key: score
2025-03-07 09:46:10 - WARNING - Invalid pixel coordinate format in key: score
2025-03-07 09:46:10 - WARNING - Invalid pixel coordinate format in key: score
2025-03-07 09:46:10 - WARNING - Invalid pixel coordinate format in key: score
2025-03-07 09:46:10 - WARNING - Invalid pixel coordinate format in key: score
2025-03-07 09:46:10 - WARNING - Invalid pixel coordinate format in key: score
2025-03-07 09:46:10 - WARNING - Invalid pixel coordinate format in key: score
2025-03-07 09:46:10 - WARNING - Invalid pixel coordinate format in key: score
2025-03-07 09:46:10 - WARNING - Invalid pixel coordinate format in key: score
2025-03-07 09:46:10 - WARNING - Invalid pixel coordinate format in key: score
2025-03-07 09:46:10 - WARNING - Invalid pixel coordinate format in key: score
2025-03-07 09:46:10 - WARNING - Invalid pixel coordinate format in key: score
2025-03-07 09:46:10 - WARNING - Invalid pixel coordinate format in key: score
2025-03-07 09:46:10 - WARNING - Invalid pixel coordinate format in key: score
2025-03-07 09:46:10 - WARNING - Invalid pixel coordinate format in key: score
2025-03-07 09:46:10 - WARNING - Invalid pixel coordinate format in key: score
2025-03-07 09:46:10 - WARNING - Invalid pixel coordinate format in key: score
2025-03-07 09:46:10 - WARNING - Invalid pixel coordinate format in key: score
2025-03-07 09:46:10 - WARNING - Invalid pixel coordinate format in key: score
2025-03-07 09:46:10 - WARNING - Invalid pixel coordinate format in key: score
2025-03-07 09:46:10 - WARNING - Invalid pixel coordinate format in key: score
2025-03-07 09:46:10 - WARNING - Invalid pixel coordinate format in key: score
2025-03-07 09:46:10 - WARNING - Invalid pixel coordinate format in key: score
2025-03-07 09:46:10 - WARNING - Invalid pixel coordinate format in key: score
2025-03-07 09:46:10 - WARNING - Invalid pixel coordinate format in key: score
2025-03-07 09:46:10 - WARNING - Invalid pixel coordinate format in key: score
2025-03-07 09:46:10 - WARNING - Invalid pixel coordinate format in key: score
2025-03-07 09:46:10 - WARNING - Invalid pixel coordinate format in key: score
2025-03-07 09:46:10 - WARNING - Invalid pixel coordinate format in key: score
2025-03-07 09:46:10 - WARNING - Invalid pixel coordinate format in key: score
2025-03-07 09:46:10 - WARNING - Invalid pixel coordinate format in key: score
2025-03-07 09:46:10 - WARNING - Invalid pixel coordinate format in key: score
2025-03-07 09:46:10 - WARNING - Invalid pixel coordinate format in key: score
2025-03-07 09:46:10 - WARNING - Invalid pixel coordinate format in key: score
2025-03-07 09:46:10 - WARNING - Invalid pixel coordinate format in key: score
2025-03-07 09:46:10 - WARNING - Invalid pixel coordinate format in key: score
2025-03-07 09:46:10 - WARNING - Invalid pixel coordinate format in key: score
2025-03-07 09:46:10 - WARNING - Invalid pixel coordinate format in key: score
2025-03-07 09:46:10 - WARNING - Invalid pixel coordinate format in key: score
2025-03-07 09:46:10 - WARNING - Invalid pixel coordinate format in key: score
2025-03-07 09:46:10 - WARNING - Invalid pixel coordinate format in key: score
2025-03-07 09:46:10 - WARNING - Invalid pixel coordinate format in key: score
2025-03-07 09:46:10 - WARNING - Invalid pixel coordinate format in key: score
2025-03-07 09:46:10 - WARNING - Invalid pixel coordinate format in key: score
2025-03-07 09:46:10 - WARNING - Invalid pixel coordinate format in key: score
2025-03-07 09:46:10 - WARNING - Invalid pixel coordinate format in key: score
2025-03-07 09:46:10 - WARNING - Invalid pixel coordinate format in key: score
2025-03-07 09:46:10 - WARNING - Invalid pixel coordinate format in key: score
2025-03-07 09:46:10 - WARNING - Invalid pixel coordinate format in key: score
2025-03-07 09:46:10 - WARNING - Invalid pixel coordinate format in key: score
2025-03-07 09:46:10 - WARNING - Invalid pixel coordinate format in key: score
2025-03-07 09:46:10 - WARNING - Invalid pixel coordinate format in key: score
2025-03-07 09:46:10 - WARNING - Invalid pixel coordinate format in key: score
2025-03-07 09:46:10 - WARNING - Invalid pixel coordinate format in key: score
2025-03-07 09:46:10 - WARNING - Invalid pixel coordinate format in key: score
2025-03-07 09:46:10 - WARNING - Invalid pixel coordinate format in key: score
2025-03-07 09:46:10 - WARNING - Invalid pixel coordinate format in key: score
2025-03-07 09:46:10 - WARNING - Invalid pixel coordinate format in key: score
2025-03-07 09:46:10 - WARNING - Invalid pixel coordinate format in key: score
2025-03-07 09:46:10 - WARNING - Invalid pixel coordinate format in key: score
2025-03-07 09:46:10 - WARNING - Invalid pixel coordinate format in key: score
2025-03-07 09:46:10 - WARNING - Invalid pixel coordinate format in key: score
2025-03-07 09:46:10 - WARNING - Invalid pixel coordinate format in key: score
2025-03-07 09:46:10 - WARNING - Invalid pixel coordinate format in key: score
2025-03-07 09:46:10 - WARNING - Invalid pixel coordinate format in key: score
2025-03-07 09:46:11 - WARNING - Invalid pixel coordinate format in key: score
2025-03-07 09:46:11 - WARNING - Invalid pixel coordinate format in key: score
2025-03-07 09:46:11 - WARNING - Invalid pixel coordinate format in key: score
2025-03-07 09:46:11 - WARNING - Invalid pixel coordinate format in key: score
2025-03-07 09:46:11 - WARNING - Invalid pixel coordinate format in key: score
2025-03-07 09:46:11 - WARNING - Invalid pixel coordinate format in key: score
2025-03-07 09:46:11 - WARNING - Invalid pixel coordinate format in key: score
2025-03-07 09:46:11 - WARNING - Invalid pixel coordinate format in key: score
2025-03-07 09:46:11 - WARNING - Invalid pixel coordinate format in key: score
2025-03-07 09:46:11 - WARNING - Invalid pixel coordinate format in key: score
2025-03-07 09:46:11 - WARNING - Invalid pixel coordinate format in key: score
2025-03-07 09:46:11 - WARNING - Invalid pixel coordinate format in key: score
2025-03-07 09:46:11 - WARNING - Invalid pixel coordinate format in key: score
2025-03-07 09:46:11 - WARNING - Invalid pixel coordinate format in key: score
2025-03-07 09:46:11 - WARNING - Invalid pixel coordinate format in key: score
2025-03-07 09:46:11 - WARNING - Invalid pixel coordinate format in key: score
2025-03-07 09:46:11 - WARNING - Invalid pixel coordinate format in key: score
2025-03-07 09:46:11 - WARNING - Invalid pixel coordinate format in key: score
2025-03-07 09:46:11 - WARNING - Invalid pixel coordinate format in key: score
2025-03-07 09:46:11 - WARNING - Invalid pixel coordinate format in key: score
2025-03-07 09:46:11 - WARNING - Invalid pixel coordinate format in key: score
2025-03-07 09:46:11 - WARNING - Invalid pixel coordinate format in key: score
2025-03-07 09:46:11 - WARNING - Invalid pixel coordinate format in key: score
2025-03-07 09:46:11 - WARNING - Invalid pixel coordinate format in key: score
2025-03-07 09:46:11 - WARNING - Invalid pixel coordinate format in key: score
2025-03-07 09:46:11 - WARNING - Invalid pixel coordinate format in key: score
2025-03-07 09:46:11 - WARNING - Invalid pixel coordinate format in key: score
2025-03-07 09:46:11 - WARNING - Invalid pixel coordinate format in key: score
2025-03-07 09:46:11 - WARNING - Invalid pixel coordinate format in key: score
2025-03-07 09:46:11 - WARNING - Invalid pixel coordinate format in key: score
2025-03-07 09:46:11 - WARNING - Invalid pixel coordinate format in key: score
2025-03-07 09:46:11 - WARNING - Invalid pixel coordinate format in key: score
2025-03-07 09:46:11 - WARNING - Invalid pixel coordinate format in key: score
2025-03-07 09:46:11 - WARNING - Invalid pixel coordinate format in key: score
2025-03-07 09:46:11 - WARNING - Invalid pixel coordinate format in key: score
2025-03-07 09:46:11 - WARNING - Invalid pixel coordinate format in key: score
2025-03-07 09:46:11 - WARNING - Invalid pixel coordinate format in key: score
2025-03-07 09:46:11 - WARNING - Invalid pixel coordinate format in key: score
2025-03-07 09:46:11 - WARNING - Invalid pixel coordinate format in key: score
2025-03-07 09:46:11 - WARNING - Invalid pixel coordinate format in key: score
2025-03-07 09:46:11 - WARNING - Invalid pixel coordinate format in key: score
2025-03-07 09:46:11 - WARNING - Invalid pixel coordinate format in key: score
2025-03-07 09:46:11 - WARNING - Invalid pixel coordinate format in key: score
2025-03-07 09:46:11 - WARNING - Invalid pixel coordinate format in key: score
2025-03-07 09:46:11 - WARNING - Invalid pixel coordinate format in key: score
2025-03-07 09:46:11 - WARNING - Invalid pixel coordinate format in key: score
2025-03-07 09:46:11 - WARNING - Invalid pixel coordinate format in key: score
2025-03-07 09:46:11 - WARNING - Invalid pixel coordinate format in key: score
2025-03-07 09:46:11 - WARNING - Invalid pixel coordinate format in key: score
2025-03-07 09:46:11 - WARNING - Invalid pixel coordinate format in key: score
2025-03-07 09:46:11 - WARNING - Invalid pixel coordinate format in key: score
2025-03-07 09:46:11 - WARNING - Invalid pixel coordinate format in key: score
2025-03-07 09:46:11 - WARNING - Invalid pixel coordinate format in key: score
2025-03-07 09:46:11 - WARNING - Invalid pixel coordinate format in key: score
2025-03-07 09:46:11 - WARNING - Invalid pixel coordinate format in key: score
2025-03-07 09:46:11 - WARNING - Invalid pixel coordinate format in key: score
2025-03-07 09:46:11 - WARNING - Invalid pixel coordinate format in key: score
2025-03-07 09:46:11 - WARNING - Invalid pixel coordinate format in key: score
2025-03-07 09:46:11 - WARNING - Invalid pixel coordinate format in key: score
2025-03-07 09:46:11 - WARNING - Invalid pixel coordinate format in key: score
2025-03-07 09:46:11 - WARNING - Invalid pixel coordinate format in key: score
2025-03-07 09:46:11 - WARNING - Invalid pixel coordinate format in key: score
2025-03-07 09:46:11 - WARNING - Invalid pixel coordinate format in key: score
2025-03-07 09:46:11 - WARNING - Invalid pixel coordinate format in key: score
2025-03-07 09:46:11 - WARNING - Invalid pixel coordinate format in key: score
2025-03-07 09:46:11 - WARNING - Invalid pixel coordinate format in key: score
2025-03-07 09:46:11 - WARNING - Invalid pixel coordinate format in key: score
2025-03-07 09:46:11 - WARNING - Invalid pixel coordinate format in key: score
2025-03-07 09:46:11 - WARNING - Invalid pixel coordinate format in key: score
2025-03-07 09:46:11 - WARNING - Invalid pixel coordinate format in key: score
2025-03-07 09:46:11 - WARNING - Invalid pixel coordinate format in key: score
2025-03-07 09:46:11 - WARNING - Invalid pixel coordinate format in key: score
2025-03-07 09:46:11 - WARNING - Invalid pixel coordinate format in key: score
2025-03-07 09:46:11 - WARNING - Invalid pixel coordinate format in key: score
2025-03-07 09:46:11 - WARNING - Invalid pixel coordinate format in key: score
2025-03-07 09:46:11 - WARNING - Invalid pixel coordinate format in key: score
2025-03-07 09:46:11 - WARNING - Invalid pixel coordinate format in key: score
2025-03-07 09:46:11 - WARNING - Invalid pixel coordinate format in key: score
2025-03-07 09:46:11 - WARNING - Invalid pixel coordinate format in key: score
2025-03-07 09:46:11 - WARNING - Invalid pixel coordinate format in key: score
2025-03-07 09:46:11 - WARNING - Invalid pixel coordinate format in key: score
2025-03-07 09:46:11 - WARNING - Invalid pixel coordinate format in key: score
2025-03-07 09:46:11 - WARNING - Invalid pixel coordinate format in key: score
2025-03-07 09:46:11 - WARNING - Invalid pixel coordinate format in key: score
2025-03-07 09:46:11 - WARNING - Invalid pixel coordinate format in key: score
2025-03-07 09:46:11 - WARNING - Invalid pixel coordinate format in key: score
2025-03-07 09:46:11 - WARNING - Invalid pixel coordinate format in key: score
2025-03-07 09:46:11 - WARNING - Invalid pixel coordinate format in key: score
2025-03-07 09:46:11 - WARNING - Invalid pixel coordinate format in key: score
2025-03-07 09:46:11 - WARNING - Invalid pixel coordinate format in key: score
2025-03-07 09:46:11 - WARNING - Invalid pixel coordinate format in key: score
2025-03-07 09:46:11 - WARNING - Invalid pixel coordinate format in key: score
2025-03-07 09:46:11 - WARNING - Invalid pixel coordinate format in key: score
2025-03-07 09:46:11 - WARNING - Invalid pixel coordinate format in key: score
2025-03-07 09:46:11 - WARNING - Invalid pixel coordinate format in key: score
2025-03-07 09:46:11 - WARNING - Invalid pixel coordinate format in key: score
2025-03-07 09:46:11 - WARNING - Invalid pixel coordinate format in key: score
2025-03-07 09:46:11 - WARNING - Invalid pixel coordinate format in key: score
2025-03-07 09:46:11 - WARNING - Invalid pixel coordinate format in key: score
2025-03-07 09:46:11 - WARNING - Invalid pixel coordinate format in key: score
2025-03-07 09:46:11 - WARNING - Invalid pixel coordinate format in key: score
2025-03-07 09:46:11 - WARNING - Invalid pixel coordinate format in key: score
2025-03-07 09:46:11 - WARNING - Invalid pixel coordinate format in key: score
2025-03-07 09:46:11 - WARNING - Invalid pixel coordinate format in key: score
2025-03-07 09:46:11 - WARNING - Invalid pixel coordinate format in key: score
2025-03-07 09:46:11 - WARNING - Invalid pixel coordinate format in key: score
2025-03-07 09:46:11 - WARNING - Invalid pixel coordinate format in key: score
2025-03-07 09:46:11 - WARNING - Invalid pixel coordinate format in key: score
2025-03-07 09:46:11 - WARNING - Invalid pixel coordinate format in key: score
2025-03-07 09:46:11 - WARNING - Invalid pixel coordinate format in key: score
2025-03-07 09:46:11 - WARNING - Invalid pixel coordinate format in key: score
2025-03-07 09:46:11 - WARNING - Invalid pixel coordinate format in key: score
2025-03-07 09:46:11 - WARNING - Invalid pixel coordinate format in key: score
2025-03-07 09:46:11 - WARNING - Invalid pixel coordinate format in key: score
2025-03-07 09:46:11 - WARNING - Invalid pixel coordinate format in key: score
2025-03-07 09:46:11 - WARNING - Invalid pixel coordinate format in key: score
2025-03-07 09:46:11 - WARNING - Invalid pixel coordinate format in key: score
2025-03-07 09:46:11 - WARNING - Invalid pixel coordinate format in key: score
2025-03-07 09:46:11 - WARNING - Invalid pixel coordinate format in key: score
2025-03-07 09:46:11 - WARNING - Invalid pixel coordinate format in key: score
2025-03-07 09:46:11 - WARNING - Invalid pixel coordinate format in key: score
2025-03-07 09:46:11 - WARNING - Invalid pixel coordinate format in key: score
2025-03-07 09:46:11 - WARNING - Invalid pixel coordinate format in key: score
2025-03-07 09:46:11 - WARNING - Invalid pixel coordinate format in key: score
2025-03-07 09:46:11 - WARNING - Invalid pixel coordinate format in key: score
2025-03-07 09:46:11 - WARNING - Invalid pixel coordinate format in key: score
2025-03-07 09:46:11 - WARNING - Invalid pixel coordinate format in key: score
2025-03-07 09:46:11 - WARNING - Invalid pixel coordinate format in key: score
2025-03-07 09:46:11 - WARNING - Invalid pixel coordinate format in key: score
2025-03-07 09:46:11 - WARNING - Invalid pixel coordinate format in key: score
2025-03-07 09:46:11 - WARNING - Invalid pixel coordinate format in key: score
2025-03-07 09:46:11 - WARNING - Invalid pixel coordinate format in key: score
2025-03-07 09:46:11 - WARNING - Invalid pixel coordinate format in key: score
2025-03-07 09:46:11 - WARNING - Invalid pixel coordinate format in key: score
2025-03-07 09:46:11 - WARNING - Invalid pixel coordinate format in key: score
2025-03-07 09:46:11 - WARNING - Invalid pixel coordinate format in key: score
2025-03-07 09:46:11 - WARNING - Invalid pixel coordinate format in key: score
2025-03-07 09:46:11 - WARNING - Invalid pixel coordinate format in key: score
2025-03-07 09:46:11 - WARNING - Invalid pixel coordinate format in key: score
2025-03-07 09:46:11 - WARNING - Invalid pixel coordinate format in key: score
2025-03-07 09:46:11 - WARNING - Invalid pixel coordinate format in key: score
2025-03-07 09:46:11 - WARNING - Invalid pixel coordinate format in key: score
2025-03-07 09:46:11 - WARNING - Invalid pixel coordinate format in key: score
2025-03-07 09:46:11 - WARNING - Invalid pixel coordinate format in key: score
2025-03-07 09:46:11 - WARNING - Invalid pixel coordinate format in key: score
2025-03-07 09:46:11 - WARNING - Invalid pixel coordinate format in key: score
2025-03-07 09:46:11 - WARNING - Invalid pixel coordinate format in key: score
2025-03-07 09:46:11 - WARNING - Invalid pixel coordinate format in key: score
2025-03-07 09:46:11 - WARNING - Invalid pixel coordinate format in key: score
2025-03-07 09:46:11 - WARNING - Invalid pixel coordinate format in key: score
2025-03-07 09:46:11 - WARNING - Invalid pixel coordinate format in key: score
2025-03-07 09:46:11 - WARNING - Invalid pixel coordinate format in key: score
2025-03-07 09:46:11 - WARNING - Invalid pixel coordinate format in key: score
2025-03-07 09:46:11 - WARNING - Invalid pixel coordinate format in key: score
2025-03-07 09:46:11 - WARNING - Invalid pixel coordinate format in key: score
2025-03-07 09:46:11 - WARNING - Invalid pixel coordinate format in key: score
2025-03-07 09:46:11 - WARNING - Invalid pixel coordinate format in key: score
2025-03-07 09:46:11 - WARNING - Invalid pixel coordinate format in key: score
2025-03-07 09:46:11 - WARNING - Invalid pixel coordinate format in key: score
2025-03-07 09:46:11 - WARNING - Invalid pixel coordinate format in key: score
2025-03-07 09:46:11 - WARNING - Invalid pixel coordinate format in key: score
2025-03-07 09:46:11 - WARNING - Invalid pixel coordinate format in key: score
2025-03-07 09:46:11 - WARNING - Invalid pixel coordinate format in key: score
2025-03-07 09:46:11 - WARNING - Invalid pixel coordinate format in key: score
2025-03-07 09:46:11 - WARNING - Invalid pixel coordinate format in key: score
2025-03-07 09:46:11 - WARNING - Invalid pixel coordinate format in key: score
2025-03-07 09:46:11 - WARNING - Invalid pixel coordinate format in key: score
2025-03-07 09:46:11 - WARNING - Invalid pixel coordinate format in key: score
2025-03-07 09:46:11 - WARNING - Invalid pixel coordinate format in key: score
2025-03-07 09:46:11 - WARNING - Invalid pixel coordinate format in key: score
2025-03-07 09:46:11 - WARNING - Invalid pixel coordinate format in key: score
2025-03-07 09:46:11 - WARNING - Invalid pixel coordinate format in key: score
2025-03-07 09:46:11 - WARNING - Invalid pixel coordinate format in key: score
2025-03-07 09:46:11 - WARNING - Invalid pixel coordinate format in key: score
2025-03-07 09:46:11 - WARNING - Invalid pixel coordinate format in key: score
2025-03-07 09:46:11 - WARNING - Invalid pixel coordinate format in key: score
2025-03-07 09:46:11 - WARNING - Invalid pixel coordinate format in key: score
2025-03-07 09:46:11 - WARNING - Invalid pixel coordinate format in key: score
2025-03-07 09:46:11 - WARNING - Invalid pixel coordinate format in key: score
2025-03-07 09:46:11 - WARNING - Invalid pixel coordinate format in key: score
2025-03-07 09:46:11 - WARNING - Invalid pixel coordinate format in key: score
2025-03-07 09:46:11 - WARNING - Invalid pixel coordinate format in key: score
2025-03-07 09:46:11 - WARNING - Invalid pixel coordinate format in key: score
2025-03-07 09:46:11 - WARNING - Invalid pixel coordinate format in key: score
2025-03-07 09:46:11 - WARNING - Invalid pixel coordinate format in key: score
2025-03-07 09:46:11 - WARNING - Invalid pixel coordinate format in key: score
2025-03-07 09:46:11 - WARNING - Invalid pixel coordinate format in key: score
2025-03-07 09:46:11 - WARNING - Invalid pixel coordinate format in key: score
2025-03-07 09:46:11 - WARNING - Invalid pixel coordinate format in key: score
2025-03-07 09:46:11 - WARNING - Invalid pixel coordinate format in key: score
2025-03-07 09:46:11 - WARNING - Invalid pixel coordinate format in key: score
2025-03-07 09:46:11 - WARNING - Invalid pixel coordinate format in key: score
2025-03-07 09:46:11 - WARNING - Invalid pixel coordinate format in key: score
2025-03-07 09:46:11 - WARNING - Invalid pixel coordinate format in key: score
2025-03-07 09:46:11 - WARNING - Invalid pixel coordinate format in key: score
2025-03-07 09:46:11 - WARNING - Invalid pixel coordinate format in key: score
2025-03-07 09:46:11 - WARNING - Invalid pixel coordinate format in key: score
2025-03-07 09:46:11 - WARNING - Invalid pixel coordinate format in key: score
2025-03-07 09:46:11 - WARNING - Invalid pixel coordinate format in key: score
2025-03-07 09:46:11 - WARNING - Invalid pixel coordinate format in key: score
2025-03-07 09:46:11 - WARNING - Invalid pixel coordinate format in key: score
2025-03-07 09:46:11 - WARNING - Invalid pixel coordinate format in key: score
2025-03-07 09:46:11 - WARNING - Invalid pixel coordinate format in key: score
2025-03-07 09:46:11 - WARNING - Invalid pixel coordinate format in key: score
2025-03-07 09:46:11 - WARNING - Invalid pixel coordinate format in key: score
2025-03-07 09:46:11 - WARNING - Invalid pixel coordinate format in key: score
2025-03-07 09:46:11 - WARNING - Invalid pixel coordinate format in key: score
2025-03-07 09:46:11 - WARNING - Invalid pixel coordinate format in key: score
2025-03-07 09:46:11 - WARNING - Invalid pixel coordinate format in key: score
2025-03-07 09:46:11 - WARNING - Invalid pixel coordinate format in key: score
2025-03-07 09:46:11 - WARNING - Invalid pixel coordinate format in key: score
2025-03-07 09:46:11 - WARNING - Invalid pixel coordinate format in key: score
2025-03-07 09:46:11 - WARNING - Invalid pixel coordinate format in key: score
2025-03-07 09:46:11 - WARNING - Invalid pixel coordinate format in key: score
2025-03-07 09:46:11 - WARNING - Invalid pixel coordinate format in key: score
2025-03-07 09:46:11 - INFO - No metadata extracted from valid files.
2025-03-07 09:46:11 - INFO - Drone metadata is empty or not available.
2025-03-07 09:46:11 - INFO - Processing notification: PersonVehicleDetection
2025-03-07 09:46:11 - INFO - Files written successfully: downloads/drone_imgs/Flood/DJI_20211023132154_0096_W_objects_metadata.json, downloads/drone_imgs/Flood/DJI_20211023132154_0096_W_obj.json
2025-03-07 09:46:12 - INFO - OGM metadata successfully saved to estimated_OGM/occupancy_grid_map_Flood_Objects.json
2025-03-07 09:46:12 - INFO - Filtered GeoJSON successfully saved to estimated_OGM/occupancy_grid_map_Flood_Objects_filtered.json
2025-03-07 09:46:12 - INFO - Converting GeoJSON to GeoTIFF at estimated_OGM/occupancy_grid_map_Flood_Objects_filtered.tif
2025-03-07 09:46:12 - ERROR - Value error during GeoTIFF conversion: GeoJSON file contains no features. Cannot generate raster.
2025-03-07 09:46:12 - INFO - No SinglePostResult files found. Skipping this step.
2025-03-07 09:46:13 - INFO - Processing notification: PersonVehicleDetection
2025-03-07 09:46:13 - INFO - Files written successfully: downloads/drone_imgs/Flood/DJI_20211023132156_0097_W_objects_metadata.json, downloads/drone_imgs/Flood/DJI_20211023132156_0097_W_obj.json
2025-03-07 09:46:13 - INFO - Geo-referencing is done correctly for person and vehicles.
2025-03-07 09:46:13 - INFO - Setting event for non-Alert entity
2025-03-07 09:46:13 - INFO - initialize_processing() is already running, skipping.
2025-03-07 09:46:13 - INFO - 127.0.0.1 - - [07/Mar/2025 09:46:13] "POST /pdm05/notify?subscriptionId=urn:ngsi-ld:tema:subscription:USE:PDM05:007 HTTP/1.1" 200 -
2025-03-07 09:46:13 - INFO - ROI data -> [[[6.996817, 50.521793], [6.98238, 50.517756], [6.976085, 50.513527], [6.980425, 50.50647], [6.995879, 50.511398], [6.996817, 50.521793]]]
2025-03-07 09:46:13 - INFO - ogm_gt_ (6.976085, 9.013913043478152e-05, 0.0, 50.521793, 0.0, -9.013529411765997e-05)
2025-03-07 09:46:13 - INFO - observe_gt_drone None
2025-03-07 09:46:13 - INFO - Drone measurements are not available: unsupported operand type(s) for /: 'NoneType' and 'int'
2025-03-07 09:46:13 - INFO - Sat measurements are not available object of type 'NoneType' has no len()
2025-03-07 09:46:13 - INFO - GeoTIFF saved successfully at estimated_OGM/occupancy_grid_map_Flood.tif
2025-03-07 09:46:13 - INFO - urn:ngsi-ld:USE:PDM-05:Maps4Flood:01
2025-03-07 09:46:13 - INFO - Metadata {'title': 'OGM', 'author': 'GRVC lab, University of Seville', 'description': 'Estimated OGM for Fire.', 'creationDate': '2025-03-07T09:46:13.352140', 'XMin': 6.976085, 'XRes': 9.013913043478152e-05, 'YMax': 50.521793, 'YRes': -9.013529411765997e-05, 'spatialReference': 'EPSG:4326', 'file_name': 'occupancy_grid_map_Flood.tif', 'coordinates': [[[6.996817, 50.521793], [6.98238, 50.517756], [6.976085, 50.513527], [6.980425, 50.50647], [6.995879, 50.511398], [6.996817, 50.521793]]], 'bucket': 'naples', 'minio_url': 'https://storage.tema.digital-enabler.eng.it:443/naples/occupancy_grid_mapFlood.tif'}
2025-03-07 09:46:13 - INFO - inside process_and_upload_ogm entity_id ---> urn:ngsi-ld:USE:PDM-05:Maps4Flood:01
2025-03-07 09:46:13 - INFO - Object name occupancy_grid_map_Flood.tif
2025-03-07 09:46:13 - INFO - Object Name in for uploading occupancy_grid_map_Flood.tif
2025-03-07 09:46:13 - INFO - File path in for uploading estimated_OGM/occupancy_grid_map_Flood.tif
2025-03-07 09:46:13 - INFO - File uploaded successfully.
2025-03-07 09:46:13 - INFO - File 'estimated_OGM/occupancy_grid_map_Flood.tif' uploaded to bucket 'naples' successfully.
2025-03-07 09:46:14 - INFO - Entity urn:ngsi-ld:USE:PDM-05:Maps4Flood:01 updated successfully.
2025-03-07 09:46:14 - INFO - Payload published successfully for entity: urn:ngsi-ld:USE:PDM-05:Maps4Flood:01
2025-03-07 09:46:14 - INFO - Checking for existing geo dict: estimated_OGM/occupancy_grid_map_Flood_Objects.json
2025-03-07 09:46:14 - INFO - Using existing geo dict.
2025-03-07 09:46:14 - WARNING - Invalid pixel coordinate format in key: score
2025-03-07 09:46:14 - WARNING - Invalid pixel coordinate format in key: score
2025-03-07 09:46:14 - WARNING - Invalid pixel coordinate format in key: score
2025-03-07 09:46:14 - WARNING - Invalid pixel coordinate format in key: score
2025-03-07 09:46:14 - WARNING - Invalid pixel coordinate format in key: score
2025-03-07 09:46:14 - WARNING - Invalid pixel coordinate format in key: score
2025-03-07 09:46:14 - WARNING - Invalid pixel coordinate format in key: score
2025-03-07 09:46:14 - WARNING - Invalid pixel coordinate format in key: score
2025-03-07 09:46:14 - WARNING - Invalid pixel coordinate format in key: score
2025-03-07 09:46:14 - WARNING - Invalid pixel coordinate format in key: score
2025-03-07 09:46:14 - WARNING - Invalid pixel coordinate format in key: score
2025-03-07 09:46:14 - WARNING - Invalid pixel coordinate format in key: score
2025-03-07 09:46:14 - WARNING - Invalid pixel coordinate format in key: score
2025-03-07 09:46:14 - WARNING - Invalid pixel coordinate format in key: score
2025-03-07 09:46:14 - WARNING - Invalid pixel coordinate format in key: score
2025-03-07 09:46:14 - WARNING - Invalid pixel coordinate format in key: score
2025-03-07 09:46:14 - WARNING - Invalid pixel coordinate format in key: score
2025-03-07 09:46:14 - WARNING - Invalid pixel coordinate format in key: score
2025-03-07 09:46:14 - WARNING - Invalid pixel coordinate format in key: score
2025-03-07 09:46:14 - WARNING - Invalid pixel coordinate format in key: score
2025-03-07 09:46:14 - WARNING - Invalid pixel coordinate format in key: score
2025-03-07 09:46:14 - WARNING - Invalid pixel coordinate format in key: score
2025-03-07 09:46:14 - WARNING - Invalid pixel coordinate format in key: score
2025-03-07 09:46:14 - WARNING - Invalid pixel coordinate format in key: score
2025-03-07 09:46:14 - WARNING - Invalid pixel coordinate format in key: score
2025-03-07 09:46:14 - WARNING - Invalid pixel coordinate format in key: score
2025-03-07 09:46:14 - WARNING - Invalid pixel coordinate format in key: score
2025-03-07 09:46:14 - WARNING - Invalid pixel coordinate format in key: score
2025-03-07 09:46:14 - WARNING - Invalid pixel coordinate format in key: score
2025-03-07 09:46:14 - WARNING - Invalid pixel coordinate format in key: score
2025-03-07 09:46:14 - WARNING - Invalid pixel coordinate format in key: score
2025-03-07 09:46:14 - WARNING - Invalid pixel coordinate format in key: score
2025-03-07 09:46:14 - WARNING - Invalid pixel coordinate format in key: score
2025-03-07 09:46:14 - WARNING - Invalid pixel coordinate format in key: score
2025-03-07 09:46:14 - WARNING - Invalid pixel coordinate format in key: score
2025-03-07 09:46:14 - WARNING - Invalid pixel coordinate format in key: score
2025-03-07 09:46:14 - WARNING - Invalid pixel coordinate format in key: score
2025-03-07 09:46:14 - WARNING - Invalid pixel coordinate format in key: score
2025-03-07 09:46:14 - WARNING - Invalid pixel coordinate format in key: score
2025-03-07 09:46:14 - WARNING - Invalid pixel coordinate format in key: score
2025-03-07 09:46:14 - WARNING - Invalid pixel coordinate format in key: score
2025-03-07 09:46:14 - WARNING - Invalid pixel coordinate format in key: score
2025-03-07 09:46:14 - WARNING - Invalid pixel coordinate format in key: score
2025-03-07 09:46:14 - WARNING - Invalid pixel coordinate format in key: score
2025-03-07 09:46:14 - WARNING - Invalid pixel coordinate format in key: score
2025-03-07 09:46:14 - WARNING - Invalid pixel coordinate format in key: score
2025-03-07 09:46:14 - WARNING - Invalid pixel coordinate format in key: score
2025-03-07 09:46:14 - WARNING - Invalid pixel coordinate format in key: score
2025-03-07 09:46:14 - WARNING - Invalid pixel coordinate format in key: score
2025-03-07 09:46:14 - WARNING - Invalid pixel coordinate format in key: score
2025-03-07 09:46:14 - WARNING - Invalid pixel coordinate format in key: score
2025-03-07 09:46:14 - WARNING - Invalid pixel coordinate format in key: score
2025-03-07 09:46:14 - WARNING - Invalid pixel coordinate format in key: score
2025-03-07 09:46:14 - WARNING - Invalid pixel coordinate format in key: score
2025-03-07 09:46:14 - WARNING - Invalid pixel coordinate format in key: score
2025-03-07 09:46:14 - WARNING - Invalid pixel coordinate format in key: score
2025-03-07 09:46:14 - WARNING - Invalid pixel coordinate format in key: score
2025-03-07 09:46:14 - WARNING - Invalid pixel coordinate format in key: score
2025-03-07 09:46:14 - WARNING - Invalid pixel coordinate format in key: score
2025-03-07 09:46:14 - WARNING - Invalid pixel coordinate format in key: score
2025-03-07 09:46:14 - WARNING - Invalid pixel coordinate format in key: score
2025-03-07 09:46:14 - WARNING - Invalid pixel coordinate format in key: score
2025-03-07 09:46:14 - WARNING - Invalid pixel coordinate format in key: score
2025-03-07 09:46:14 - WARNING - Invalid pixel coordinate format in key: score
2025-03-07 09:46:14 - WARNING - Invalid pixel coordinate format in key: score
2025-03-07 09:46:14 - WARNING - Invalid pixel coordinate format in key: score
2025-03-07 09:46:14 - WARNING - Invalid pixel coordinate format in key: score
2025-03-07 09:46:14 - WARNING - Invalid pixel coordinate format in key: score
2025-03-07 09:46:14 - WARNING - Invalid pixel coordinate format in key: score
2025-03-07 09:46:14 - WARNING - Invalid pixel coordinate format in key: score
2025-03-07 09:46:14 - WARNING - Invalid pixel coordinate format in key: score
2025-03-07 09:46:14 - WARNING - Invalid pixel coordinate format in key: score
2025-03-07 09:46:14 - WARNING - Invalid pixel coordinate format in key: score
2025-03-07 09:46:14 - WARNING - Invalid pixel coordinate format in key: score
2025-03-07 09:46:14 - WARNING - Invalid pixel coordinate format in key: score
2025-03-07 09:46:14 - WARNING - Invalid pixel coordinate format in key: score
2025-03-07 09:46:14 - WARNING - Invalid pixel coordinate format in key: score
2025-03-07 09:46:14 - WARNING - Invalid pixel coordinate format in key: score
2025-03-07 09:46:14 - WARNING - Invalid pixel coordinate format in key: score
2025-03-07 09:46:14 - WARNING - Invalid pixel coordinate format in key: score
2025-03-07 09:46:14 - WARNING - Invalid pixel coordinate format in key: score
2025-03-07 09:46:14 - WARNING - Invalid pixel coordinate format in key: score
2025-03-07 09:46:14 - WARNING - Invalid pixel coordinate format in key: score
2025-03-07 09:46:14 - WARNING - Invalid pixel coordinate format in key: score
2025-03-07 09:46:14 - WARNING - Invalid pixel coordinate format in key: score
2025-03-07 09:46:14 - WARNING - Invalid pixel coordinate format in key: score
2025-03-07 09:46:14 - WARNING - Invalid pixel coordinate format in key: score
2025-03-07 09:46:14 - WARNING - Invalid pixel coordinate format in key: score
2025-03-07 09:46:14 - WARNING - Invalid pixel coordinate format in key: score
2025-03-07 09:46:14 - WARNING - Invalid pixel coordinate format in key: score
2025-03-07 09:46:14 - WARNING - Invalid pixel coordinate format in key: score
2025-03-07 09:46:14 - WARNING - Invalid pixel coordinate format in key: score
2025-03-07 09:46:14 - WARNING - Invalid pixel coordinate format in key: score
2025-03-07 09:46:14 - WARNING - Invalid pixel coordinate format in key: score
2025-03-07 09:46:14 - WARNING - Invalid pixel coordinate format in key: score
2025-03-07 09:46:14 - WARNING - Invalid pixel coordinate format in key: score
2025-03-07 09:46:14 - WARNING - Invalid pixel coordinate format in key: score
2025-03-07 09:46:14 - WARNING - Invalid pixel coordinate format in key: score
2025-03-07 09:46:14 - WARNING - Invalid pixel coordinate format in key: score
2025-03-07 09:46:14 - WARNING - Invalid pixel coordinate format in key: score
2025-03-07 09:46:14 - WARNING - Invalid pixel coordinate format in key: score
2025-03-07 09:46:14 - WARNING - Invalid pixel coordinate format in key: score
2025-03-07 09:46:14 - WARNING - Invalid pixel coordinate format in key: score
2025-03-07 09:46:14 - WARNING - Invalid pixel coordinate format in key: score
2025-03-07 09:46:14 - WARNING - Invalid pixel coordinate format in key: score
2025-03-07 09:46:14 - WARNING - Invalid pixel coordinate format in key: score
2025-03-07 09:46:14 - WARNING - Invalid pixel coordinate format in key: score
2025-03-07 09:46:14 - WARNING - Invalid pixel coordinate format in key: score
2025-03-07 09:46:14 - WARNING - Invalid pixel coordinate format in key: score
2025-03-07 09:46:14 - WARNING - Invalid pixel coordinate format in key: score
2025-03-07 09:46:14 - WARNING - Invalid pixel coordinate format in key: score
2025-03-07 09:46:14 - WARNING - Invalid pixel coordinate format in key: score
2025-03-07 09:46:14 - WARNING - Invalid pixel coordinate format in key: score
2025-03-07 09:46:14 - WARNING - Invalid pixel coordinate format in key: score
2025-03-07 09:46:14 - WARNING - Invalid pixel coordinate format in key: score
2025-03-07 09:46:14 - WARNING - Invalid pixel coordinate format in key: score
2025-03-07 09:46:14 - WARNING - Invalid pixel coordinate format in key: score
2025-03-07 09:46:14 - WARNING - Invalid pixel coordinate format in key: score
2025-03-07 09:46:14 - WARNING - Invalid pixel coordinate format in key: score
2025-03-07 09:46:14 - WARNING - Invalid pixel coordinate format in key: score
2025-03-07 09:46:14 - WARNING - Invalid pixel coordinate format in key: score
2025-03-07 09:46:14 - WARNING - Invalid pixel coordinate format in key: score
2025-03-07 09:46:14 - WARNING - Invalid pixel coordinate format in key: score
2025-03-07 09:46:14 - WARNING - Invalid pixel coordinate format in key: score
2025-03-07 09:46:14 - WARNING - Invalid pixel coordinate format in key: score
2025-03-07 09:46:14 - WARNING - Invalid pixel coordinate format in key: score
2025-03-07 09:46:14 - WARNING - Invalid pixel coordinate format in key: score
2025-03-07 09:46:14 - WARNING - Invalid pixel coordinate format in key: score
2025-03-07 09:46:14 - WARNING - Invalid pixel coordinate format in key: score
2025-03-07 09:46:14 - WARNING - Invalid pixel coordinate format in key: score
2025-03-07 09:46:14 - WARNING - Invalid pixel coordinate format in key: score
2025-03-07 09:46:14 - WARNING - Invalid pixel coordinate format in key: score
2025-03-07 09:46:14 - WARNING - Invalid pixel coordinate format in key: score
2025-03-07 09:46:14 - WARNING - Invalid pixel coordinate format in key: score
2025-03-07 09:46:14 - WARNING - Invalid pixel coordinate format in key: score
2025-03-07 09:46:14 - WARNING - Invalid pixel coordinate format in key: score
2025-03-07 09:46:14 - WARNING - Invalid pixel coordinate format in key: score
2025-03-07 09:46:14 - WARNING - Invalid pixel coordinate format in key: score
2025-03-07 09:46:14 - WARNING - Invalid pixel coordinate format in key: score
2025-03-07 09:46:14 - WARNING - Invalid pixel coordinate format in key: score
2025-03-07 09:46:14 - WARNING - Invalid pixel coordinate format in key: score
2025-03-07 09:46:14 - WARNING - Invalid pixel coordinate format in key: score
2025-03-07 09:46:14 - WARNING - Invalid pixel coordinate format in key: score
2025-03-07 09:46:14 - WARNING - Invalid pixel coordinate format in key: score
2025-03-07 09:46:14 - WARNING - Invalid pixel coordinate format in key: score
2025-03-07 09:46:14 - WARNING - Invalid pixel coordinate format in key: score
2025-03-07 09:46:14 - WARNING - Invalid pixel coordinate format in key: score
2025-03-07 09:46:14 - WARNING - Invalid pixel coordinate format in key: score
2025-03-07 09:46:14 - WARNING - Invalid pixel coordinate format in key: score
2025-03-07 09:46:14 - WARNING - Invalid pixel coordinate format in key: score
2025-03-07 09:46:14 - WARNING - Invalid pixel coordinate format in key: score
2025-03-07 09:46:14 - WARNING - Invalid pixel coordinate format in key: score
2025-03-07 09:46:14 - WARNING - Invalid pixel coordinate format in key: score
2025-03-07 09:46:14 - WARNING - Invalid pixel coordinate format in key: score
2025-03-07 09:46:14 - WARNING - Invalid pixel coordinate format in key: score
2025-03-07 09:46:14 - WARNING - Invalid pixel coordinate format in key: score
2025-03-07 09:46:14 - WARNING - Invalid pixel coordinate format in key: score
2025-03-07 09:46:14 - WARNING - Invalid pixel coordinate format in key: score
2025-03-07 09:46:14 - WARNING - Invalid pixel coordinate format in key: score
2025-03-07 09:46:14 - WARNING - Invalid pixel coordinate format in key: score
2025-03-07 09:46:14 - WARNING - Invalid pixel coordinate format in key: score
2025-03-07 09:46:14 - WARNING - Invalid pixel coordinate format in key: score
2025-03-07 09:46:14 - WARNING - Invalid pixel coordinate format in key: score
2025-03-07 09:46:14 - WARNING - Invalid pixel coordinate format in key: score
2025-03-07 09:46:14 - WARNING - Invalid pixel coordinate format in key: score
2025-03-07 09:46:14 - WARNING - Invalid pixel coordinate format in key: score
2025-03-07 09:46:14 - WARNING - Invalid pixel coordinate format in key: score
2025-03-07 09:46:14 - WARNING - Invalid pixel coordinate format in key: score
2025-03-07 09:46:14 - WARNING - Invalid pixel coordinate format in key: score
2025-03-07 09:46:14 - WARNING - Invalid pixel coordinate format in key: score
2025-03-07 09:46:14 - WARNING - Invalid pixel coordinate format in key: score
2025-03-07 09:46:14 - WARNING - Invalid pixel coordinate format in key: score
2025-03-07 09:46:14 - WARNING - Invalid pixel coordinate format in key: score
2025-03-07 09:46:14 - WARNING - Invalid pixel coordinate format in key: score
2025-03-07 09:46:14 - WARNING - Invalid pixel coordinate format in key: score
2025-03-07 09:46:14 - WARNING - Invalid pixel coordinate format in key: score
2025-03-07 09:46:14 - WARNING - Invalid pixel coordinate format in key: score
2025-03-07 09:46:14 - WARNING - Invalid pixel coordinate format in key: score
2025-03-07 09:46:14 - WARNING - Invalid pixel coordinate format in key: score
2025-03-07 09:46:14 - WARNING - Invalid pixel coordinate format in key: score
2025-03-07 09:46:14 - WARNING - Invalid pixel coordinate format in key: score
2025-03-07 09:46:14 - WARNING - Invalid pixel coordinate format in key: score
2025-03-07 09:46:14 - WARNING - Invalid pixel coordinate format in key: score
2025-03-07 09:46:14 - WARNING - Invalid pixel coordinate format in key: score
2025-03-07 09:46:14 - WARNING - Invalid pixel coordinate format in key: score
2025-03-07 09:46:14 - WARNING - Invalid pixel coordinate format in key: score
2025-03-07 09:46:14 - WARNING - Invalid pixel coordinate format in key: score
2025-03-07 09:46:14 - WARNING - Invalid pixel coordinate format in key: score
2025-03-07 09:46:14 - WARNING - Invalid pixel coordinate format in key: score
2025-03-07 09:46:14 - WARNING - Invalid pixel coordinate format in key: score
2025-03-07 09:46:14 - WARNING - Invalid pixel coordinate format in key: score
2025-03-07 09:46:14 - WARNING - Invalid pixel coordinate format in key: score
2025-03-07 09:46:14 - WARNING - Invalid pixel coordinate format in key: score
2025-03-07 09:46:14 - WARNING - Invalid pixel coordinate format in key: score
2025-03-07 09:46:14 - WARNING - Invalid pixel coordinate format in key: score
2025-03-07 09:46:14 - WARNING - Invalid pixel coordinate format in key: score
2025-03-07 09:46:14 - WARNING - Invalid pixel coordinate format in key: score
2025-03-07 09:46:14 - WARNING - Invalid pixel coordinate format in key: score
2025-03-07 09:46:14 - WARNING - Invalid pixel coordinate format in key: score
2025-03-07 09:46:14 - WARNING - Invalid pixel coordinate format in key: score
2025-03-07 09:46:14 - WARNING - Invalid pixel coordinate format in key: score
2025-03-07 09:46:14 - WARNING - Invalid pixel coordinate format in key: score
2025-03-07 09:46:14 - WARNING - Invalid pixel coordinate format in key: score
2025-03-07 09:46:14 - WARNING - Invalid pixel coordinate format in key: score
2025-03-07 09:46:14 - WARNING - Invalid pixel coordinate format in key: score
2025-03-07 09:46:14 - WARNING - Invalid pixel coordinate format in key: score
2025-03-07 09:46:14 - WARNING - Invalid pixel coordinate format in key: score
2025-03-07 09:46:14 - WARNING - Invalid pixel coordinate format in key: score
2025-03-07 09:46:14 - WARNING - Invalid pixel coordinate format in key: score
2025-03-07 09:46:14 - WARNING - Invalid pixel coordinate format in key: score
2025-03-07 09:46:14 - WARNING - Invalid pixel coordinate format in key: score
2025-03-07 09:46:14 - WARNING - Invalid pixel coordinate format in key: score
2025-03-07 09:46:14 - WARNING - Invalid pixel coordinate format in key: score
2025-03-07 09:46:14 - WARNING - Invalid pixel coordinate format in key: score
2025-03-07 09:46:14 - WARNING - Invalid pixel coordinate format in key: score
2025-03-07 09:46:14 - WARNING - Invalid pixel coordinate format in key: score
2025-03-07 09:46:14 - WARNING - Invalid pixel coordinate format in key: score
2025-03-07 09:46:14 - WARNING - Invalid pixel coordinate format in key: score
2025-03-07 09:46:14 - WARNING - Invalid pixel coordinate format in key: score
2025-03-07 09:46:14 - WARNING - Invalid pixel coordinate format in key: score
2025-03-07 09:46:14 - WARNING - Invalid pixel coordinate format in key: score
2025-03-07 09:46:14 - WARNING - Invalid pixel coordinate format in key: score
2025-03-07 09:46:14 - WARNING - Invalid pixel coordinate format in key: score
2025-03-07 09:46:14 - WARNING - Invalid pixel coordinate format in key: score
2025-03-07 09:46:14 - WARNING - Invalid pixel coordinate format in key: score
2025-03-07 09:46:14 - WARNING - Invalid pixel coordinate format in key: score
2025-03-07 09:46:14 - WARNING - Invalid pixel coordinate format in key: score
2025-03-07 09:46:14 - WARNING - Invalid pixel coordinate format in key: score
2025-03-07 09:46:14 - WARNING - Invalid pixel coordinate format in key: score
2025-03-07 09:46:14 - WARNING - Invalid pixel coordinate format in key: score
2025-03-07 09:46:14 - WARNING - Invalid pixel coordinate format in key: score
2025-03-07 09:46:14 - WARNING - Invalid pixel coordinate format in key: score
2025-03-07 09:46:14 - WARNING - Invalid pixel coordinate format in key: score
2025-03-07 09:46:14 - WARNING - Invalid pixel coordinate format in key: score
2025-03-07 09:46:14 - WARNING - Invalid pixel coordinate format in key: score
2025-03-07 09:46:14 - WARNING - Invalid pixel coordinate format in key: score
2025-03-07 09:46:14 - WARNING - Invalid pixel coordinate format in key: score
2025-03-07 09:46:14 - WARNING - Invalid pixel coordinate format in key: score
2025-03-07 09:46:14 - WARNING - Invalid pixel coordinate format in key: score
2025-03-07 09:46:14 - WARNING - Invalid pixel coordinate format in key: score
2025-03-07 09:46:14 - WARNING - Invalid pixel coordinate format in key: score
2025-03-07 09:46:14 - WARNING - Invalid pixel coordinate format in key: score
2025-03-07 09:46:14 - WARNING - Invalid pixel coordinate format in key: score
2025-03-07 09:46:14 - WARNING - Invalid pixel coordinate format in key: score
2025-03-07 09:46:14 - WARNING - Invalid pixel coordinate format in key: score
2025-03-07 09:46:14 - WARNING - Invalid pixel coordinate format in key: score
2025-03-07 09:46:14 - WARNING - Invalid pixel coordinate format in key: score
2025-03-07 09:46:14 - WARNING - Invalid pixel coordinate format in key: score
2025-03-07 09:46:14 - WARNING - Invalid pixel coordinate format in key: score
2025-03-07 09:46:14 - WARNING - Invalid pixel coordinate format in key: score
2025-03-07 09:46:14 - WARNING - Invalid pixel coordinate format in key: score
2025-03-07 09:46:14 - WARNING - Invalid pixel coordinate format in key: score
2025-03-07 09:46:14 - WARNING - Invalid pixel coordinate format in key: score
2025-03-07 09:46:14 - WARNING - Invalid pixel coordinate format in key: score
2025-03-07 09:46:14 - WARNING - Invalid pixel coordinate format in key: score
2025-03-07 09:46:14 - WARNING - Invalid pixel coordinate format in key: score
2025-03-07 09:46:14 - INFO - Processing notification: PersonVehicleDetection
2025-03-07 09:46:14 - WARNING - Invalid pixel coordinate format in key: score
2025-03-07 09:46:14 - WARNING - Invalid pixel coordinate format in key: score
2025-03-07 09:46:14 - WARNING - Invalid pixel coordinate format in key: score
2025-03-07 09:46:14 - WARNING - Invalid pixel coordinate format in key: score
2025-03-07 09:46:14 - WARNING - Invalid pixel coordinate format in key: score
2025-03-07 09:46:14 - WARNING - Invalid pixel coordinate format in key: score
2025-03-07 09:46:14 - WARNING - Invalid pixel coordinate format in key: score
2025-03-07 09:46:14 - WARNING - Invalid pixel coordinate format in key: score
2025-03-07 09:46:14 - WARNING - Invalid pixel coordinate format in key: score
2025-03-07 09:46:14 - WARNING - Invalid pixel coordinate format in key: score
2025-03-07 09:46:14 - WARNING - Invalid pixel coordinate format in key: score
2025-03-07 09:46:14 - WARNING - Invalid pixel coordinate format in key: score
2025-03-07 09:46:14 - WARNING - Invalid pixel coordinate format in key: score
2025-03-07 09:46:14 - WARNING - Invalid pixel coordinate format in key: score
2025-03-07 09:46:14 - WARNING - Invalid pixel coordinate format in key: score
2025-03-07 09:46:14 - WARNING - Invalid pixel coordinate format in key: score
2025-03-07 09:46:14 - INFO - Files written successfully: downloads/drone_imgs/Flood/DJI_20211023132211_0098_W_objects_metadata.json, downloads/drone_imgs/Flood/DJI_20211023132211_0098_W_obj.json
2025-03-07 09:46:14 - WARNING - Invalid pixel coordinate format in key: score
2025-03-07 09:46:14 - WARNING - Invalid pixel coordinate format in key: score
2025-03-07 09:46:14 - WARNING - Invalid pixel coordinate format in key: score
2025-03-07 09:46:14 - WARNING - Invalid pixel coordinate format in key: score
2025-03-07 09:46:14 - WARNING - Invalid pixel coordinate format in key: score
2025-03-07 09:46:14 - WARNING - Invalid pixel coordinate format in key: score
2025-03-07 09:46:14 - WARNING - Invalid pixel coordinate format in key: score
2025-03-07 09:46:14 - WARNING - Invalid pixel coordinate format in key: score
2025-03-07 09:46:14 - WARNING - Invalid pixel coordinate format in key: score
2025-03-07 09:46:14 - WARNING - Invalid pixel coordinate format in key: score
2025-03-07 09:46:14 - WARNING - Invalid pixel coordinate format in key: score
2025-03-07 09:46:14 - WARNING - Invalid pixel coordinate format in key: score
2025-03-07 09:46:14 - WARNING - Invalid pixel coordinate format in key: score
2025-03-07 09:46:14 - WARNING - Invalid pixel coordinate format in key: score
2025-03-07 09:46:14 - WARNING - Invalid pixel coordinate format in key: score
2025-03-07 09:46:14 - WARNING - Invalid pixel coordinate format in key: score
2025-03-07 09:46:14 - WARNING - Invalid pixel coordinate format in key: score
2025-03-07 09:46:14 - WARNING - Invalid pixel coordinate format in key: score
2025-03-07 09:46:14 - WARNING - Invalid pixel coordinate format in key: score
2025-03-07 09:46:14 - WARNING - Invalid pixel coordinate format in key: score
2025-03-07 09:46:14 - WARNING - Invalid pixel coordinate format in key: score
2025-03-07 09:46:14 - WARNING - Invalid pixel coordinate format in key: score
2025-03-07 09:46:14 - WARNING - Invalid pixel coordinate format in key: score
2025-03-07 09:46:14 - WARNING - Invalid pixel coordinate format in key: score
2025-03-07 09:46:14 - WARNING - Invalid pixel coordinate format in key: score
2025-03-07 09:46:14 - WARNING - Invalid pixel coordinate format in key: score
2025-03-07 09:46:14 - WARNING - Invalid pixel coordinate format in key: score
2025-03-07 09:46:14 - WARNING - Invalid pixel coordinate format in key: score
2025-03-07 09:46:14 - WARNING - Invalid pixel coordinate format in key: score
2025-03-07 09:46:14 - WARNING - Invalid pixel coordinate format in key: score
2025-03-07 09:46:14 - WARNING - Invalid pixel coordinate format in key: score
2025-03-07 09:46:14 - WARNING - Invalid pixel coordinate format in key: score
2025-03-07 09:46:14 - WARNING - Invalid pixel coordinate format in key: score
2025-03-07 09:46:14 - WARNING - Invalid pixel coordinate format in key: score
2025-03-07 09:46:14 - WARNING - Invalid pixel coordinate format in key: score
2025-03-07 09:46:14 - WARNING - Invalid pixel coordinate format in key: score
2025-03-07 09:46:14 - WARNING - Invalid pixel coordinate format in key: score
2025-03-07 09:46:14 - WARNING - Invalid pixel coordinate format in key: score
2025-03-07 09:46:14 - WARNING - Invalid pixel coordinate format in key: score
2025-03-07 09:46:15 - WARNING - Invalid pixel coordinate format in key: score
2025-03-07 09:46:15 - WARNING - Invalid pixel coordinate format in key: score
2025-03-07 09:46:15 - WARNING - Invalid pixel coordinate format in key: score
2025-03-07 09:46:15 - WARNING - Invalid pixel coordinate format in key: score
2025-03-07 09:46:15 - WARNING - Invalid pixel coordinate format in key: score
2025-03-07 09:46:15 - WARNING - Invalid pixel coordinate format in key: score
2025-03-07 09:46:15 - WARNING - Invalid pixel coordinate format in key: score
2025-03-07 09:46:15 - WARNING - Invalid pixel coordinate format in key: score
2025-03-07 09:46:15 - WARNING - Invalid pixel coordinate format in key: score
2025-03-07 09:46:15 - WARNING - Invalid pixel coordinate format in key: score
2025-03-07 09:46:15 - WARNING - Invalid pixel coordinate format in key: score
2025-03-07 09:46:15 - WARNING - Invalid pixel coordinate format in key: score
2025-03-07 09:46:15 - WARNING - Invalid pixel coordinate format in key: score
2025-03-07 09:46:15 - WARNING - Invalid pixel coordinate format in key: score
2025-03-07 09:46:15 - WARNING - Invalid pixel coordinate format in key: score
2025-03-07 09:46:15 - WARNING - Invalid pixel coordinate format in key: score
2025-03-07 09:46:15 - WARNING - Invalid pixel coordinate format in key: score
2025-03-07 09:46:15 - WARNING - Invalid pixel coordinate format in key: score
2025-03-07 09:46:15 - WARNING - Invalid pixel coordinate format in key: score
2025-03-07 09:46:15 - WARNING - Invalid pixel coordinate format in key: score
2025-03-07 09:46:15 - WARNING - Invalid pixel coordinate format in key: score
2025-03-07 09:46:15 - WARNING - Invalid pixel coordinate format in key: score
2025-03-07 09:46:15 - WARNING - Invalid pixel coordinate format in key: score
2025-03-07 09:46:15 - WARNING - Invalid pixel coordinate format in key: score
2025-03-07 09:46:15 - WARNING - Invalid pixel coordinate format in key: score
2025-03-07 09:46:15 - WARNING - Invalid pixel coordinate format in key: score
2025-03-07 09:46:15 - WARNING - Invalid pixel coordinate format in key: score
2025-03-07 09:46:15 - WARNING - Invalid pixel coordinate format in key: score
2025-03-07 09:46:15 - WARNING - Invalid pixel coordinate format in key: score
2025-03-07 09:46:15 - WARNING - Invalid pixel coordinate format in key: score
2025-03-07 09:46:15 - WARNING - Invalid pixel coordinate format in key: score
2025-03-07 09:46:15 - WARNING - Invalid pixel coordinate format in key: score
2025-03-07 09:46:15 - WARNING - Invalid pixel coordinate format in key: score
2025-03-07 09:46:15 - WARNING - Invalid pixel coordinate format in key: score
2025-03-07 09:46:15 - WARNING - Invalid pixel coordinate format in key: score
2025-03-07 09:46:15 - WARNING - Invalid pixel coordinate format in key: score
2025-03-07 09:46:15 - WARNING - Invalid pixel coordinate format in key: score
2025-03-07 09:46:15 - WARNING - Invalid pixel coordinate format in key: score
2025-03-07 09:46:15 - WARNING - Invalid pixel coordinate format in key: score
2025-03-07 09:46:15 - WARNING - Invalid pixel coordinate format in key: score
2025-03-07 09:46:15 - WARNING - Invalid pixel coordinate format in key: score
2025-03-07 09:46:15 - WARNING - Invalid pixel coordinate format in key: score
2025-03-07 09:46:15 - WARNING - Invalid pixel coordinate format in key: score
2025-03-07 09:46:15 - WARNING - Invalid pixel coordinate format in key: score
2025-03-07 09:46:15 - WARNING - Invalid pixel coordinate format in key: score
2025-03-07 09:46:15 - WARNING - Invalid pixel coordinate format in key: score
2025-03-07 09:46:15 - WARNING - Invalid pixel coordinate format in key: score
2025-03-07 09:46:15 - WARNING - Invalid pixel coordinate format in key: score
2025-03-07 09:46:15 - WARNING - Invalid pixel coordinate format in key: score
2025-03-07 09:46:15 - WARNING - Invalid pixel coordinate format in key: score
2025-03-07 09:46:15 - WARNING - Invalid pixel coordinate format in key: score
2025-03-07 09:46:15 - WARNING - Invalid pixel coordinate format in key: score
2025-03-07 09:46:15 - WARNING - Invalid pixel coordinate format in key: score
2025-03-07 09:46:15 - WARNING - Invalid pixel coordinate format in key: score
2025-03-07 09:46:15 - WARNING - Invalid pixel coordinate format in key: score
2025-03-07 09:46:15 - WARNING - Invalid pixel coordinate format in key: score
2025-03-07 09:46:15 - WARNING - Invalid pixel coordinate format in key: score
2025-03-07 09:46:15 - WARNING - Invalid pixel coordinate format in key: score
2025-03-07 09:46:15 - WARNING - Invalid pixel coordinate format in key: score
2025-03-07 09:46:15 - WARNING - Invalid pixel coordinate format in key: score
2025-03-07 09:46:15 - WARNING - Invalid pixel coordinate format in key: score
2025-03-07 09:46:15 - WARNING - Invalid pixel coordinate format in key: score
2025-03-07 09:46:15 - WARNING - Invalid pixel coordinate format in key: score
2025-03-07 09:46:15 - WARNING - Invalid pixel coordinate format in key: score
2025-03-07 09:46:15 - WARNING - Invalid pixel coordinate format in key: score
2025-03-07 09:46:15 - WARNING - Invalid pixel coordinate format in key: score
2025-03-07 09:46:15 - WARNING - Invalid pixel coordinate format in key: score
2025-03-07 09:46:15 - INFO - No metadata extracted from valid files.
2025-03-07 09:46:15 - INFO - Drone metadata is empty or not available.
2025-03-07 09:46:16 - INFO - Processing notification: PersonVehicleDetection
2025-03-07 09:46:16 - INFO - Files written successfully: downloads/drone_imgs/Flood/DJI_20211023132215_0099_W_objects_metadata.json, downloads/drone_imgs/Flood/DJI_20211023132215_0099_W_obj.json
2025-03-07 09:46:16 - INFO - Geo-referencing is done correctly for person and vehicles.
2025-03-07 09:46:16 - INFO - Setting event for non-Alert entity
2025-03-07 09:46:16 - INFO - initialize_processing() is already running, skipping.
2025-03-07 09:46:16 - INFO - 127.0.0.1 - - [07/Mar/2025 09:46:16] "POST /pdm05/notify?subscriptionId=urn:ngsi-ld:tema:subscription:USE:PDM05:007 HTTP/1.1" 200 -
2025-03-07 09:46:17 - INFO - OGM metadata successfully saved to estimated_OGM/occupancy_grid_map_Flood_Objects.json
2025-03-07 09:46:17 - INFO - Filtered GeoJSON successfully saved to estimated_OGM/occupancy_grid_map_Flood_Objects_filtered.json
2025-03-07 09:46:17 - INFO - Converting GeoJSON to GeoTIFF at estimated_OGM/occupancy_grid_map_Flood_Objects_filtered.tif
2025-03-07 09:46:17 - ERROR - Value error during GeoTIFF conversion: GeoJSON file contains no features. Cannot generate raster.
2025-03-07 09:46:17 - INFO - No SinglePostResult files found. Skipping this step.
2025-03-07 09:46:17 - INFO - Processing notification: PersonVehicleDetection
2025-03-07 09:46:17 - INFO - Files written successfully: downloads/drone_imgs/Flood/DJI_20211023132219_0100_W_objects_metadata.json, downloads/drone_imgs/Flood/DJI_20211023132219_0100_W_obj.json
2025-03-07 09:46:19 - INFO - Processing notification: PersonVehicleDetection
2025-03-07 09:46:19 - INFO - Files written successfully: downloads/drone_imgs/Flood/DJI_20211023132226_0102_W_objects_metadata.json, downloads/drone_imgs/Flood/DJI_20211023132226_0102_W_obj.json
2025-03-07 09:46:19 - INFO - Geo-referencing is done correctly for person and vehicles.
2025-03-07 09:46:19 - INFO - Setting event for non-Alert entity
2025-03-07 09:46:20 - INFO - initialize_processing() is already running, skipping.
2025-03-07 09:46:20 - INFO - 127.0.0.1 - - [07/Mar/2025 09:46:20] "POST /pdm05/notify?subscriptionId=urn:ngsi-ld:tema:subscription:USE:PDM05:007 HTTP/1.1" 200 -
2025-03-07 09:46:20 - INFO - ROI data -> [[[6.996817, 50.521793], [6.98238, 50.517756], [6.976085, 50.513527], [6.980425, 50.50647], [6.995879, 50.511398], [6.996817, 50.521793]]]
2025-03-07 09:46:20 - INFO - ogm_gt_ (6.976085, 9.013913043478152e-05, 0.0, 50.521793, 0.0, -9.013529411765997e-05)
2025-03-07 09:46:20 - INFO - observe_gt_drone None
2025-03-07 09:46:20 - INFO - Drone measurements are not available: unsupported operand type(s) for /: 'NoneType' and 'int'
2025-03-07 09:46:20 - INFO - Sat measurements are not available object of type 'NoneType' has no len()
2025-03-07 09:46:20 - INFO - GeoTIFF saved successfully at estimated_OGM/occupancy_grid_map_Flood.tif
2025-03-07 09:46:20 - INFO - urn:ngsi-ld:USE:PDM-05:Maps4Flood:01
2025-03-07 09:46:20 - INFO - Metadata {'title': 'OGM', 'author': 'GRVC lab, University of Seville', 'description': 'Estimated OGM for Fire.', 'creationDate': '2025-03-07T09:46:20.477579', 'XMin': 6.976085, 'XRes': 9.013913043478152e-05, 'YMax': 50.521793, 'YRes': -9.013529411765997e-05, 'spatialReference': 'EPSG:4326', 'file_name': 'occupancy_grid_map_Flood.tif', 'coordinates': [[[6.996817, 50.521793], [6.98238, 50.517756], [6.976085, 50.513527], [6.980425, 50.50647], [6.995879, 50.511398], [6.996817, 50.521793]]], 'bucket': 'naples', 'minio_url': 'https://storage.tema.digital-enabler.eng.it:443/naples/occupancy_grid_mapFlood.tif'}
2025-03-07 09:46:20 - INFO - inside process_and_upload_ogm entity_id ---> urn:ngsi-ld:USE:PDM-05:Maps4Flood:01
2025-03-07 09:46:20 - INFO - Object name occupancy_grid_map_Flood.tif
2025-03-07 09:46:20 - INFO - Object Name in for uploading occupancy_grid_map_Flood.tif
2025-03-07 09:46:20 - INFO - File path in for uploading estimated_OGM/occupancy_grid_map_Flood.tif
2025-03-07 09:46:20 - INFO - File uploaded successfully.
2025-03-07 09:46:20 - INFO - File 'estimated_OGM/occupancy_grid_map_Flood.tif' uploaded to bucket 'naples' successfully.
2025-03-07 09:46:21 - INFO - Processing notification: PersonVehicleDetection
2025-03-07 09:46:21 - INFO - Files written successfully: downloads/drone_imgs/Flood/DJI_20211023132230_0103_W_objects_metadata.json, downloads/drone_imgs/Flood/DJI_20211023132230_0103_W_obj.json
2025-03-07 09:46:21 - INFO - Entity urn:ngsi-ld:USE:PDM-05:Maps4Flood:01 updated successfully.
2025-03-07 09:46:21 - INFO - Payload published successfully for entity: urn:ngsi-ld:USE:PDM-05:Maps4Flood:01
2025-03-07 09:46:21 - INFO - Checking for existing geo dict: estimated_OGM/occupancy_grid_map_Flood_Objects.json
2025-03-07 09:46:21 - INFO - Using existing geo dict.
2025-03-07 09:46:21 - WARNING - Invalid pixel coordinate format in key: score
2025-03-07 09:46:21 - WARNING - Invalid pixel coordinate format in key: score
2025-03-07 09:46:21 - WARNING - Invalid pixel coordinate format in key: score
2025-03-07 09:46:21 - WARNING - Invalid pixel coordinate format in key: score
2025-03-07 09:46:21 - WARNING - Invalid pixel coordinate format in key: score
2025-03-07 09:46:21 - WARNING - Invalid pixel coordinate format in key: score
2025-03-07 09:46:21 - WARNING - Invalid pixel coordinate format in key: score
2025-03-07 09:46:21 - WARNING - Invalid pixel coordinate format in key: score
2025-03-07 09:46:21 - WARNING - Invalid pixel coordinate format in key: score
2025-03-07 09:46:21 - WARNING - Invalid pixel coordinate format in key: score
2025-03-07 09:46:21 - WARNING - Invalid pixel coordinate format in key: score
2025-03-07 09:46:21 - WARNING - Invalid pixel coordinate format in key: score
2025-03-07 09:46:21 - WARNING - Invalid pixel coordinate format in key: score
2025-03-07 09:46:21 - WARNING - Invalid pixel coordinate format in key: score
2025-03-07 09:46:21 - WARNING - Invalid pixel coordinate format in key: score
2025-03-07 09:46:21 - WARNING - Invalid pixel coordinate format in key: score
2025-03-07 09:46:21 - WARNING - Invalid pixel coordinate format in key: score
2025-03-07 09:46:21 - WARNING - Invalid pixel coordinate format in key: score
2025-03-07 09:46:21 - WARNING - Invalid pixel coordinate format in key: score
2025-03-07 09:46:21 - WARNING - Invalid pixel coordinate format in key: score
2025-03-07 09:46:21 - WARNING - Invalid pixel coordinate format in key: score
2025-03-07 09:46:21 - WARNING - Invalid pixel coordinate format in key: score
2025-03-07 09:46:21 - WARNING - Invalid pixel coordinate format in key: score
2025-03-07 09:46:21 - WARNING - Invalid pixel coordinate format in key: score
2025-03-07 09:46:21 - WARNING - Invalid pixel coordinate format in key: score
2025-03-07 09:46:21 - WARNING - Invalid pixel coordinate format in key: score
2025-03-07 09:46:21 - WARNING - Invalid pixel coordinate format in key: score
2025-03-07 09:46:21 - WARNING - Invalid pixel coordinate format in key: score
2025-03-07 09:46:21 - WARNING - Invalid pixel coordinate format in key: score
2025-03-07 09:46:21 - WARNING - Invalid pixel coordinate format in key: score
2025-03-07 09:46:21 - WARNING - Invalid pixel coordinate format in key: score
2025-03-07 09:46:21 - WARNING - Invalid pixel coordinate format in key: score
2025-03-07 09:46:21 - WARNING - Invalid pixel coordinate format in key: score
2025-03-07 09:46:21 - WARNING - Invalid pixel coordinate format in key: score
2025-03-07 09:46:21 - WARNING - Invalid pixel coordinate format in key: score
2025-03-07 09:46:21 - WARNING - Invalid pixel coordinate format in key: score
2025-03-07 09:46:21 - WARNING - Invalid pixel coordinate format in key: score
2025-03-07 09:46:21 - WARNING - Invalid pixel coordinate format in key: score
2025-03-07 09:46:21 - WARNING - Invalid pixel coordinate format in key: score
2025-03-07 09:46:21 - WARNING - Invalid pixel coordinate format in key: score
2025-03-07 09:46:21 - WARNING - Invalid pixel coordinate format in key: score
2025-03-07 09:46:21 - WARNING - Invalid pixel coordinate format in key: score
2025-03-07 09:46:21 - WARNING - Invalid pixel coordinate format in key: score
2025-03-07 09:46:21 - WARNING - Invalid pixel coordinate format in key: score
2025-03-07 09:46:21 - WARNING - Invalid pixel coordinate format in key: score
2025-03-07 09:46:21 - WARNING - Invalid pixel coordinate format in key: score
2025-03-07 09:46:21 - WARNING - Invalid pixel coordinate format in key: score
2025-03-07 09:46:21 - WARNING - Invalid pixel coordinate format in key: score
2025-03-07 09:46:21 - WARNING - Invalid pixel coordinate format in key: score
2025-03-07 09:46:21 - WARNING - Invalid pixel coordinate format in key: score
2025-03-07 09:46:21 - WARNING - Invalid pixel coordinate format in key: score
2025-03-07 09:46:21 - WARNING - Invalid pixel coordinate format in key: score
2025-03-07 09:46:21 - WARNING - Invalid pixel coordinate format in key: score
2025-03-07 09:46:21 - WARNING - Invalid pixel coordinate format in key: score
2025-03-07 09:46:21 - WARNING - Invalid pixel coordinate format in key: score
2025-03-07 09:46:21 - WARNING - Invalid pixel coordinate format in key: score
2025-03-07 09:46:21 - WARNING - Invalid pixel coordinate format in key: score
2025-03-07 09:46:21 - WARNING - Invalid pixel coordinate format in key: score
2025-03-07 09:46:21 - WARNING - Invalid pixel coordinate format in key: score
2025-03-07 09:46:21 - WARNING - Invalid pixel coordinate format in key: score
2025-03-07 09:46:21 - WARNING - Invalid pixel coordinate format in key: score
2025-03-07 09:46:21 - WARNING - Invalid pixel coordinate format in key: score
2025-03-07 09:46:21 - WARNING - Invalid pixel coordinate format in key: score
2025-03-07 09:46:21 - WARNING - Invalid pixel coordinate format in key: score
2025-03-07 09:46:21 - WARNING - Invalid pixel coordinate format in key: score
2025-03-07 09:46:21 - WARNING - Invalid pixel coordinate format in key: score
2025-03-07 09:46:21 - WARNING - Invalid pixel coordinate format in key: score
2025-03-07 09:46:21 - WARNING - Invalid pixel coordinate format in key: score
2025-03-07 09:46:21 - WARNING - Invalid pixel coordinate format in key: score
2025-03-07 09:46:21 - WARNING - Invalid pixel coordinate format in key: score
2025-03-07 09:46:21 - WARNING - Invalid pixel coordinate format in key: score
2025-03-07 09:46:21 - WARNING - Invalid pixel coordinate format in key: score
2025-03-07 09:46:21 - WARNING - Invalid pixel coordinate format in key: score
2025-03-07 09:46:21 - WARNING - Invalid pixel coordinate format in key: score
2025-03-07 09:46:21 - WARNING - Invalid pixel coordinate format in key: score
2025-03-07 09:46:21 - WARNING - Invalid pixel coordinate format in key: score
2025-03-07 09:46:21 - WARNING - Invalid pixel coordinate format in key: score
2025-03-07 09:46:21 - WARNING - Invalid pixel coordinate format in key: score
2025-03-07 09:46:21 - WARNING - Invalid pixel coordinate format in key: score
2025-03-07 09:46:21 - WARNING - Invalid pixel coordinate format in key: score
2025-03-07 09:46:21 - WARNING - Invalid pixel coordinate format in key: score
2025-03-07 09:46:21 - WARNING - Invalid pixel coordinate format in key: score
2025-03-07 09:46:21 - WARNING - Invalid pixel coordinate format in key: score
2025-03-07 09:46:21 - WARNING - Invalid pixel coordinate format in key: score
2025-03-07 09:46:21 - WARNING - Invalid pixel coordinate format in key: score
2025-03-07 09:46:21 - WARNING - Invalid pixel coordinate format in key: score
2025-03-07 09:46:21 - WARNING - Invalid pixel coordinate format in key: score
2025-03-07 09:46:21 - WARNING - Invalid pixel coordinate format in key: score
2025-03-07 09:46:21 - WARNING - Invalid pixel coordinate format in key: score
2025-03-07 09:46:21 - WARNING - Invalid pixel coordinate format in key: score
2025-03-07 09:46:21 - WARNING - Invalid pixel coordinate format in key: score
2025-03-07 09:46:21 - WARNING - Invalid pixel coordinate format in key: score
2025-03-07 09:46:21 - WARNING - Invalid pixel coordinate format in key: score
2025-03-07 09:46:21 - WARNING - Invalid pixel coordinate format in key: score
2025-03-07 09:46:21 - WARNING - Invalid pixel coordinate format in key: score
2025-03-07 09:46:21 - WARNING - Invalid pixel coordinate format in key: score
2025-03-07 09:46:21 - WARNING - Invalid pixel coordinate format in key: score
2025-03-07 09:46:21 - WARNING - Invalid pixel coordinate format in key: score
2025-03-07 09:46:21 - WARNING - Invalid pixel coordinate format in key: score
2025-03-07 09:46:21 - WARNING - Invalid pixel coordinate format in key: score
2025-03-07 09:46:21 - WARNING - Invalid pixel coordinate format in key: score
2025-03-07 09:46:21 - WARNING - Invalid pixel coordinate format in key: score
2025-03-07 09:46:21 - WARNING - Invalid pixel coordinate format in key: score
2025-03-07 09:46:21 - WARNING - Invalid pixel coordinate format in key: score
2025-03-07 09:46:21 - WARNING - Invalid pixel coordinate format in key: score
2025-03-07 09:46:21 - WARNING - Invalid pixel coordinate format in key: score
2025-03-07 09:46:21 - WARNING - Invalid pixel coordinate format in key: score
2025-03-07 09:46:21 - WARNING - Invalid pixel coordinate format in key: score
2025-03-07 09:46:21 - WARNING - Invalid pixel coordinate format in key: score
2025-03-07 09:46:21 - WARNING - Invalid pixel coordinate format in key: score
2025-03-07 09:46:21 - WARNING - Invalid pixel coordinate format in key: score
2025-03-07 09:46:21 - WARNING - Invalid pixel coordinate format in key: score
2025-03-07 09:46:21 - WARNING - Invalid pixel coordinate format in key: score
2025-03-07 09:46:21 - WARNING - Invalid pixel coordinate format in key: score
2025-03-07 09:46:21 - WARNING - Invalid pixel coordinate format in key: score
2025-03-07 09:46:21 - WARNING - Invalid pixel coordinate format in key: score
2025-03-07 09:46:21 - WARNING - Invalid pixel coordinate format in key: score
2025-03-07 09:46:21 - WARNING - Invalid pixel coordinate format in key: score
2025-03-07 09:46:21 - WARNING - Invalid pixel coordinate format in key: score
2025-03-07 09:46:21 - WARNING - Invalid pixel coordinate format in key: score
2025-03-07 09:46:21 - WARNING - Invalid pixel coordinate format in key: score
2025-03-07 09:46:21 - WARNING - Invalid pixel coordinate format in key: score
2025-03-07 09:46:21 - WARNING - Invalid pixel coordinate format in key: score
2025-03-07 09:46:21 - WARNING - Invalid pixel coordinate format in key: score
2025-03-07 09:46:21 - WARNING - Invalid pixel coordinate format in key: score
2025-03-07 09:46:21 - WARNING - Invalid pixel coordinate format in key: score
2025-03-07 09:46:21 - WARNING - Invalid pixel coordinate format in key: score
2025-03-07 09:46:21 - WARNING - Invalid pixel coordinate format in key: score
2025-03-07 09:46:21 - WARNING - Invalid pixel coordinate format in key: score
2025-03-07 09:46:21 - WARNING - Invalid pixel coordinate format in key: score
2025-03-07 09:46:21 - WARNING - Invalid pixel coordinate format in key: score
2025-03-07 09:46:21 - WARNING - Invalid pixel coordinate format in key: score
2025-03-07 09:46:21 - WARNING - Invalid pixel coordinate format in key: score
2025-03-07 09:46:21 - WARNING - Invalid pixel coordinate format in key: score
2025-03-07 09:46:21 - WARNING - Invalid pixel coordinate format in key: score
2025-03-07 09:46:21 - WARNING - Invalid pixel coordinate format in key: score
2025-03-07 09:46:21 - WARNING - Invalid pixel coordinate format in key: score
2025-03-07 09:46:21 - WARNING - Invalid pixel coordinate format in key: score
2025-03-07 09:46:21 - WARNING - Invalid pixel coordinate format in key: score
2025-03-07 09:46:21 - WARNING - Invalid pixel coordinate format in key: score
2025-03-07 09:46:21 - WARNING - Invalid pixel coordinate format in key: score
2025-03-07 09:46:21 - WARNING - Invalid pixel coordinate format in key: score
2025-03-07 09:46:21 - WARNING - Invalid pixel coordinate format in key: score
2025-03-07 09:46:21 - WARNING - Invalid pixel coordinate format in key: score
2025-03-07 09:46:21 - WARNING - Invalid pixel coordinate format in key: score
2025-03-07 09:46:21 - WARNING - Invalid pixel coordinate format in key: score
2025-03-07 09:46:21 - WARNING - Invalid pixel coordinate format in key: score
2025-03-07 09:46:21 - WARNING - Invalid pixel coordinate format in key: score
2025-03-07 09:46:21 - WARNING - Invalid pixel coordinate format in key: score
2025-03-07 09:46:21 - WARNING - Invalid pixel coordinate format in key: score
2025-03-07 09:46:21 - WARNING - Invalid pixel coordinate format in key: score
2025-03-07 09:46:21 - WARNING - Invalid pixel coordinate format in key: score
2025-03-07 09:46:21 - WARNING - Invalid pixel coordinate format in key: score
2025-03-07 09:46:21 - WARNING - Invalid pixel coordinate format in key: score
2025-03-07 09:46:21 - WARNING - Invalid pixel coordinate format in key: score
2025-03-07 09:46:21 - WARNING - Invalid pixel coordinate format in key: score
2025-03-07 09:46:21 - WARNING - Invalid pixel coordinate format in key: score
2025-03-07 09:46:21 - WARNING - Invalid pixel coordinate format in key: score
2025-03-07 09:46:21 - WARNING - Invalid pixel coordinate format in key: score
2025-03-07 09:46:21 - WARNING - Invalid pixel coordinate format in key: score
2025-03-07 09:46:21 - WARNING - Invalid pixel coordinate format in key: score
2025-03-07 09:46:21 - WARNING - Invalid pixel coordinate format in key: score
2025-03-07 09:46:21 - WARNING - Invalid pixel coordinate format in key: score
2025-03-07 09:46:21 - WARNING - Invalid pixel coordinate format in key: score
2025-03-07 09:46:21 - WARNING - Invalid pixel coordinate format in key: score
2025-03-07 09:46:21 - WARNING - Invalid pixel coordinate format in key: score
2025-03-07 09:46:21 - WARNING - Invalid pixel coordinate format in key: score
2025-03-07 09:46:21 - WARNING - Invalid pixel coordinate format in key: score
2025-03-07 09:46:21 - WARNING - Invalid pixel coordinate format in key: score
2025-03-07 09:46:21 - WARNING - Invalid pixel coordinate format in key: score
2025-03-07 09:46:21 - WARNING - Invalid pixel coordinate format in key: score
2025-03-07 09:46:21 - WARNING - Invalid pixel coordinate format in key: score
2025-03-07 09:46:21 - WARNING - Invalid pixel coordinate format in key: score
2025-03-07 09:46:21 - WARNING - Invalid pixel coordinate format in key: score
2025-03-07 09:46:21 - WARNING - Invalid pixel coordinate format in key: score
2025-03-07 09:46:21 - WARNING - Invalid pixel coordinate format in key: score
2025-03-07 09:46:21 - WARNING - Invalid pixel coordinate format in key: score
2025-03-07 09:46:21 - WARNING - Invalid pixel coordinate format in key: score
2025-03-07 09:46:21 - WARNING - Invalid pixel coordinate format in key: score
2025-03-07 09:46:21 - WARNING - Invalid pixel coordinate format in key: score
2025-03-07 09:46:21 - WARNING - Invalid pixel coordinate format in key: score
2025-03-07 09:46:21 - WARNING - Invalid pixel coordinate format in key: score
2025-03-07 09:46:21 - WARNING - Invalid pixel coordinate format in key: score
2025-03-07 09:46:21 - WARNING - Invalid pixel coordinate format in key: score
2025-03-07 09:46:21 - WARNING - Invalid pixel coordinate format in key: score
2025-03-07 09:46:21 - WARNING - Invalid pixel coordinate format in key: score
2025-03-07 09:46:21 - WARNING - Invalid pixel coordinate format in key: score
2025-03-07 09:46:21 - WARNING - Invalid pixel coordinate format in key: score
2025-03-07 09:46:21 - WARNING - Invalid pixel coordinate format in key: score
2025-03-07 09:46:21 - WARNING - Invalid pixel coordinate format in key: score
2025-03-07 09:46:21 - WARNING - Invalid pixel coordinate format in key: score
2025-03-07 09:46:21 - WARNING - Invalid pixel coordinate format in key: score
2025-03-07 09:46:21 - WARNING - Invalid pixel coordinate format in key: score
2025-03-07 09:46:21 - WARNING - Invalid pixel coordinate format in key: score
2025-03-07 09:46:21 - WARNING - Invalid pixel coordinate format in key: score
2025-03-07 09:46:21 - WARNING - Invalid pixel coordinate format in key: score
2025-03-07 09:46:21 - WARNING - Invalid pixel coordinate format in key: score
2025-03-07 09:46:21 - WARNING - Invalid pixel coordinate format in key: score
2025-03-07 09:46:21 - WARNING - Invalid pixel coordinate format in key: score
2025-03-07 09:46:21 - WARNING - Invalid pixel coordinate format in key: score
2025-03-07 09:46:21 - WARNING - Invalid pixel coordinate format in key: score
2025-03-07 09:46:21 - WARNING - Invalid pixel coordinate format in key: score
2025-03-07 09:46:21 - WARNING - Invalid pixel coordinate format in key: score
2025-03-07 09:46:21 - WARNING - Invalid pixel coordinate format in key: score
2025-03-07 09:46:21 - WARNING - Invalid pixel coordinate format in key: score
2025-03-07 09:46:21 - WARNING - Invalid pixel coordinate format in key: score
2025-03-07 09:46:21 - WARNING - Invalid pixel coordinate format in key: score
2025-03-07 09:46:21 - WARNING - Invalid pixel coordinate format in key: score
2025-03-07 09:46:21 - WARNING - Invalid pixel coordinate format in key: score
2025-03-07 09:46:21 - WARNING - Invalid pixel coordinate format in key: score
2025-03-07 09:46:21 - WARNING - Invalid pixel coordinate format in key: score
2025-03-07 09:46:21 - WARNING - Invalid pixel coordinate format in key: score
2025-03-07 09:46:21 - WARNING - Invalid pixel coordinate format in key: score
2025-03-07 09:46:21 - WARNING - Invalid pixel coordinate format in key: score
2025-03-07 09:46:21 - WARNING - Invalid pixel coordinate format in key: score
2025-03-07 09:46:22 - WARNING - Invalid pixel coordinate format in key: score
2025-03-07 09:46:22 - WARNING - Invalid pixel coordinate format in key: score
2025-03-07 09:46:22 - WARNING - Invalid pixel coordinate format in key: score
2025-03-07 09:46:22 - WARNING - Invalid pixel coordinate format in key: score
2025-03-07 09:46:22 - WARNING - Invalid pixel coordinate format in key: score
2025-03-07 09:46:22 - WARNING - Invalid pixel coordinate format in key: score
2025-03-07 09:46:22 - WARNING - Invalid pixel coordinate format in key: score
2025-03-07 09:46:22 - WARNING - Invalid pixel coordinate format in key: score
2025-03-07 09:46:22 - WARNING - Invalid pixel coordinate format in key: score
2025-03-07 09:46:22 - WARNING - Invalid pixel coordinate format in key: score
2025-03-07 09:46:22 - WARNING - Invalid pixel coordinate format in key: score
2025-03-07 09:46:22 - WARNING - Invalid pixel coordinate format in key: score
2025-03-07 09:46:22 - WARNING - Invalid pixel coordinate format in key: score
2025-03-07 09:46:22 - WARNING - Invalid pixel coordinate format in key: score
2025-03-07 09:46:22 - WARNING - Invalid pixel coordinate format in key: score
2025-03-07 09:46:22 - WARNING - Invalid pixel coordinate format in key: score
2025-03-07 09:46:22 - WARNING - Invalid pixel coordinate format in key: score
2025-03-07 09:46:22 - WARNING - Invalid pixel coordinate format in key: score
2025-03-07 09:46:22 - WARNING - Invalid pixel coordinate format in key: score
2025-03-07 09:46:22 - WARNING - Invalid pixel coordinate format in key: score
2025-03-07 09:46:22 - WARNING - Invalid pixel coordinate format in key: score
2025-03-07 09:46:22 - WARNING - Invalid pixel coordinate format in key: score
2025-03-07 09:46:22 - WARNING - Invalid pixel coordinate format in key: score
2025-03-07 09:46:22 - WARNING - Invalid pixel coordinate format in key: score
2025-03-07 09:46:22 - WARNING - Invalid pixel coordinate format in key: score
2025-03-07 09:46:22 - WARNING - Invalid pixel coordinate format in key: score
2025-03-07 09:46:22 - WARNING - Invalid pixel coordinate format in key: score
2025-03-07 09:46:22 - WARNING - Invalid pixel coordinate format in key: score
2025-03-07 09:46:22 - WARNING - Invalid pixel coordinate format in key: score
2025-03-07 09:46:22 - WARNING - Invalid pixel coordinate format in key: score
2025-03-07 09:46:22 - WARNING - Invalid pixel coordinate format in key: score
2025-03-07 09:46:22 - WARNING - Invalid pixel coordinate format in key: score
2025-03-07 09:46:22 - WARNING - Invalid pixel coordinate format in key: score
2025-03-07 09:46:22 - WARNING - Invalid pixel coordinate format in key: score
2025-03-07 09:46:22 - WARNING - Invalid pixel coordinate format in key: score
2025-03-07 09:46:22 - WARNING - Invalid pixel coordinate format in key: score
2025-03-07 09:46:22 - WARNING - Invalid pixel coordinate format in key: score
2025-03-07 09:46:22 - WARNING - Invalid pixel coordinate format in key: score
2025-03-07 09:46:22 - WARNING - Invalid pixel coordinate format in key: score
2025-03-07 09:46:22 - WARNING - Invalid pixel coordinate format in key: score
2025-03-07 09:46:22 - WARNING - Invalid pixel coordinate format in key: score
2025-03-07 09:46:22 - WARNING - Invalid pixel coordinate format in key: score
2025-03-07 09:46:22 - WARNING - Invalid pixel coordinate format in key: score
2025-03-07 09:46:22 - WARNING - Invalid pixel coordinate format in key: score
2025-03-07 09:46:22 - WARNING - Invalid pixel coordinate format in key: score
2025-03-07 09:46:22 - WARNING - Invalid pixel coordinate format in key: score
2025-03-07 09:46:22 - WARNING - Invalid pixel coordinate format in key: score
2025-03-07 09:46:22 - WARNING - Invalid pixel coordinate format in key: score
2025-03-07 09:46:22 - WARNING - Invalid pixel coordinate format in key: score
2025-03-07 09:46:22 - WARNING - Invalid pixel coordinate format in key: score
2025-03-07 09:46:22 - WARNING - Invalid pixel coordinate format in key: score
2025-03-07 09:46:22 - WARNING - Invalid pixel coordinate format in key: score
2025-03-07 09:46:22 - WARNING - Invalid pixel coordinate format in key: score
2025-03-07 09:46:22 - WARNING - Invalid pixel coordinate format in key: score
2025-03-07 09:46:22 - WARNING - Invalid pixel coordinate format in key: score
2025-03-07 09:46:22 - WARNING - Invalid pixel coordinate format in key: score
2025-03-07 09:46:22 - WARNING - Invalid pixel coordinate format in key: score
2025-03-07 09:46:22 - WARNING - Invalid pixel coordinate format in key: score
2025-03-07 09:46:22 - WARNING - Invalid pixel coordinate format in key: score
2025-03-07 09:46:22 - WARNING - Invalid pixel coordinate format in key: score
2025-03-07 09:46:22 - WARNING - Invalid pixel coordinate format in key: score
2025-03-07 09:46:22 - WARNING - Invalid pixel coordinate format in key: score
2025-03-07 09:46:22 - WARNING - Invalid pixel coordinate format in key: score
2025-03-07 09:46:22 - WARNING - Invalid pixel coordinate format in key: score
2025-03-07 09:46:22 - WARNING - Invalid pixel coordinate format in key: score
2025-03-07 09:46:22 - WARNING - Invalid pixel coordinate format in key: score
2025-03-07 09:46:22 - WARNING - Invalid pixel coordinate format in key: score
2025-03-07 09:46:22 - WARNING - Invalid pixel coordinate format in key: score
2025-03-07 09:46:22 - WARNING - Invalid pixel coordinate format in key: score
2025-03-07 09:46:22 - WARNING - Invalid pixel coordinate format in key: score
2025-03-07 09:46:22 - WARNING - Invalid pixel coordinate format in key: score
2025-03-07 09:46:22 - WARNING - Invalid pixel coordinate format in key: score
2025-03-07 09:46:22 - WARNING - Invalid pixel coordinate format in key: score
2025-03-07 09:46:22 - WARNING - Invalid pixel coordinate format in key: score
2025-03-07 09:46:22 - WARNING - Invalid pixel coordinate format in key: score
2025-03-07 09:46:22 - WARNING - Invalid pixel coordinate format in key: score
2025-03-07 09:46:22 - WARNING - Invalid pixel coordinate format in key: score
2025-03-07 09:46:22 - WARNING - Invalid pixel coordinate format in key: score
2025-03-07 09:46:22 - WARNING - Invalid pixel coordinate format in key: score
2025-03-07 09:46:22 - WARNING - Invalid pixel coordinate format in key: score
2025-03-07 09:46:22 - WARNING - Invalid pixel coordinate format in key: score
2025-03-07 09:46:22 - WARNING - Invalid pixel coordinate format in key: score
2025-03-07 09:46:22 - WARNING - Invalid pixel coordinate format in key: score
2025-03-07 09:46:22 - WARNING - Invalid pixel coordinate format in key: score
2025-03-07 09:46:22 - WARNING - Invalid pixel coordinate format in key: score
2025-03-07 09:46:22 - WARNING - Invalid pixel coordinate format in key: score
2025-03-07 09:46:22 - WARNING - Invalid pixel coordinate format in key: score
2025-03-07 09:46:22 - WARNING - Invalid pixel coordinate format in key: score
2025-03-07 09:46:22 - WARNING - Invalid pixel coordinate format in key: score
2025-03-07 09:46:22 - WARNING - Invalid pixel coordinate format in key: score
2025-03-07 09:46:22 - WARNING - Invalid pixel coordinate format in key: score
2025-03-07 09:46:22 - WARNING - Invalid pixel coordinate format in key: score
2025-03-07 09:46:22 - WARNING - Invalid pixel coordinate format in key: score
2025-03-07 09:46:22 - WARNING - Invalid pixel coordinate format in key: score
2025-03-07 09:46:22 - WARNING - Invalid pixel coordinate format in key: score
2025-03-07 09:46:22 - WARNING - Invalid pixel coordinate format in key: score
2025-03-07 09:46:22 - WARNING - Invalid pixel coordinate format in key: score
2025-03-07 09:46:22 - WARNING - Invalid pixel coordinate format in key: score
2025-03-07 09:46:22 - WARNING - Invalid pixel coordinate format in key: score
2025-03-07 09:46:22 - WARNING - Invalid pixel coordinate format in key: score
2025-03-07 09:46:22 - WARNING - Invalid pixel coordinate format in key: score
2025-03-07 09:46:22 - WARNING - Invalid pixel coordinate format in key: score
2025-03-07 09:46:22 - WARNING - Invalid pixel coordinate format in key: score
2025-03-07 09:46:22 - WARNING - Invalid pixel coordinate format in key: score
2025-03-07 09:46:22 - WARNING - Invalid pixel coordinate format in key: score
2025-03-07 09:46:22 - WARNING - Invalid pixel coordinate format in key: score
2025-03-07 09:46:22 - WARNING - Invalid pixel coordinate format in key: score
2025-03-07 09:46:22 - WARNING - Invalid pixel coordinate format in key: score
2025-03-07 09:46:22 - WARNING - Invalid pixel coordinate format in key: score
2025-03-07 09:46:22 - WARNING - Invalid pixel coordinate format in key: score
2025-03-07 09:46:22 - WARNING - Invalid pixel coordinate format in key: score
2025-03-07 09:46:22 - WARNING - Invalid pixel coordinate format in key: score
2025-03-07 09:46:22 - WARNING - Invalid pixel coordinate format in key: score
2025-03-07 09:46:22 - WARNING - Invalid pixel coordinate format in key: score
2025-03-07 09:46:22 - WARNING - Invalid pixel coordinate format in key: score
2025-03-07 09:46:22 - WARNING - Invalid pixel coordinate format in key: score
2025-03-07 09:46:22 - WARNING - Invalid pixel coordinate format in key: score
2025-03-07 09:46:22 - WARNING - Invalid pixel coordinate format in key: score
2025-03-07 09:46:22 - WARNING - Invalid pixel coordinate format in key: score
2025-03-07 09:46:22 - WARNING - Invalid pixel coordinate format in key: score
2025-03-07 09:46:22 - WARNING - Invalid pixel coordinate format in key: score
2025-03-07 09:46:22 - WARNING - Invalid pixel coordinate format in key: score
2025-03-07 09:46:22 - WARNING - Invalid pixel coordinate format in key: score
2025-03-07 09:46:22 - WARNING - Invalid pixel coordinate format in key: score
2025-03-07 09:46:22 - WARNING - Invalid pixel coordinate format in key: score
2025-03-07 09:46:22 - WARNING - Invalid pixel coordinate format in key: score
2025-03-07 09:46:22 - WARNING - Invalid pixel coordinate format in key: score
2025-03-07 09:46:22 - WARNING - Invalid pixel coordinate format in key: score
2025-03-07 09:46:22 - WARNING - Invalid pixel coordinate format in key: score
2025-03-07 09:46:22 - WARNING - Invalid pixel coordinate format in key: score
2025-03-07 09:46:22 - WARNING - Invalid pixel coordinate format in key: score
2025-03-07 09:46:22 - WARNING - Invalid pixel coordinate format in key: score
2025-03-07 09:46:22 - WARNING - Invalid pixel coordinate format in key: score
2025-03-07 09:46:22 - WARNING - Invalid pixel coordinate format in key: score
2025-03-07 09:46:22 - WARNING - Invalid pixel coordinate format in key: score
2025-03-07 09:46:22 - WARNING - Invalid pixel coordinate format in key: score
2025-03-07 09:46:22 - WARNING - Invalid pixel coordinate format in key: score
2025-03-07 09:46:22 - WARNING - Invalid pixel coordinate format in key: score
2025-03-07 09:46:22 - WARNING - Invalid pixel coordinate format in key: score
2025-03-07 09:46:22 - WARNING - Invalid pixel coordinate format in key: score
2025-03-07 09:46:22 - WARNING - Invalid pixel coordinate format in key: score
2025-03-07 09:46:22 - WARNING - Invalid pixel coordinate format in key: score
2025-03-07 09:46:22 - WARNING - Invalid pixel coordinate format in key: score
2025-03-07 09:46:22 - WARNING - Invalid pixel coordinate format in key: score
2025-03-07 09:46:22 - WARNING - Invalid pixel coordinate format in key: score
2025-03-07 09:46:22 - WARNING - Invalid pixel coordinate format in key: score
2025-03-07 09:46:22 - WARNING - Invalid pixel coordinate format in key: score
2025-03-07 09:46:22 - WARNING - Invalid pixel coordinate format in key: score
2025-03-07 09:46:22 - WARNING - Invalid pixel coordinate format in key: score
2025-03-07 09:46:22 - WARNING - Invalid pixel coordinate format in key: score
2025-03-07 09:46:22 - WARNING - Invalid pixel coordinate format in key: score
2025-03-07 09:46:22 - WARNING - Invalid pixel coordinate format in key: score
2025-03-07 09:46:22 - WARNING - Invalid pixel coordinate format in key: score
2025-03-07 09:46:22 - WARNING - Invalid pixel coordinate format in key: score
2025-03-07 09:46:22 - WARNING - Invalid pixel coordinate format in key: score
2025-03-07 09:46:22 - WARNING - Invalid pixel coordinate format in key: score
2025-03-07 09:46:22 - WARNING - Invalid pixel coordinate format in key: score
2025-03-07 09:46:22 - WARNING - Invalid pixel coordinate format in key: score
2025-03-07 09:46:22 - WARNING - Invalid pixel coordinate format in key: score
2025-03-07 09:46:22 - WARNING - Invalid pixel coordinate format in key: score
2025-03-07 09:46:22 - WARNING - Invalid pixel coordinate format in key: score
2025-03-07 09:46:22 - WARNING - Invalid pixel coordinate format in key: score
2025-03-07 09:46:22 - WARNING - Invalid pixel coordinate format in key: score
2025-03-07 09:46:22 - WARNING - Invalid pixel coordinate format in key: score
2025-03-07 09:46:22 - WARNING - Invalid pixel coordinate format in key: score
2025-03-07 09:46:22 - INFO - No metadata extracted from valid files.
2025-03-07 09:46:22 - INFO - Drone metadata is empty or not available.
2025-03-07 09:46:22 - INFO - Processing notification: PersonVehicleDetection
2025-03-07 09:46:23 - INFO - Files written successfully: downloads/drone_imgs/Flood/DJI_20211023132234_0104_W_objects_metadata.json, downloads/drone_imgs/Flood/DJI_20211023132234_0104_W_obj.json
2025-03-07 09:46:23 - INFO - Geo-referencing is done correctly for person and vehicles.
2025-03-07 09:46:23 - INFO - Setting event for non-Alert entity
2025-03-07 09:46:23 - INFO - initialize_processing() is already running, skipping.
2025-03-07 09:46:23 - INFO - 127.0.0.1 - - [07/Mar/2025 09:46:23] "POST /pdm05/notify?subscriptionId=urn:ngsi-ld:tema:subscription:USE:PDM05:007 HTTP/1.1" 200 -
2025-03-07 09:46:24 - INFO - Processing notification: PersonVehicleDetection
2025-03-07 09:46:24 - INFO - Files written successfully: downloads/drone_imgs/Flood/DJI_20211023132238_0105_W_objects_metadata.json, downloads/drone_imgs/Flood/DJI_20211023132238_0105_W_obj.json
2025-03-07 09:46:25 - INFO - OGM metadata successfully saved to estimated_OGM/occupancy_grid_map_Flood_Objects.json
2025-03-07 09:46:25 - INFO - Filtered GeoJSON successfully saved to estimated_OGM/occupancy_grid_map_Flood_Objects_filtered.json
2025-03-07 09:46:25 - INFO - Converting GeoJSON to GeoTIFF at estimated_OGM/occupancy_grid_map_Flood_Objects_filtered.tif
2025-03-07 09:46:25 - ERROR - Value error during GeoTIFF conversion: GeoJSON file contains no features. Cannot generate raster.
2025-03-07 09:46:25 - INFO - No SinglePostResult files found. Skipping this step.
2025-03-07 09:46:26 - INFO - Processing notification: PersonVehicleDetection
2025-03-07 09:46:26 - INFO - Files written successfully: downloads/drone_imgs/Flood/DJI_20211023132241_0106_W_objects_metadata.json, downloads/drone_imgs/Flood/DJI_20211023132241_0106_W_obj.json
2025-03-07 09:46:28 - INFO - Processing notification: PersonVehicleDetection
2025-03-07 09:46:28 - INFO - Files written successfully: downloads/drone_imgs/Flood/DJI_20211023132244_0107_W_objects_metadata.json, downloads/drone_imgs/Flood/DJI_20211023132244_0107_W_obj.json
2025-03-07 09:46:28 - INFO - Geo-referencing is done correctly for person and vehicles.
2025-03-07 09:46:28 - INFO - Setting event for non-Alert entity
2025-03-07 09:46:28 - INFO - ROI data -> [[[6.996817, 50.521793], [6.98238, 50.517756], [6.976085, 50.513527], [6.980425, 50.50647], [6.995879, 50.511398], [6.996817, 50.521793]]]
2025-03-07 09:46:28 - INFO - initialize_processing() is already running, skipping.
2025-03-07 09:46:28 - INFO - 127.0.0.1 - - [07/Mar/2025 09:46:28] "POST /pdm05/notify?subscriptionId=urn:ngsi-ld:tema:subscription:USE:PDM05:007 HTTP/1.1" 200 -
2025-03-07 09:46:28 - INFO - ogm_gt_ (6.976085, 9.013913043478152e-05, 0.0, 50.521793, 0.0, -9.013529411765997e-05)
2025-03-07 09:46:28 - INFO - observe_gt_drone None
2025-03-07 09:46:28 - INFO - Drone measurements are not available: unsupported operand type(s) for /: 'NoneType' and 'int'
2025-03-07 09:46:28 - INFO - Sat measurements are not available object of type 'NoneType' has no len()
2025-03-07 09:46:28 - INFO - GeoTIFF saved successfully at estimated_OGM/occupancy_grid_map_Flood.tif
2025-03-07 09:46:28 - INFO - urn:ngsi-ld:USE:PDM-05:Maps4Flood:01
2025-03-07 09:46:28 - INFO - Metadata {'title': 'OGM', 'author': 'GRVC lab, University of Seville', 'description': 'Estimated OGM for Fire.', 'creationDate': '2025-03-07T09:46:28.740285', 'XMin': 6.976085, 'XRes': 9.013913043478152e-05, 'YMax': 50.521793, 'YRes': -9.013529411765997e-05, 'spatialReference': 'EPSG:4326', 'file_name': 'occupancy_grid_map_Flood.tif', 'coordinates': [[[6.996817, 50.521793], [6.98238, 50.517756], [6.976085, 50.513527], [6.980425, 50.50647], [6.995879, 50.511398], [6.996817, 50.521793]]], 'bucket': 'naples', 'minio_url': 'https://storage.tema.digital-enabler.eng.it:443/naples/occupancy_grid_mapFlood.tif'}
2025-03-07 09:46:28 - INFO - inside process_and_upload_ogm entity_id ---> urn:ngsi-ld:USE:PDM-05:Maps4Flood:01
2025-03-07 09:46:28 - INFO - Object name occupancy_grid_map_Flood.tif
2025-03-07 09:46:28 - INFO - Object Name in for uploading occupancy_grid_map_Flood.tif
2025-03-07 09:46:28 - INFO - File path in for uploading estimated_OGM/occupancy_grid_map_Flood.tif
2025-03-07 09:46:29 - INFO - File uploaded successfully.
2025-03-07 09:46:29 - INFO - File 'estimated_OGM/occupancy_grid_map_Flood.tif' uploaded to bucket 'naples' successfully.
2025-03-07 09:46:29 - INFO - Processing notification: PersonVehicleDetection
2025-03-07 09:46:29 - INFO - Files written successfully: downloads/drone_imgs/Flood/DJI_20211023132249_0108_W_objects_metadata.json, downloads/drone_imgs/Flood/DJI_20211023132249_0108_W_obj.json
2025-03-07 09:46:29 - INFO - Entity urn:ngsi-ld:USE:PDM-05:Maps4Flood:01 updated successfully.
2025-03-07 09:46:29 - INFO - Payload published successfully for entity: urn:ngsi-ld:USE:PDM-05:Maps4Flood:01
2025-03-07 09:46:29 - INFO - Checking for existing geo dict: estimated_OGM/occupancy_grid_map_Flood_Objects.json
2025-03-07 09:46:30 - INFO - Using existing geo dict.
2025-03-07 09:46:30 - WARNING - Invalid pixel coordinate format in key: score
2025-03-07 09:46:30 - WARNING - Invalid pixel coordinate format in key: score
2025-03-07 09:46:30 - WARNING - Invalid pixel coordinate format in key: score
2025-03-07 09:46:30 - WARNING - Invalid pixel coordinate format in key: score
2025-03-07 09:46:30 - WARNING - Invalid pixel coordinate format in key: score
2025-03-07 09:46:30 - WARNING - Invalid pixel coordinate format in key: score
2025-03-07 09:46:30 - WARNING - Invalid pixel coordinate format in key: score
2025-03-07 09:46:30 - WARNING - Invalid pixel coordinate format in key: score
2025-03-07 09:46:30 - WARNING - Invalid pixel coordinate format in key: score
2025-03-07 09:46:30 - WARNING - Invalid pixel coordinate format in key: score
2025-03-07 09:46:30 - WARNING - Invalid pixel coordinate format in key: score
2025-03-07 09:46:30 - WARNING - Invalid pixel coordinate format in key: score
2025-03-07 09:46:30 - WARNING - Invalid pixel coordinate format in key: score
2025-03-07 09:46:30 - WARNING - Invalid pixel coordinate format in key: score
2025-03-07 09:46:30 - WARNING - Invalid pixel coordinate format in key: score
2025-03-07 09:46:30 - WARNING - Invalid pixel coordinate format in key: score
2025-03-07 09:46:30 - WARNING - Invalid pixel coordinate format in key: score
2025-03-07 09:46:30 - WARNING - Invalid pixel coordinate format in key: score
2025-03-07 09:46:30 - WARNING - Invalid pixel coordinate format in key: score
2025-03-07 09:46:30 - WARNING - Invalid pixel coordinate format in key: score
2025-03-07 09:46:30 - WARNING - Invalid pixel coordinate format in key: score
2025-03-07 09:46:30 - WARNING - Invalid pixel coordinate format in key: score
2025-03-07 09:46:30 - WARNING - Invalid pixel coordinate format in key: score
2025-03-07 09:46:30 - WARNING - Invalid pixel coordinate format in key: score
2025-03-07 09:46:30 - WARNING - Invalid pixel coordinate format in key: score
2025-03-07 09:46:30 - WARNING - Invalid pixel coordinate format in key: score
2025-03-07 09:46:30 - WARNING - Invalid pixel coordinate format in key: score
2025-03-07 09:46:30 - WARNING - Invalid pixel coordinate format in key: score
2025-03-07 09:46:30 - WARNING - Invalid pixel coordinate format in key: score
2025-03-07 09:46:30 - WARNING - Invalid pixel coordinate format in key: score
2025-03-07 09:46:30 - WARNING - Invalid pixel coordinate format in key: score
2025-03-07 09:46:30 - WARNING - Invalid pixel coordinate format in key: score
2025-03-07 09:46:30 - WARNING - Invalid pixel coordinate format in key: score
2025-03-07 09:46:30 - WARNING - Invalid pixel coordinate format in key: score
2025-03-07 09:46:30 - WARNING - Invalid pixel coordinate format in key: score
2025-03-07 09:46:30 - WARNING - Invalid pixel coordinate format in key: score
2025-03-07 09:46:30 - WARNING - Invalid pixel coordinate format in key: score
2025-03-07 09:46:30 - WARNING - Invalid pixel coordinate format in key: score
2025-03-07 09:46:30 - WARNING - Invalid pixel coordinate format in key: score
2025-03-07 09:46:30 - WARNING - Invalid pixel coordinate format in key: score
2025-03-07 09:46:30 - WARNING - Invalid pixel coordinate format in key: score
2025-03-07 09:46:30 - WARNING - Invalid pixel coordinate format in key: score
2025-03-07 09:46:30 - WARNING - Invalid pixel coordinate format in key: score
2025-03-07 09:46:30 - WARNING - Invalid pixel coordinate format in key: score
2025-03-07 09:46:30 - WARNING - Invalid pixel coordinate format in key: score
2025-03-07 09:46:30 - WARNING - Invalid pixel coordinate format in key: score
2025-03-07 09:46:30 - WARNING - Invalid pixel coordinate format in key: score
2025-03-07 09:46:30 - WARNING - Invalid pixel coordinate format in key: score
2025-03-07 09:46:30 - WARNING - Invalid pixel coordinate format in key: score
2025-03-07 09:46:30 - WARNING - Invalid pixel coordinate format in key: score
2025-03-07 09:46:30 - WARNING - Invalid pixel coordinate format in key: score
2025-03-07 09:46:30 - WARNING - Invalid pixel coordinate format in key: score
2025-03-07 09:46:30 - WARNING - Invalid pixel coordinate format in key: score
2025-03-07 09:46:30 - WARNING - Invalid pixel coordinate format in key: score
2025-03-07 09:46:30 - WARNING - Invalid pixel coordinate format in key: score
2025-03-07 09:46:30 - WARNING - Invalid pixel coordinate format in key: score
2025-03-07 09:46:30 - WARNING - Invalid pixel coordinate format in key: score
2025-03-07 09:46:30 - WARNING - Invalid pixel coordinate format in key: score
2025-03-07 09:46:30 - WARNING - Invalid pixel coordinate format in key: score
2025-03-07 09:46:30 - WARNING - Invalid pixel coordinate format in key: score
2025-03-07 09:46:30 - WARNING - Invalid pixel coordinate format in key: score
2025-03-07 09:46:30 - WARNING - Invalid pixel coordinate format in key: score
2025-03-07 09:46:30 - WARNING - Invalid pixel coordinate format in key: score
2025-03-07 09:46:30 - WARNING - Invalid pixel coordinate format in key: score
2025-03-07 09:46:30 - WARNING - Invalid pixel coordinate format in key: score
2025-03-07 09:46:30 - WARNING - Invalid pixel coordinate format in key: score
2025-03-07 09:46:30 - WARNING - Invalid pixel coordinate format in key: score
2025-03-07 09:46:30 - WARNING - Invalid pixel coordinate format in key: score
2025-03-07 09:46:30 - WARNING - Invalid pixel coordinate format in key: score
2025-03-07 09:46:30 - WARNING - Invalid pixel coordinate format in key: score
2025-03-07 09:46:30 - WARNING - Invalid pixel coordinate format in key: score
2025-03-07 09:46:30 - WARNING - Invalid pixel coordinate format in key: score
2025-03-07 09:46:30 - WARNING - Invalid pixel coordinate format in key: score
2025-03-07 09:46:30 - WARNING - Invalid pixel coordinate format in key: score
2025-03-07 09:46:30 - WARNING - Invalid pixel coordinate format in key: score
2025-03-07 09:46:30 - WARNING - Invalid pixel coordinate format in key: score
2025-03-07 09:46:30 - WARNING - Invalid pixel coordinate format in key: score
2025-03-07 09:46:30 - WARNING - Invalid pixel coordinate format in key: score
2025-03-07 09:46:31 - WARNING - Invalid pixel coordinate format in key: score
2025-03-07 09:46:31 - WARNING - Invalid pixel coordinate format in key: score
2025-03-07 09:46:31 - WARNING - Invalid pixel coordinate format in key: score
2025-03-07 09:46:31 - WARNING - Invalid pixel coordinate format in key: score
2025-03-07 09:46:31 - WARNING - Invalid pixel coordinate format in key: score
2025-03-07 09:46:31 - WARNING - Invalid pixel coordinate format in key: score
2025-03-07 09:46:31 - WARNING - Invalid pixel coordinate format in key: score
2025-03-07 09:46:31 - WARNING - Invalid pixel coordinate format in key: score
2025-03-07 09:46:31 - WARNING - Invalid pixel coordinate format in key: score
2025-03-07 09:46:31 - WARNING - Invalid pixel coordinate format in key: score
2025-03-07 09:46:31 - WARNING - Invalid pixel coordinate format in key: score
2025-03-07 09:46:31 - WARNING - Invalid pixel coordinate format in key: score
2025-03-07 09:46:31 - WARNING - Invalid pixel coordinate format in key: score
2025-03-07 09:46:31 - WARNING - Invalid pixel coordinate format in key: score
2025-03-07 09:46:31 - WARNING - Invalid pixel coordinate format in key: score
2025-03-07 09:46:31 - WARNING - Invalid pixel coordinate format in key: score
2025-03-07 09:46:31 - WARNING - Invalid pixel coordinate format in key: score
2025-03-07 09:46:31 - WARNING - Invalid pixel coordinate format in key: score
2025-03-07 09:46:31 - WARNING - Invalid pixel coordinate format in key: score
2025-03-07 09:46:31 - WARNING - Invalid pixel coordinate format in key: score
2025-03-07 09:46:31 - WARNING - Invalid pixel coordinate format in key: score
2025-03-07 09:46:31 - WARNING - Invalid pixel coordinate format in key: score
2025-03-07 09:46:31 - WARNING - Invalid pixel coordinate format in key: score
2025-03-07 09:46:31 - WARNING - Invalid pixel coordinate format in key: score
2025-03-07 09:46:31 - WARNING - Invalid pixel coordinate format in key: score
2025-03-07 09:46:31 - WARNING - Invalid pixel coordinate format in key: score
2025-03-07 09:46:31 - WARNING - Invalid pixel coordinate format in key: score
2025-03-07 09:46:31 - WARNING - Invalid pixel coordinate format in key: score
2025-03-07 09:46:31 - WARNING - Invalid pixel coordinate format in key: score
2025-03-07 09:46:31 - WARNING - Invalid pixel coordinate format in key: score
2025-03-07 09:46:31 - WARNING - Invalid pixel coordinate format in key: score
2025-03-07 09:46:31 - WARNING - Invalid pixel coordinate format in key: score
2025-03-07 09:46:31 - WARNING - Invalid pixel coordinate format in key: score
2025-03-07 09:46:31 - WARNING - Invalid pixel coordinate format in key: score
2025-03-07 09:46:31 - WARNING - Invalid pixel coordinate format in key: score
2025-03-07 09:46:31 - WARNING - Invalid pixel coordinate format in key: score
2025-03-07 09:46:31 - WARNING - Invalid pixel coordinate format in key: score
2025-03-07 09:46:31 - WARNING - Invalid pixel coordinate format in key: score
2025-03-07 09:46:31 - WARNING - Invalid pixel coordinate format in key: score
2025-03-07 09:46:31 - WARNING - Invalid pixel coordinate format in key: score
2025-03-07 09:46:31 - WARNING - Invalid pixel coordinate format in key: score
2025-03-07 09:46:31 - WARNING - Invalid pixel coordinate format in key: score
2025-03-07 09:46:31 - WARNING - Invalid pixel coordinate format in key: score
2025-03-07 09:46:31 - WARNING - Invalid pixel coordinate format in key: score
2025-03-07 09:46:31 - WARNING - Invalid pixel coordinate format in key: score
2025-03-07 09:46:31 - WARNING - Invalid pixel coordinate format in key: score
2025-03-07 09:46:31 - WARNING - Invalid pixel coordinate format in key: score
2025-03-07 09:46:31 - WARNING - Invalid pixel coordinate format in key: score
2025-03-07 09:46:31 - WARNING - Invalid pixel coordinate format in key: score
2025-03-07 09:46:31 - WARNING - Invalid pixel coordinate format in key: score
2025-03-07 09:46:31 - WARNING - Invalid pixel coordinate format in key: score
2025-03-07 09:46:31 - WARNING - Invalid pixel coordinate format in key: score
2025-03-07 09:46:31 - WARNING - Invalid pixel coordinate format in key: score
2025-03-07 09:46:31 - WARNING - Invalid pixel coordinate format in key: score
2025-03-07 09:46:31 - WARNING - Invalid pixel coordinate format in key: score
2025-03-07 09:46:31 - WARNING - Invalid pixel coordinate format in key: score
2025-03-07 09:46:31 - WARNING - Invalid pixel coordinate format in key: score
2025-03-07 09:46:31 - INFO - Processing notification: PersonVehicleDetection
2025-03-07 09:46:31 - WARNING - Invalid pixel coordinate format in key: score
2025-03-07 09:46:31 - WARNING - Invalid pixel coordinate format in key: score
2025-03-07 09:46:31 - WARNING - Invalid pixel coordinate format in key: score
2025-03-07 09:46:31 - WARNING - Invalid pixel coordinate format in key: score
2025-03-07 09:46:31 - WARNING - Invalid pixel coordinate format in key: score
2025-03-07 09:46:31 - WARNING - Invalid pixel coordinate format in key: score
2025-03-07 09:46:31 - WARNING - Invalid pixel coordinate format in key: score
2025-03-07 09:46:31 - WARNING - Invalid pixel coordinate format in key: score
2025-03-07 09:46:31 - WARNING - Invalid pixel coordinate format in key: score
2025-03-07 09:46:31 - WARNING - Invalid pixel coordinate format in key: score
2025-03-07 09:46:31 - WARNING - Invalid pixel coordinate format in key: score
2025-03-07 09:46:31 - INFO - Files written successfully: downloads/drone_imgs/Flood/DJI_20211023132253_0109_W_objects_metadata.json, downloads/drone_imgs/Flood/DJI_20211023132253_0109_W_obj.json
2025-03-07 09:46:31 - WARNING - Invalid pixel coordinate format in key: score
2025-03-07 09:46:31 - WARNING - Invalid pixel coordinate format in key: score
2025-03-07 09:46:31 - WARNING - Invalid pixel coordinate format in key: score
2025-03-07 09:46:31 - WARNING - Invalid pixel coordinate format in key: score
2025-03-07 09:46:31 - WARNING - Invalid pixel coordinate format in key: score
2025-03-07 09:46:31 - WARNING - Invalid pixel coordinate format in key: score
2025-03-07 09:46:31 - WARNING - Invalid pixel coordinate format in key: score
2025-03-07 09:46:31 - WARNING - Invalid pixel coordinate format in key: score
2025-03-07 09:46:31 - WARNING - Invalid pixel coordinate format in key: score
2025-03-07 09:46:31 - WARNING - Invalid pixel coordinate format in key: score
2025-03-07 09:46:31 - WARNING - Invalid pixel coordinate format in key: score
2025-03-07 09:46:31 - WARNING - Invalid pixel coordinate format in key: score
2025-03-07 09:46:31 - WARNING - Invalid pixel coordinate format in key: score
2025-03-07 09:46:31 - WARNING - Invalid pixel coordinate format in key: score
2025-03-07 09:46:31 - WARNING - Invalid pixel coordinate format in key: score
2025-03-07 09:46:31 - WARNING - Invalid pixel coordinate format in key: score
2025-03-07 09:46:31 - WARNING - Invalid pixel coordinate format in key: score
2025-03-07 09:46:31 - WARNING - Invalid pixel coordinate format in key: score
2025-03-07 09:46:31 - WARNING - Invalid pixel coordinate format in key: score
2025-03-07 09:46:31 - WARNING - Invalid pixel coordinate format in key: score
2025-03-07 09:46:31 - WARNING - Invalid pixel coordinate format in key: score
2025-03-07 09:46:31 - WARNING - Invalid pixel coordinate format in key: score
2025-03-07 09:46:31 - WARNING - Invalid pixel coordinate format in key: score
2025-03-07 09:46:31 - WARNING - Invalid pixel coordinate format in key: score
2025-03-07 09:46:31 - WARNING - Invalid pixel coordinate format in key: score
2025-03-07 09:46:31 - WARNING - Invalid pixel coordinate format in key: score
2025-03-07 09:46:31 - WARNING - Invalid pixel coordinate format in key: score
2025-03-07 09:46:31 - WARNING - Invalid pixel coordinate format in key: score
2025-03-07 09:46:31 - WARNING - Invalid pixel coordinate format in key: score
2025-03-07 09:46:31 - WARNING - Invalid pixel coordinate format in key: score
2025-03-07 09:46:31 - WARNING - Invalid pixel coordinate format in key: score
2025-03-07 09:46:31 - WARNING - Invalid pixel coordinate format in key: score
2025-03-07 09:46:31 - WARNING - Invalid pixel coordinate format in key: score
2025-03-07 09:46:31 - WARNING - Invalid pixel coordinate format in key: score
2025-03-07 09:46:31 - WARNING - Invalid pixel coordinate format in key: score
2025-03-07 09:46:31 - WARNING - Invalid pixel coordinate format in key: score
2025-03-07 09:46:31 - WARNING - Invalid pixel coordinate format in key: score
2025-03-07 09:46:31 - WARNING - Invalid pixel coordinate format in key: score
2025-03-07 09:46:31 - WARNING - Invalid pixel coordinate format in key: score
2025-03-07 09:46:31 - WARNING - Invalid pixel coordinate format in key: score
2025-03-07 09:46:31 - WARNING - Invalid pixel coordinate format in key: score
2025-03-07 09:46:31 - WARNING - Invalid pixel coordinate format in key: score
2025-03-07 09:46:31 - WARNING - Invalid pixel coordinate format in key: score
2025-03-07 09:46:31 - WARNING - Invalid pixel coordinate format in key: score
2025-03-07 09:46:31 - WARNING - Invalid pixel coordinate format in key: score
2025-03-07 09:46:31 - WARNING - Invalid pixel coordinate format in key: score
2025-03-07 09:46:31 - WARNING - Invalid pixel coordinate format in key: score
2025-03-07 09:46:31 - WARNING - Invalid pixel coordinate format in key: score
2025-03-07 09:46:31 - WARNING - Invalid pixel coordinate format in key: score
2025-03-07 09:46:31 - WARNING - Invalid pixel coordinate format in key: score
2025-03-07 09:46:31 - WARNING - Invalid pixel coordinate format in key: score
2025-03-07 09:46:31 - WARNING - Invalid pixel coordinate format in key: score
2025-03-07 09:46:31 - WARNING - Invalid pixel coordinate format in key: score
2025-03-07 09:46:31 - WARNING - Invalid pixel coordinate format in key: score
2025-03-07 09:46:31 - WARNING - Invalid pixel coordinate format in key: score
2025-03-07 09:46:31 - WARNING - Invalid pixel coordinate format in key: score
2025-03-07 09:46:31 - WARNING - Invalid pixel coordinate format in key: score
2025-03-07 09:46:31 - WARNING - Invalid pixel coordinate format in key: score
2025-03-07 09:46:31 - WARNING - Invalid pixel coordinate format in key: score
2025-03-07 09:46:31 - WARNING - Invalid pixel coordinate format in key: score
2025-03-07 09:46:31 - WARNING - Invalid pixel coordinate format in key: score
2025-03-07 09:46:31 - WARNING - Invalid pixel coordinate format in key: score
2025-03-07 09:46:31 - WARNING - Invalid pixel coordinate format in key: score
2025-03-07 09:46:31 - WARNING - Invalid pixel coordinate format in key: score
2025-03-07 09:46:31 - WARNING - Invalid pixel coordinate format in key: score
2025-03-07 09:46:31 - WARNING - Invalid pixel coordinate format in key: score
2025-03-07 09:46:31 - WARNING - Invalid pixel coordinate format in key: score
2025-03-07 09:46:31 - WARNING - Invalid pixel coordinate format in key: score
2025-03-07 09:46:31 - WARNING - Invalid pixel coordinate format in key: score
2025-03-07 09:46:31 - WARNING - Invalid pixel coordinate format in key: score
2025-03-07 09:46:31 - WARNING - Invalid pixel coordinate format in key: score
2025-03-07 09:46:31 - WARNING - Invalid pixel coordinate format in key: score
2025-03-07 09:46:31 - WARNING - Invalid pixel coordinate format in key: score
2025-03-07 09:46:31 - WARNING - Invalid pixel coordinate format in key: score
2025-03-07 09:46:31 - WARNING - Invalid pixel coordinate format in key: score
2025-03-07 09:46:31 - WARNING - Invalid pixel coordinate format in key: score
2025-03-07 09:46:31 - WARNING - Invalid pixel coordinate format in key: score
2025-03-07 09:46:31 - WARNING - Invalid pixel coordinate format in key: score
2025-03-07 09:46:31 - WARNING - Invalid pixel coordinate format in key: score
2025-03-07 09:46:31 - WARNING - Invalid pixel coordinate format in key: score
2025-03-07 09:46:31 - WARNING - Invalid pixel coordinate format in key: score
2025-03-07 09:46:31 - WARNING - Invalid pixel coordinate format in key: score
2025-03-07 09:46:31 - WARNING - Invalid pixel coordinate format in key: score
2025-03-07 09:46:31 - WARNING - Invalid pixel coordinate format in key: score
2025-03-07 09:46:31 - WARNING - Invalid pixel coordinate format in key: score
2025-03-07 09:46:31 - WARNING - Invalid pixel coordinate format in key: score
2025-03-07 09:46:31 - WARNING - Invalid pixel coordinate format in key: score
2025-03-07 09:46:31 - WARNING - Invalid pixel coordinate format in key: score
2025-03-07 09:46:31 - WARNING - Invalid pixel coordinate format in key: score
2025-03-07 09:46:31 - WARNING - Invalid pixel coordinate format in key: score
2025-03-07 09:46:31 - WARNING - Invalid pixel coordinate format in key: score
2025-03-07 09:46:31 - WARNING - Invalid pixel coordinate format in key: score
2025-03-07 09:46:31 - WARNING - Invalid pixel coordinate format in key: score
2025-03-07 09:46:31 - WARNING - Invalid pixel coordinate format in key: score
2025-03-07 09:46:31 - WARNING - Invalid pixel coordinate format in key: score
2025-03-07 09:46:31 - WARNING - Invalid pixel coordinate format in key: score
2025-03-07 09:46:31 - WARNING - Invalid pixel coordinate format in key: score
2025-03-07 09:46:31 - WARNING - Invalid pixel coordinate format in key: score
2025-03-07 09:46:31 - WARNING - Invalid pixel coordinate format in key: score
2025-03-07 09:46:31 - WARNING - Invalid pixel coordinate format in key: score
2025-03-07 09:46:31 - WARNING - Invalid pixel coordinate format in key: score
2025-03-07 09:46:31 - WARNING - Invalid pixel coordinate format in key: score
2025-03-07 09:46:31 - WARNING - Invalid pixel coordinate format in key: score
2025-03-07 09:46:31 - WARNING - Invalid pixel coordinate format in key: score
2025-03-07 09:46:31 - WARNING - Invalid pixel coordinate format in key: score
2025-03-07 09:46:31 - WARNING - Invalid pixel coordinate format in key: score
2025-03-07 09:46:31 - WARNING - Invalid pixel coordinate format in key: score
2025-03-07 09:46:31 - WARNING - Invalid pixel coordinate format in key: score
2025-03-07 09:46:31 - WARNING - Invalid pixel coordinate format in key: score
2025-03-07 09:46:31 - WARNING - Invalid pixel coordinate format in key: score
2025-03-07 09:46:31 - WARNING - Invalid pixel coordinate format in key: score
2025-03-07 09:46:31 - WARNING - Invalid pixel coordinate format in key: score
2025-03-07 09:46:31 - WARNING - Invalid pixel coordinate format in key: score
2025-03-07 09:46:31 - WARNING - Invalid pixel coordinate format in key: score
2025-03-07 09:46:31 - WARNING - Invalid pixel coordinate format in key: score
2025-03-07 09:46:31 - WARNING - Invalid pixel coordinate format in key: score
2025-03-07 09:46:31 - WARNING - Invalid pixel coordinate format in key: score
2025-03-07 09:46:31 - WARNING - Invalid pixel coordinate format in key: score
2025-03-07 09:46:31 - WARNING - Invalid pixel coordinate format in key: score
2025-03-07 09:46:31 - WARNING - Invalid pixel coordinate format in key: score
2025-03-07 09:46:31 - WARNING - Invalid pixel coordinate format in key: score
2025-03-07 09:46:31 - WARNING - Invalid pixel coordinate format in key: score
2025-03-07 09:46:31 - WARNING - Invalid pixel coordinate format in key: score
2025-03-07 09:46:31 - WARNING - Invalid pixel coordinate format in key: score
2025-03-07 09:46:31 - WARNING - Invalid pixel coordinate format in key: score
2025-03-07 09:46:31 - WARNING - Invalid pixel coordinate format in key: score
2025-03-07 09:46:31 - WARNING - Invalid pixel coordinate format in key: score
2025-03-07 09:46:31 - WARNING - Invalid pixel coordinate format in key: score
2025-03-07 09:46:31 - WARNING - Invalid pixel coordinate format in key: score
2025-03-07 09:46:31 - WARNING - Invalid pixel coordinate format in key: score
2025-03-07 09:46:31 - WARNING - Invalid pixel coordinate format in key: score
2025-03-07 09:46:31 - WARNING - Invalid pixel coordinate format in key: score
2025-03-07 09:46:31 - WARNING - Invalid pixel coordinate format in key: score
2025-03-07 09:46:31 - WARNING - Invalid pixel coordinate format in key: score
2025-03-07 09:46:31 - WARNING - Invalid pixel coordinate format in key: score
2025-03-07 09:46:31 - WARNING - Invalid pixel coordinate format in key: score
2025-03-07 09:46:31 - WARNING - Invalid pixel coordinate format in key: score
2025-03-07 09:46:31 - WARNING - Invalid pixel coordinate format in key: score
2025-03-07 09:46:31 - WARNING - Invalid pixel coordinate format in key: score
2025-03-07 09:46:31 - WARNING - Invalid pixel coordinate format in key: score
2025-03-07 09:46:31 - WARNING - Invalid pixel coordinate format in key: score
2025-03-07 09:46:31 - WARNING - Invalid pixel coordinate format in key: score
2025-03-07 09:46:31 - WARNING - Invalid pixel coordinate format in key: score
2025-03-07 09:46:31 - WARNING - Invalid pixel coordinate format in key: score
2025-03-07 09:46:31 - WARNING - Invalid pixel coordinate format in key: score
2025-03-07 09:46:31 - WARNING - Invalid pixel coordinate format in key: score
2025-03-07 09:46:31 - WARNING - Invalid pixel coordinate format in key: score
2025-03-07 09:46:32 - WARNING - Invalid pixel coordinate format in key: score
2025-03-07 09:46:32 - WARNING - Invalid pixel coordinate format in key: score
2025-03-07 09:46:32 - WARNING - Invalid pixel coordinate format in key: score
2025-03-07 09:46:32 - WARNING - Invalid pixel coordinate format in key: score
2025-03-07 09:46:32 - WARNING - Invalid pixel coordinate format in key: score
2025-03-07 09:46:32 - WARNING - Invalid pixel coordinate format in key: score
2025-03-07 09:46:32 - WARNING - Invalid pixel coordinate format in key: score
2025-03-07 09:46:32 - WARNING - Invalid pixel coordinate format in key: score
2025-03-07 09:46:32 - WARNING - Invalid pixel coordinate format in key: score
2025-03-07 09:46:32 - WARNING - Invalid pixel coordinate format in key: score
2025-03-07 09:46:32 - WARNING - Invalid pixel coordinate format in key: score
2025-03-07 09:46:32 - WARNING - Invalid pixel coordinate format in key: score
2025-03-07 09:46:32 - WARNING - Invalid pixel coordinate format in key: score
2025-03-07 09:46:32 - WARNING - Invalid pixel coordinate format in key: score
2025-03-07 09:46:32 - WARNING - Invalid pixel coordinate format in key: score
2025-03-07 09:46:32 - WARNING - Invalid pixel coordinate format in key: score
2025-03-07 09:46:32 - WARNING - Invalid pixel coordinate format in key: score
2025-03-07 09:46:32 - WARNING - Invalid pixel coordinate format in key: score
2025-03-07 09:46:32 - WARNING - Invalid pixel coordinate format in key: score
2025-03-07 09:46:32 - WARNING - Invalid pixel coordinate format in key: score
2025-03-07 09:46:32 - WARNING - Invalid pixel coordinate format in key: score
2025-03-07 09:46:32 - WARNING - Invalid pixel coordinate format in key: score
2025-03-07 09:46:32 - WARNING - Invalid pixel coordinate format in key: score
2025-03-07 09:46:32 - WARNING - Invalid pixel coordinate format in key: score
2025-03-07 09:46:32 - WARNING - Invalid pixel coordinate format in key: score
2025-03-07 09:46:32 - INFO - Processing notification: PersonVehicleDetection
2025-03-07 09:46:32 - WARNING - Invalid pixel coordinate format in key: score
2025-03-07 09:46:32 - WARNING - Invalid pixel coordinate format in key: score
2025-03-07 09:46:32 - WARNING - Invalid pixel coordinate format in key: score
2025-03-07 09:46:32 - WARNING - Invalid pixel coordinate format in key: score
2025-03-07 09:46:32 - WARNING - Invalid pixel coordinate format in key: score
2025-03-07 09:46:32 - WARNING - Invalid pixel coordinate format in key: score
2025-03-07 09:46:32 - WARNING - Invalid pixel coordinate format in key: score
2025-03-07 09:46:32 - WARNING - Invalid pixel coordinate format in key: score
2025-03-07 09:46:32 - WARNING - Invalid pixel coordinate format in key: score
2025-03-07 09:46:32 - WARNING - Invalid pixel coordinate format in key: score
2025-03-07 09:46:32 - WARNING - Invalid pixel coordinate format in key: score
2025-03-07 09:46:32 - WARNING - Invalid pixel coordinate format in key: score
2025-03-07 09:46:32 - WARNING - Invalid pixel coordinate format in key: score
2025-03-07 09:46:32 - WARNING - Invalid pixel coordinate format in key: score
2025-03-07 09:46:32 - WARNING - Invalid pixel coordinate format in key: score
2025-03-07 09:46:32 - WARNING - Invalid pixel coordinate format in key: score
2025-03-07 09:46:32 - WARNING - Invalid pixel coordinate format in key: score
2025-03-07 09:46:32 - WARNING - Invalid pixel coordinate format in key: score
2025-03-07 09:46:32 - WARNING - Invalid pixel coordinate format in key: score
2025-03-07 09:46:32 - WARNING - Invalid pixel coordinate format in key: score
2025-03-07 09:46:32 - WARNING - Invalid pixel coordinate format in key: score
2025-03-07 09:46:32 - WARNING - Invalid pixel coordinate format in key: score
2025-03-07 09:46:32 - WARNING - Invalid pixel coordinate format in key: score
2025-03-07 09:46:32 - WARNING - Invalid pixel coordinate format in key: score
2025-03-07 09:46:32 - WARNING - Invalid pixel coordinate format in key: score
2025-03-07 09:46:32 - INFO - Files written successfully: downloads/drone_imgs/Flood/DJI_20211023132256_0110_W_objects_metadata.json, downloads/drone_imgs/Flood/DJI_20211023132256_0110_W_obj.json
2025-03-07 09:46:32 - WARNING - Invalid pixel coordinate format in key: score
2025-03-07 09:46:32 - WARNING - Invalid pixel coordinate format in key: score
2025-03-07 09:46:32 - WARNING - Invalid pixel coordinate format in key: score
2025-03-07 09:46:32 - WARNING - Invalid pixel coordinate format in key: score
2025-03-07 09:46:32 - WARNING - Invalid pixel coordinate format in key: score
2025-03-07 09:46:32 - WARNING - Invalid pixel coordinate format in key: score
2025-03-07 09:46:32 - WARNING - Invalid pixel coordinate format in key: score
2025-03-07 09:46:32 - WARNING - Invalid pixel coordinate format in key: score
2025-03-07 09:46:32 - INFO - Geo-referencing is done correctly for person and vehicles.
2025-03-07 09:46:32 - WARNING - Invalid pixel coordinate format in key: score
2025-03-07 09:46:32 - INFO - Setting event for non-Alert entity
2025-03-07 09:46:32 - WARNING - Invalid pixel coordinate format in key: score
2025-03-07 09:46:32 - INFO - initialize_processing() is already running, skipping.
2025-03-07 09:46:32 - WARNING - Invalid pixel coordinate format in key: score
2025-03-07 09:46:32 - INFO - 127.0.0.1 - - [07/Mar/2025 09:46:32] "POST /pdm05/notify?subscriptionId=urn:ngsi-ld:tema:subscription:USE:PDM05:007 HTTP/1.1" 200 -
2025-03-07 09:46:32 - WARNING - Invalid pixel coordinate format in key: score
2025-03-07 09:46:33 - WARNING - Invalid pixel coordinate format in key: score
2025-03-07 09:46:33 - WARNING - Invalid pixel coordinate format in key: score
2025-03-07 09:46:33 - WARNING - Invalid pixel coordinate format in key: score
2025-03-07 09:46:33 - WARNING - Invalid pixel coordinate format in key: score
2025-03-07 09:46:33 - WARNING - Invalid pixel coordinate format in key: score
2025-03-07 09:46:33 - WARNING - Invalid pixel coordinate format in key: score
2025-03-07 09:46:33 - WARNING - Invalid pixel coordinate format in key: score
2025-03-07 09:46:33 - WARNING - Invalid pixel coordinate format in key: score
2025-03-07 09:46:33 - WARNING - Invalid pixel coordinate format in key: score
2025-03-07 09:46:33 - WARNING - Invalid pixel coordinate format in key: score
2025-03-07 09:46:33 - WARNING - Invalid pixel coordinate format in key: score
2025-03-07 09:46:33 - WARNING - Invalid pixel coordinate format in key: score
2025-03-07 09:46:33 - WARNING - Invalid pixel coordinate format in key: score
2025-03-07 09:46:33 - WARNING - Invalid pixel coordinate format in key: score
2025-03-07 09:46:33 - WARNING - Invalid pixel coordinate format in key: score
2025-03-07 09:46:33 - WARNING - Invalid pixel coordinate format in key: score
2025-03-07 09:46:33 - WARNING - Invalid pixel coordinate format in key: score
2025-03-07 09:46:33 - WARNING - Invalid pixel coordinate format in key: score
2025-03-07 09:46:33 - WARNING - Invalid pixel coordinate format in key: score
2025-03-07 09:46:33 - WARNING - Invalid pixel coordinate format in key: score
2025-03-07 09:46:33 - WARNING - Invalid pixel coordinate format in key: score
2025-03-07 09:46:33 - WARNING - Invalid pixel coordinate format in key: score
2025-03-07 09:46:33 - WARNING - Invalid pixel coordinate format in key: score
2025-03-07 09:46:33 - WARNING - Invalid pixel coordinate format in key: score
2025-03-07 09:46:33 - WARNING - Invalid pixel coordinate format in key: score
2025-03-07 09:46:33 - WARNING - Invalid pixel coordinate format in key: score
2025-03-07 09:46:33 - WARNING - Invalid pixel coordinate format in key: score
2025-03-07 09:46:33 - WARNING - Invalid pixel coordinate format in key: score
2025-03-07 09:46:33 - WARNING - Invalid pixel coordinate format in key: score
2025-03-07 09:46:33 - WARNING - Invalid pixel coordinate format in key: score
2025-03-07 09:46:33 - WARNING - Invalid pixel coordinate format in key: score
2025-03-07 09:46:33 - WARNING - Invalid pixel coordinate format in key: score
2025-03-07 09:46:33 - WARNING - Invalid pixel coordinate format in key: score
2025-03-07 09:46:33 - WARNING - Invalid pixel coordinate format in key: score
2025-03-07 09:46:33 - WARNING - Invalid pixel coordinate format in key: score
2025-03-07 09:46:33 - WARNING - Invalid pixel coordinate format in key: score
2025-03-07 09:46:33 - WARNING - Invalid pixel coordinate format in key: score
2025-03-07 09:46:33 - WARNING - Invalid pixel coordinate format in key: score
2025-03-07 09:46:33 - WARNING - Invalid pixel coordinate format in key: score
2025-03-07 09:46:33 - WARNING - Invalid pixel coordinate format in key: score
2025-03-07 09:46:33 - WARNING - Invalid pixel coordinate format in key: score
2025-03-07 09:46:33 - WARNING - Invalid pixel coordinate format in key: score
2025-03-07 09:46:33 - WARNING - Invalid pixel coordinate format in key: score
2025-03-07 09:46:33 - WARNING - Invalid pixel coordinate format in key: score
2025-03-07 09:46:33 - WARNING - Invalid pixel coordinate format in key: score
2025-03-07 09:46:33 - WARNING - Invalid pixel coordinate format in key: score
2025-03-07 09:46:33 - WARNING - Invalid pixel coordinate format in key: score
2025-03-07 09:46:33 - WARNING - Invalid pixel coordinate format in key: score
2025-03-07 09:46:33 - WARNING - Invalid pixel coordinate format in key: score
2025-03-07 09:46:33 - WARNING - Invalid pixel coordinate format in key: score
2025-03-07 09:46:33 - WARNING - Invalid pixel coordinate format in key: score
2025-03-07 09:46:33 - WARNING - Invalid pixel coordinate format in key: score
2025-03-07 09:46:33 - WARNING - Invalid pixel coordinate format in key: score
2025-03-07 09:46:33 - WARNING - Invalid pixel coordinate format in key: score
2025-03-07 09:46:33 - WARNING - Invalid pixel coordinate format in key: score
2025-03-07 09:46:33 - WARNING - Invalid pixel coordinate format in key: score
2025-03-07 09:46:33 - WARNING - Invalid pixel coordinate format in key: score
2025-03-07 09:46:33 - WARNING - Invalid pixel coordinate format in key: score
2025-03-07 09:46:33 - WARNING - Invalid pixel coordinate format in key: score
2025-03-07 09:46:33 - WARNING - Invalid pixel coordinate format in key: score
2025-03-07 09:46:33 - WARNING - Invalid pixel coordinate format in key: score
2025-03-07 09:46:33 - WARNING - Invalid pixel coordinate format in key: score
2025-03-07 09:46:33 - WARNING - Invalid pixel coordinate format in key: score
2025-03-07 09:46:33 - WARNING - Invalid pixel coordinate format in key: score
2025-03-07 09:46:33 - WARNING - Invalid pixel coordinate format in key: score
2025-03-07 09:46:33 - INFO - No metadata extracted from valid files.
2025-03-07 09:46:33 - INFO - Drone metadata is empty or not available.
2025-03-07 09:46:34 - INFO - Processing notification: PersonVehicleDetection
2025-03-07 09:46:34 - INFO - Files written successfully: downloads/drone_imgs/Flood/DJI_20211023132300_0111_W_objects_metadata.json, downloads/drone_imgs/Flood/DJI_20211023132300_0111_W_obj.json
2025-03-07 09:46:36 - INFO - Processing notification: PersonVehicleDetection
2025-03-07 09:46:36 - INFO - Files written successfully: downloads/drone_imgs/Flood/DJI_20211023132304_0112_W_objects_metadata.json, downloads/drone_imgs/Flood/DJI_20211023132304_0112_W_obj.json
2025-03-07 09:46:37 - INFO - Processing notification: PersonVehicleDetection
2025-03-07 09:46:37 - INFO - Files written successfully: downloads/drone_imgs/Flood/DJI_20211023132308_0113_W_objects_metadata.json, downloads/drone_imgs/Flood/DJI_20211023132308_0113_W_obj.json
2025-03-07 09:46:39 - INFO - Processing notification: PersonVehicleDetection
2025-03-07 09:46:39 - INFO - Files written successfully: downloads/drone_imgs/Flood/DJI_20211023132312_0114_W_objects_metadata.json, downloads/drone_imgs/Flood/DJI_20211023132312_0114_W_obj.json
2025-03-07 09:46:39 - INFO - Geo-referencing is done correctly for person and vehicles.
2025-03-07 09:46:39 - INFO - Setting event for non-Alert entity
2025-03-07 09:46:39 - INFO - initialize_processing() is already running, skipping.
2025-03-07 09:46:39 - INFO - 127.0.0.1 - - [07/Mar/2025 09:46:39] "POST /pdm05/notify?subscriptionId=urn:ngsi-ld:tema:subscription:USE:PDM05:007 HTTP/1.1" 200 -
2025-03-07 09:46:41 - INFO - Processing notification: PersonVehicleDetection
2025-03-07 09:46:41 - INFO - Files written successfully: downloads/drone_imgs/Flood/DJI_20211023132316_0115_W_objects_metadata.json, downloads/drone_imgs/Flood/DJI_20211023132316_0115_W_obj.json
2025-03-07 09:46:42 - INFO - Processing notification: PersonVehicleDetection
2025-03-07 09:46:42 - INFO - Files written successfully: downloads/drone_imgs/Flood/DJI_20211023132319_0116_W_objects_metadata.json, downloads/drone_imgs/Flood/DJI_20211023132319_0116_W_obj.json
2025-03-07 09:46:44 - INFO - Processing notification: PersonVehicleDetection
2025-03-07 09:46:44 - INFO - Files written successfully: downloads/drone_imgs/Flood/DJI_20211023132323_0117_W_objects_metadata.json, downloads/drone_imgs/Flood/DJI_20211023132323_0117_W_obj.json
2025-03-07 09:46:44 - INFO - Geo-referencing is done correctly for person and vehicles.
2025-03-07 09:46:44 - INFO - Setting event for non-Alert entity
2025-03-07 09:46:44 - INFO - initialize_processing() is already running, skipping.
2025-03-07 09:46:44 - INFO - 127.0.0.1 - - [07/Mar/2025 09:46:44] "POST /pdm05/notify?subscriptionId=urn:ngsi-ld:tema:subscription:USE:PDM05:007 HTTP/1.1" 200 -
2025-03-07 09:46:44 - INFO - OGM metadata successfully saved to estimated_OGM/occupancy_grid_map_Flood_Objects.json
2025-03-07 09:46:45 - INFO - Filtered GeoJSON successfully saved to estimated_OGM/occupancy_grid_map_Flood_Objects_filtered.json
2025-03-07 09:46:45 - INFO - Converting GeoJSON to GeoTIFF at estimated_OGM/occupancy_grid_map_Flood_Objects_filtered.tif
2025-03-07 09:46:45 - ERROR - Value error during GeoTIFF conversion: GeoJSON file contains no features. Cannot generate raster.
2025-03-07 09:46:45 - INFO - No SinglePostResult files found. Skipping this step.
2025-03-07 09:46:46 - INFO - Processing notification: PersonVehicleDetection
2025-03-07 09:46:46 - INFO - Files written successfully: downloads/drone_imgs/Flood/DJI_20211023132327_0118_W_objects_metadata.json, downloads/drone_imgs/Flood/DJI_20211023132327_0118_W_obj.json
2025-03-07 09:46:47 - INFO - Geo-referencing is done correctly for person and vehicles.
2025-03-07 09:46:47 - INFO - Setting event for non-Alert entity
2025-03-07 09:46:47 - INFO - initialize_processing() is already running, skipping.
2025-03-07 09:46:47 - INFO - 127.0.0.1 - - [07/Mar/2025 09:46:47] "POST /pdm05/notify?subscriptionId=urn:ngsi-ld:tema:subscription:USE:PDM05:007 HTTP/1.1" 200 -
2025-03-07 09:46:47 - INFO - ROI data -> [[[6.996817, 50.521793], [6.98238, 50.517756], [6.976085, 50.513527], [6.980425, 50.50647], [6.995879, 50.511398], [6.996817, 50.521793]]]
2025-03-07 09:46:47 - INFO - ogm_gt_ (6.976085, 9.013913043478152e-05, 0.0, 50.521793, 0.0, -9.013529411765997e-05)
2025-03-07 09:46:47 - INFO - Processing notification: PersonVehicleDetection
2025-03-07 09:46:47 - INFO - observe_gt_drone None
2025-03-07 09:46:47 - INFO - Drone measurements are not available: unsupported operand type(s) for /: 'NoneType' and 'int'
2025-03-07 09:46:47 - INFO - Files written successfully: downloads/drone_imgs/Flood/DJI_20211023132331_0119_W_objects_metadata.json, downloads/drone_imgs/Flood/DJI_20211023132331_0119_W_obj.json
2025-03-07 09:46:47 - INFO - Sat measurements are not available object of type 'NoneType' has no len()
2025-03-07 09:46:48 - INFO - GeoTIFF saved successfully at estimated_OGM/occupancy_grid_map_Flood.tif
2025-03-07 09:46:48 - INFO - urn:ngsi-ld:USE:PDM-05:Maps4Flood:01
2025-03-07 09:46:48 - INFO - Metadata {'title': 'OGM', 'author': 'GRVC lab, University of Seville', 'description': 'Estimated OGM for Fire.', 'creationDate': '2025-03-07T09:46:48.293004', 'XMin': 6.976085, 'XRes': 9.013913043478152e-05, 'YMax': 50.521793, 'YRes': -9.013529411765997e-05, 'spatialReference': 'EPSG:4326', 'file_name': 'occupancy_grid_map_Flood.tif', 'coordinates': [[[6.996817, 50.521793], [6.98238, 50.517756], [6.976085, 50.513527], [6.980425, 50.50647], [6.995879, 50.511398], [6.996817, 50.521793]]], 'bucket': 'naples', 'minio_url': 'https://storage.tema.digital-enabler.eng.it:443/naples/occupancy_grid_mapFlood.tif'}
2025-03-07 09:46:48 - INFO - inside process_and_upload_ogm entity_id ---> urn:ngsi-ld:USE:PDM-05:Maps4Flood:01
2025-03-07 09:46:48 - INFO - Object name occupancy_grid_map_Flood.tif
2025-03-07 09:46:48 - INFO - Object Name in for uploading occupancy_grid_map_Flood.tif
2025-03-07 09:46:48 - INFO - File path in for uploading estimated_OGM/occupancy_grid_map_Flood.tif
2025-03-07 09:46:49 - INFO - Processing notification: PersonVehicleDetection
2025-03-07 09:46:49 - INFO - File uploaded successfully.
2025-03-07 09:46:49 - INFO - File 'estimated_OGM/occupancy_grid_map_Flood.tif' uploaded to bucket 'naples' successfully.
2025-03-07 09:46:49 - INFO - Files written successfully: downloads/drone_imgs/Flood/DJI_20211023132336_0120_W_objects_metadata.json, downloads/drone_imgs/Flood/DJI_20211023132336_0120_W_obj.json
2025-03-07 09:46:49 - INFO - Entity urn:ngsi-ld:USE:PDM-05:Maps4Flood:01 updated successfully.
2025-03-07 09:46:49 - INFO - Payload published successfully for entity: urn:ngsi-ld:USE:PDM-05:Maps4Flood:01
2025-03-07 09:46:50 - INFO - Checking for existing geo dict: estimated_OGM/occupancy_grid_map_Flood_Objects.json
2025-03-07 09:46:50 - INFO - Using existing geo dict.
2025-03-07 09:46:50 - WARNING - Invalid pixel coordinate format in key: score
2025-03-07 09:46:50 - WARNING - Invalid pixel coordinate format in key: score
2025-03-07 09:46:50 - WARNING - Invalid pixel coordinate format in key: score
2025-03-07 09:46:50 - WARNING - Invalid pixel coordinate format in key: score
2025-03-07 09:46:50 - WARNING - Invalid pixel coordinate format in key: score
2025-03-07 09:46:50 - WARNING - Invalid pixel coordinate format in key: score
2025-03-07 09:46:50 - WARNING - Invalid pixel coordinate format in key: score
2025-03-07 09:46:50 - WARNING - Invalid pixel coordinate format in key: score
2025-03-07 09:46:50 - WARNING - Invalid pixel coordinate format in key: score
2025-03-07 09:46:50 - WARNING - Invalid pixel coordinate format in key: score
2025-03-07 09:46:50 - WARNING - Invalid pixel coordinate format in key: score
2025-03-07 09:46:50 - WARNING - Invalid pixel coordinate format in key: score
2025-03-07 09:46:50 - WARNING - Invalid pixel coordinate format in key: score
2025-03-07 09:46:50 - WARNING - Invalid pixel coordinate format in key: score
2025-03-07 09:46:50 - WARNING - Invalid pixel coordinate format in key: score
2025-03-07 09:46:50 - WARNING - Invalid pixel coordinate format in key: score
2025-03-07 09:46:50 - WARNING - Invalid pixel coordinate format in key: score
2025-03-07 09:46:51 - WARNING - Invalid pixel coordinate format in key: score
2025-03-07 09:46:51 - WARNING - Invalid pixel coordinate format in key: score
2025-03-07 09:46:51 - WARNING - Invalid pixel coordinate format in key: score
2025-03-07 09:46:51 - INFO - Processing notification: PersonVehicleDetection
2025-03-07 09:46:51 - WARNING - Invalid pixel coordinate format in key: score
2025-03-07 09:46:51 - WARNING - Invalid pixel coordinate format in key: score
2025-03-07 09:46:51 - WARNING - Invalid pixel coordinate format in key: score
2025-03-07 09:46:51 - WARNING - Invalid pixel coordinate format in key: score
2025-03-07 09:46:51 - WARNING - Invalid pixel coordinate format in key: score
2025-03-07 09:46:51 - WARNING - Invalid pixel coordinate format in key: score
2025-03-07 09:46:51 - WARNING - Invalid pixel coordinate format in key: score
2025-03-07 09:46:51 - WARNING - Invalid pixel coordinate format in key: score
2025-03-07 09:46:51 - WARNING - Invalid pixel coordinate format in key: score
2025-03-07 09:46:51 - WARNING - Invalid pixel coordinate format in key: score
2025-03-07 09:46:51 - WARNING - Invalid pixel coordinate format in key: score
2025-03-07 09:46:51 - WARNING - Invalid pixel coordinate format in key: score
2025-03-07 09:46:51 - WARNING - Invalid pixel coordinate format in key: score
2025-03-07 09:46:51 - WARNING - Invalid pixel coordinate format in key: score
2025-03-07 09:46:51 - WARNING - Invalid pixel coordinate format in key: score
2025-03-07 09:46:51 - WARNING - Invalid pixel coordinate format in key: score
2025-03-07 09:46:51 - WARNING - Invalid pixel coordinate format in key: score
2025-03-07 09:46:51 - WARNING - Invalid pixel coordinate format in key: score
2025-03-07 09:46:51 - WARNING - Invalid pixel coordinate format in key: score
2025-03-07 09:46:51 - WARNING - Invalid pixel coordinate format in key: score
2025-03-07 09:46:51 - WARNING - Invalid pixel coordinate format in key: score
2025-03-07 09:46:51 - WARNING - Invalid pixel coordinate format in key: score
2025-03-07 09:46:51 - WARNING - Invalid pixel coordinate format in key: score
2025-03-07 09:46:51 - WARNING - Invalid pixel coordinate format in key: score
2025-03-07 09:46:51 - WARNING - Invalid pixel coordinate format in key: score
2025-03-07 09:46:51 - WARNING - Invalid pixel coordinate format in key: score
2025-03-07 09:46:51 - WARNING - Invalid pixel coordinate format in key: score
2025-03-07 09:46:51 - WARNING - Invalid pixel coordinate format in key: score
2025-03-07 09:46:51 - WARNING - Invalid pixel coordinate format in key: score
2025-03-07 09:46:51 - WARNING - Invalid pixel coordinate format in key: score
2025-03-07 09:46:51 - WARNING - Invalid pixel coordinate format in key: score
2025-03-07 09:46:51 - INFO - Files written successfully: downloads/drone_imgs/Flood/DJI_20211023132340_0121_W_objects_metadata.json, downloads/drone_imgs/Flood/DJI_20211023132340_0121_W_obj.json
2025-03-07 09:46:51 - WARNING - Invalid pixel coordinate format in key: score
2025-03-07 09:46:51 - WARNING - Invalid pixel coordinate format in key: score
2025-03-07 09:46:51 - WARNING - Invalid pixel coordinate format in key: score
2025-03-07 09:46:51 - WARNING - Invalid pixel coordinate format in key: score
2025-03-07 09:46:51 - WARNING - Invalid pixel coordinate format in key: score
2025-03-07 09:46:51 - WARNING - Invalid pixel coordinate format in key: score
2025-03-07 09:46:51 - WARNING - Invalid pixel coordinate format in key: score
2025-03-07 09:46:51 - WARNING - Invalid pixel coordinate format in key: score
2025-03-07 09:46:51 - WARNING - Invalid pixel coordinate format in key: score
2025-03-07 09:46:51 - WARNING - Invalid pixel coordinate format in key: score
2025-03-07 09:46:51 - WARNING - Invalid pixel coordinate format in key: score
2025-03-07 09:46:51 - WARNING - Invalid pixel coordinate format in key: score
2025-03-07 09:46:51 - WARNING - Invalid pixel coordinate format in key: score
2025-03-07 09:46:51 - WARNING - Invalid pixel coordinate format in key: score
2025-03-07 09:46:51 - WARNING - Invalid pixel coordinate format in key: score
2025-03-07 09:46:51 - WARNING - Invalid pixel coordinate format in key: score
2025-03-07 09:46:51 - WARNING - Invalid pixel coordinate format in key: score
2025-03-07 09:46:51 - WARNING - Invalid pixel coordinate format in key: score
2025-03-07 09:46:51 - WARNING - Invalid pixel coordinate format in key: score
2025-03-07 09:46:51 - WARNING - Invalid pixel coordinate format in key: score
2025-03-07 09:46:51 - WARNING - Invalid pixel coordinate format in key: score
2025-03-07 09:46:51 - WARNING - Invalid pixel coordinate format in key: score
2025-03-07 09:46:51 - WARNING - Invalid pixel coordinate format in key: score
2025-03-07 09:46:51 - WARNING - Invalid pixel coordinate format in key: score
2025-03-07 09:46:51 - WARNING - Invalid pixel coordinate format in key: score
2025-03-07 09:46:51 - WARNING - Invalid pixel coordinate format in key: score
2025-03-07 09:46:51 - WARNING - Invalid pixel coordinate format in key: score
2025-03-07 09:46:51 - WARNING - Invalid pixel coordinate format in key: score
2025-03-07 09:46:51 - WARNING - Invalid pixel coordinate format in key: score
2025-03-07 09:46:51 - WARNING - Invalid pixel coordinate format in key: score
2025-03-07 09:46:51 - WARNING - Invalid pixel coordinate format in key: score
2025-03-07 09:46:51 - WARNING - Invalid pixel coordinate format in key: score
2025-03-07 09:46:51 - WARNING - Invalid pixel coordinate format in key: score
2025-03-07 09:46:51 - WARNING - Invalid pixel coordinate format in key: score
2025-03-07 09:46:51 - WARNING - Invalid pixel coordinate format in key: score
2025-03-07 09:46:51 - WARNING - Invalid pixel coordinate format in key: score
2025-03-07 09:46:51 - WARNING - Invalid pixel coordinate format in key: score
2025-03-07 09:46:51 - WARNING - Invalid pixel coordinate format in key: score
2025-03-07 09:46:51 - WARNING - Invalid pixel coordinate format in key: score
2025-03-07 09:46:52 - WARNING - Invalid pixel coordinate format in key: score
2025-03-07 09:46:52 - WARNING - Invalid pixel coordinate format in key: score
2025-03-07 09:46:52 - WARNING - Invalid pixel coordinate format in key: score
2025-03-07 09:46:52 - WARNING - Invalid pixel coordinate format in key: score
2025-03-07 09:46:52 - WARNING - Invalid pixel coordinate format in key: score
2025-03-07 09:46:52 - WARNING - Invalid pixel coordinate format in key: score
2025-03-07 09:46:52 - WARNING - Invalid pixel coordinate format in key: score
2025-03-07 09:46:52 - WARNING - Invalid pixel coordinate format in key: score
2025-03-07 09:46:52 - WARNING - Invalid pixel coordinate format in key: score
2025-03-07 09:46:52 - WARNING - Invalid pixel coordinate format in key: score
2025-03-07 09:46:52 - WARNING - Invalid pixel coordinate format in key: score
2025-03-07 09:46:52 - INFO - Processing notification: PersonVehicleDetection
2025-03-07 09:46:52 - WARNING - Invalid pixel coordinate format in key: score
2025-03-07 09:46:53 - WARNING - Invalid pixel coordinate format in key: score
2025-03-07 09:46:53 - WARNING - Invalid pixel coordinate format in key: score
2025-03-07 09:46:53 - WARNING - Invalid pixel coordinate format in key: score
2025-03-07 09:46:53 - WARNING - Invalid pixel coordinate format in key: score
2025-03-07 09:46:53 - WARNING - Invalid pixel coordinate format in key: score
2025-03-07 09:46:53 - WARNING - Invalid pixel coordinate format in key: score
2025-03-07 09:46:53 - WARNING - Invalid pixel coordinate format in key: score
2025-03-07 09:46:53 - WARNING - Invalid pixel coordinate format in key: score
2025-03-07 09:46:53 - WARNING - Invalid pixel coordinate format in key: score
2025-03-07 09:46:53 - INFO - Files written successfully: downloads/drone_imgs/Flood/DJI_20211023132343_0122_W_objects_metadata.json, downloads/drone_imgs/Flood/DJI_20211023132343_0122_W_obj.json
2025-03-07 09:46:53 - WARNING - Invalid pixel coordinate format in key: score
2025-03-07 09:46:53 - WARNING - Invalid pixel coordinate format in key: score
2025-03-07 09:46:53 - WARNING - Invalid pixel coordinate format in key: score
2025-03-07 09:46:53 - WARNING - Invalid pixel coordinate format in key: score
2025-03-07 09:46:53 - WARNING - Invalid pixel coordinate format in key: score
2025-03-07 09:46:53 - WARNING - Invalid pixel coordinate format in key: score
2025-03-07 09:46:53 - WARNING - Invalid pixel coordinate format in key: score
2025-03-07 09:46:53 - WARNING - Invalid pixel coordinate format in key: score
2025-03-07 09:46:53 - WARNING - Invalid pixel coordinate format in key: score
2025-03-07 09:46:53 - WARNING - Invalid pixel coordinate format in key: score
2025-03-07 09:46:53 - WARNING - Invalid pixel coordinate format in key: score
2025-03-07 09:46:53 - WARNING - Invalid pixel coordinate format in key: score
2025-03-07 09:46:53 - WARNING - Invalid pixel coordinate format in key: score
2025-03-07 09:46:53 - WARNING - Invalid pixel coordinate format in key: score
2025-03-07 09:46:53 - WARNING - Invalid pixel coordinate format in key: score
2025-03-07 09:46:53 - WARNING - Invalid pixel coordinate format in key: score
2025-03-07 09:46:53 - WARNING - Invalid pixel coordinate format in key: score
2025-03-07 09:46:53 - WARNING - Invalid pixel coordinate format in key: score
2025-03-07 09:46:53 - WARNING - Invalid pixel coordinate format in key: score
2025-03-07 09:46:53 - WARNING - Invalid pixel coordinate format in key: score
2025-03-07 09:46:53 - WARNING - Invalid pixel coordinate format in key: score
2025-03-07 09:46:53 - WARNING - Invalid pixel coordinate format in key: score
2025-03-07 09:46:53 - WARNING - Invalid pixel coordinate format in key: score
2025-03-07 09:46:53 - WARNING - Invalid pixel coordinate format in key: score
2025-03-07 09:46:53 - WARNING - Invalid pixel coordinate format in key: score
2025-03-07 09:46:53 - WARNING - Invalid pixel coordinate format in key: score
2025-03-07 09:46:53 - WARNING - Invalid pixel coordinate format in key: score
2025-03-07 09:46:53 - WARNING - Invalid pixel coordinate format in key: score
2025-03-07 09:46:53 - WARNING - Invalid pixel coordinate format in key: score
2025-03-07 09:46:53 - WARNING - Invalid pixel coordinate format in key: score
2025-03-07 09:46:53 - WARNING - Invalid pixel coordinate format in key: score
2025-03-07 09:46:53 - WARNING - Invalid pixel coordinate format in key: score
2025-03-07 09:46:53 - WARNING - Invalid pixel coordinate format in key: score
2025-03-07 09:46:53 - WARNING - Invalid pixel coordinate format in key: score
2025-03-07 09:46:53 - WARNING - Invalid pixel coordinate format in key: score
2025-03-07 09:46:53 - WARNING - Invalid pixel coordinate format in key: score
2025-03-07 09:46:53 - WARNING - Invalid pixel coordinate format in key: score
2025-03-07 09:46:53 - WARNING - Invalid pixel coordinate format in key: score
2025-03-07 09:46:53 - WARNING - Invalid pixel coordinate format in key: score
2025-03-07 09:46:53 - WARNING - Invalid pixel coordinate format in key: score
2025-03-07 09:46:53 - WARNING - Invalid pixel coordinate format in key: score
2025-03-07 09:46:53 - WARNING - Invalid pixel coordinate format in key: score
2025-03-07 09:46:53 - WARNING - Invalid pixel coordinate format in key: score
2025-03-07 09:46:53 - WARNING - Invalid pixel coordinate format in key: score
2025-03-07 09:46:53 - WARNING - Invalid pixel coordinate format in key: score
2025-03-07 09:46:53 - WARNING - Invalid pixel coordinate format in key: score
2025-03-07 09:46:53 - WARNING - Invalid pixel coordinate format in key: score
2025-03-07 09:46:53 - WARNING - Invalid pixel coordinate format in key: score
2025-03-07 09:46:54 - WARNING - Invalid pixel coordinate format in key: score
2025-03-07 09:46:54 - WARNING - Invalid pixel coordinate format in key: score
2025-03-07 09:46:54 - WARNING - Invalid pixel coordinate format in key: score
2025-03-07 09:46:54 - WARNING - Invalid pixel coordinate format in key: score
2025-03-07 09:46:54 - WARNING - Invalid pixel coordinate format in key: score
2025-03-07 09:46:54 - WARNING - Invalid pixel coordinate format in key: score
2025-03-07 09:46:54 - WARNING - Invalid pixel coordinate format in key: score
2025-03-07 09:46:54 - WARNING - Invalid pixel coordinate format in key: score
2025-03-07 09:46:54 - WARNING - Invalid pixel coordinate format in key: score
2025-03-07 09:46:54 - WARNING - Invalid pixel coordinate format in key: score
2025-03-07 09:46:54 - WARNING - Invalid pixel coordinate format in key: score
2025-03-07 09:46:54 - WARNING - Invalid pixel coordinate format in key: score
2025-03-07 09:46:54 - WARNING - Invalid pixel coordinate format in key: score
2025-03-07 09:46:54 - WARNING - Invalid pixel coordinate format in key: score
2025-03-07 09:46:54 - WARNING - Invalid pixel coordinate format in key: score
2025-03-07 09:46:54 - WARNING - Invalid pixel coordinate format in key: score
2025-03-07 09:46:54 - WARNING - Invalid pixel coordinate format in key: score
2025-03-07 09:46:54 - WARNING - Invalid pixel coordinate format in key: score
2025-03-07 09:46:54 - WARNING - Invalid pixel coordinate format in key: score
2025-03-07 09:46:54 - WARNING - Invalid pixel coordinate format in key: score
2025-03-07 09:46:54 - INFO - Processing notification: PersonVehicleDetection
2025-03-07 09:46:54 - WARNING - Invalid pixel coordinate format in key: score
2025-03-07 09:46:54 - WARNING - Invalid pixel coordinate format in key: score
2025-03-07 09:46:54 - WARNING - Invalid pixel coordinate format in key: score
2025-03-07 09:46:54 - WARNING - Invalid pixel coordinate format in key: score
2025-03-07 09:46:54 - WARNING - Invalid pixel coordinate format in key: score
2025-03-07 09:46:54 - WARNING - Invalid pixel coordinate format in key: score
2025-03-07 09:46:54 - WARNING - Invalid pixel coordinate format in key: score
2025-03-07 09:46:54 - WARNING - Invalid pixel coordinate format in key: score
2025-03-07 09:46:54 - WARNING - Invalid pixel coordinate format in key: score
2025-03-07 09:46:54 - WARNING - Invalid pixel coordinate format in key: score
2025-03-07 09:46:54 - INFO - Files written successfully: downloads/drone_imgs/Flood/DJI_20211023132348_0123_W_objects_metadata.json, downloads/drone_imgs/Flood/DJI_20211023132348_0123_W_obj.json
2025-03-07 09:46:54 - WARNING - Invalid pixel coordinate format in key: score
2025-03-07 09:46:54 - WARNING - Invalid pixel coordinate format in key: score
2025-03-07 09:46:54 - WARNING - Invalid pixel coordinate format in key: score
2025-03-07 09:46:54 - WARNING - Invalid pixel coordinate format in key: score
2025-03-07 09:46:54 - WARNING - Invalid pixel coordinate format in key: score
2025-03-07 09:46:54 - WARNING - Invalid pixel coordinate format in key: score
2025-03-07 09:46:54 - WARNING - Invalid pixel coordinate format in key: score
2025-03-07 09:46:54 - WARNING - Invalid pixel coordinate format in key: score
2025-03-07 09:46:54 - WARNING - Invalid pixel coordinate format in key: score
2025-03-07 09:46:54 - WARNING - Invalid pixel coordinate format in key: score
2025-03-07 09:46:54 - WARNING - Invalid pixel coordinate format in key: score
2025-03-07 09:46:54 - WARNING - Invalid pixel coordinate format in key: score
2025-03-07 09:46:54 - WARNING - Invalid pixel coordinate format in key: score
2025-03-07 09:46:54 - WARNING - Invalid pixel coordinate format in key: score
2025-03-07 09:46:54 - WARNING - Invalid pixel coordinate format in key: score
2025-03-07 09:46:54 - WARNING - Invalid pixel coordinate format in key: score
2025-03-07 09:46:54 - WARNING - Invalid pixel coordinate format in key: score
2025-03-07 09:46:54 - WARNING - Invalid pixel coordinate format in key: score
2025-03-07 09:46:55 - WARNING - Invalid pixel coordinate format in key: score
2025-03-07 09:46:55 - WARNING - Invalid pixel coordinate format in key: score
2025-03-07 09:46:55 - WARNING - Invalid pixel coordinate format in key: score
2025-03-07 09:46:55 - WARNING - Invalid pixel coordinate format in key: score
2025-03-07 09:46:55 - WARNING - Invalid pixel coordinate format in key: score
2025-03-07 09:46:55 - WARNING - Invalid pixel coordinate format in key: score
2025-03-07 09:46:55 - WARNING - Invalid pixel coordinate format in key: score
2025-03-07 09:46:55 - WARNING - Invalid pixel coordinate format in key: score
2025-03-07 09:46:55 - WARNING - Invalid pixel coordinate format in key: score
2025-03-07 09:46:55 - WARNING - Invalid pixel coordinate format in key: score
2025-03-07 09:46:55 - WARNING - Invalid pixel coordinate format in key: score
2025-03-07 09:46:55 - WARNING - Invalid pixel coordinate format in key: score
2025-03-07 09:46:55 - WARNING - Invalid pixel coordinate format in key: score
2025-03-07 09:46:55 - WARNING - Invalid pixel coordinate format in key: score
2025-03-07 09:46:55 - WARNING - Invalid pixel coordinate format in key: score
2025-03-07 09:46:55 - WARNING - Invalid pixel coordinate format in key: score
2025-03-07 09:46:55 - INFO - Geo-referencing is done correctly for person and vehicles.
2025-03-07 09:46:55 - WARNING - Invalid pixel coordinate format in key: score
2025-03-07 09:46:55 - WARNING - Invalid pixel coordinate format in key: score
2025-03-07 09:46:55 - WARNING - Invalid pixel coordinate format in key: score
2025-03-07 09:46:55 - WARNING - Invalid pixel coordinate format in key: score
2025-03-07 09:46:55 - WARNING - Invalid pixel coordinate format in key: score
2025-03-07 09:46:55 - WARNING - Invalid pixel coordinate format in key: score
2025-03-07 09:46:55 - WARNING - Invalid pixel coordinate format in key: score
2025-03-07 09:46:55 - WARNING - Invalid pixel coordinate format in key: score
2025-03-07 09:46:55 - WARNING - Invalid pixel coordinate format in key: score
2025-03-07 09:46:55 - WARNING - Invalid pixel coordinate format in key: score
2025-03-07 09:46:55 - WARNING - Invalid pixel coordinate format in key: score
2025-03-07 09:46:55 - WARNING - Invalid pixel coordinate format in key: score
2025-03-07 09:46:55 - WARNING - Invalid pixel coordinate format in key: score
2025-03-07 09:46:55 - WARNING - Invalid pixel coordinate format in key: score
2025-03-07 09:46:55 - INFO - Setting event for non-Alert entity
2025-03-07 09:46:55 - WARNING - Invalid pixel coordinate format in key: score
2025-03-07 09:46:55 - WARNING - Invalid pixel coordinate format in key: score
2025-03-07 09:46:55 - WARNING - Invalid pixel coordinate format in key: score
2025-03-07 09:46:55 - WARNING - Invalid pixel coordinate format in key: score
2025-03-07 09:46:55 - WARNING - Invalid pixel coordinate format in key: score
2025-03-07 09:46:55 - WARNING - Invalid pixel coordinate format in key: score
2025-03-07 09:46:55 - WARNING - Invalid pixel coordinate format in key: score
2025-03-07 09:46:55 - INFO - initialize_processing() is already running, skipping.
2025-03-07 09:46:55 - WARNING - Invalid pixel coordinate format in key: score
2025-03-07 09:46:56 - INFO - 127.0.0.1 - - [07/Mar/2025 09:46:56] "POST /pdm05/notify?subscriptionId=urn:ngsi-ld:tema:subscription:USE:PDM05:007 HTTP/1.1" 200 -
2025-03-07 09:46:56 - INFO - Processing notification: PersonVehicleDetection
2025-03-07 09:46:56 - WARNING - Invalid pixel coordinate format in key: score
2025-03-07 09:46:56 - WARNING - Invalid pixel coordinate format in key: score
2025-03-07 09:46:56 - WARNING - Invalid pixel coordinate format in key: score
2025-03-07 09:46:56 - WARNING - Invalid pixel coordinate format in key: score
2025-03-07 09:46:56 - WARNING - Invalid pixel coordinate format in key: score
2025-03-07 09:46:56 - WARNING - Invalid pixel coordinate format in key: score
2025-03-07 09:46:56 - WARNING - Invalid pixel coordinate format in key: score
2025-03-07 09:46:56 - WARNING - Invalid pixel coordinate format in key: score
2025-03-07 09:46:56 - WARNING - Invalid pixel coordinate format in key: score
2025-03-07 09:46:56 - WARNING - Invalid pixel coordinate format in key: score
2025-03-07 09:46:56 - INFO - Files written successfully: downloads/drone_imgs/Flood/DJI_20211023132351_0124_W_objects_metadata.json, downloads/drone_imgs/Flood/DJI_20211023132351_0124_W_obj.json
2025-03-07 09:46:56 - WARNING - Invalid pixel coordinate format in key: score
2025-03-07 09:46:56 - WARNING - Invalid pixel coordinate format in key: score
2025-03-07 09:46:56 - WARNING - Invalid pixel coordinate format in key: score
2025-03-07 09:46:56 - WARNING - Invalid pixel coordinate format in key: score
2025-03-07 09:46:56 - WARNING - Invalid pixel coordinate format in key: score
2025-03-07 09:46:56 - WARNING - Invalid pixel coordinate format in key: score
2025-03-07 09:46:56 - WARNING - Invalid pixel coordinate format in key: score
2025-03-07 09:46:56 - WARNING - Invalid pixel coordinate format in key: score
2025-03-07 09:46:56 - WARNING - Invalid pixel coordinate format in key: score
2025-03-07 09:46:56 - WARNING - Invalid pixel coordinate format in key: score
2025-03-07 09:46:56 - WARNING - Invalid pixel coordinate format in key: score
2025-03-07 09:46:56 - WARNING - Invalid pixel coordinate format in key: score
2025-03-07 09:46:56 - WARNING - Invalid pixel coordinate format in key: score
2025-03-07 09:46:56 - WARNING - Invalid pixel coordinate format in key: score
2025-03-07 09:46:56 - WARNING - Invalid pixel coordinate format in key: score
2025-03-07 09:46:56 - WARNING - Invalid pixel coordinate format in key: score
2025-03-07 09:46:56 - WARNING - Invalid pixel coordinate format in key: score
2025-03-07 09:46:56 - WARNING - Invalid pixel coordinate format in key: score
2025-03-07 09:46:56 - WARNING - Invalid pixel coordinate format in key: score
2025-03-07 09:46:56 - WARNING - Invalid pixel coordinate format in key: score
2025-03-07 09:46:56 - WARNING - Invalid pixel coordinate format in key: score
2025-03-07 09:46:56 - WARNING - Invalid pixel coordinate format in key: score
2025-03-07 09:46:56 - WARNING - Invalid pixel coordinate format in key: score
2025-03-07 09:46:56 - WARNING - Invalid pixel coordinate format in key: score
2025-03-07 09:46:56 - WARNING - Invalid pixel coordinate format in key: score
2025-03-07 09:46:56 - WARNING - Invalid pixel coordinate format in key: score
2025-03-07 09:46:56 - WARNING - Invalid pixel coordinate format in key: score
2025-03-07 09:46:56 - WARNING - Invalid pixel coordinate format in key: score
2025-03-07 09:46:56 - WARNING - Invalid pixel coordinate format in key: score
2025-03-07 09:46:56 - WARNING - Invalid pixel coordinate format in key: score
2025-03-07 09:46:56 - WARNING - Invalid pixel coordinate format in key: score
2025-03-07 09:46:56 - WARNING - Invalid pixel coordinate format in key: score
2025-03-07 09:46:56 - WARNING - Invalid pixel coordinate format in key: score
2025-03-07 09:46:56 - WARNING - Invalid pixel coordinate format in key: score
2025-03-07 09:46:56 - WARNING - Invalid pixel coordinate format in key: score
2025-03-07 09:46:56 - WARNING - Invalid pixel coordinate format in key: score
2025-03-07 09:46:56 - WARNING - Invalid pixel coordinate format in key: score
2025-03-07 09:46:56 - WARNING - Invalid pixel coordinate format in key: score
2025-03-07 09:46:56 - WARNING - Invalid pixel coordinate format in key: score
2025-03-07 09:46:56 - WARNING - Invalid pixel coordinate format in key: score
2025-03-07 09:46:56 - WARNING - Invalid pixel coordinate format in key: score
2025-03-07 09:46:56 - WARNING - Invalid pixel coordinate format in key: score
2025-03-07 09:46:56 - WARNING - Invalid pixel coordinate format in key: score
2025-03-07 09:46:56 - WARNING - Invalid pixel coordinate format in key: score
2025-03-07 09:46:56 - WARNING - Invalid pixel coordinate format in key: score
2025-03-07 09:46:56 - WARNING - Invalid pixel coordinate format in key: score
2025-03-07 09:46:56 - WARNING - Invalid pixel coordinate format in key: score
2025-03-07 09:46:56 - WARNING - Invalid pixel coordinate format in key: score
2025-03-07 09:46:56 - WARNING - Invalid pixel coordinate format in key: score
2025-03-07 09:46:56 - WARNING - Invalid pixel coordinate format in key: score
2025-03-07 09:46:56 - WARNING - Invalid pixel coordinate format in key: score
2025-03-07 09:46:56 - WARNING - Invalid pixel coordinate format in key: score
2025-03-07 09:46:56 - WARNING - Invalid pixel coordinate format in key: score
2025-03-07 09:46:56 - WARNING - Invalid pixel coordinate format in key: score
2025-03-07 09:46:56 - WARNING - Invalid pixel coordinate format in key: score
2025-03-07 09:46:57 - WARNING - Invalid pixel coordinate format in key: score
2025-03-07 09:46:57 - WARNING - Invalid pixel coordinate format in key: score
2025-03-07 09:46:57 - WARNING - Invalid pixel coordinate format in key: score
2025-03-07 09:46:57 - WARNING - Invalid pixel coordinate format in key: score
2025-03-07 09:46:57 - WARNING - Invalid pixel coordinate format in key: score
2025-03-07 09:46:57 - WARNING - Invalid pixel coordinate format in key: score
2025-03-07 09:46:57 - WARNING - Invalid pixel coordinate format in key: score
2025-03-07 09:46:57 - WARNING - Invalid pixel coordinate format in key: score
2025-03-07 09:46:57 - WARNING - Invalid pixel coordinate format in key: score
2025-03-07 09:46:57 - WARNING - Invalid pixel coordinate format in key: score
2025-03-07 09:46:57 - WARNING - Invalid pixel coordinate format in key: score
2025-03-07 09:46:57 - WARNING - Invalid pixel coordinate format in key: score
2025-03-07 09:46:57 - WARNING - Invalid pixel coordinate format in key: score
2025-03-07 09:46:57 - WARNING - Invalid pixel coordinate format in key: score
2025-03-07 09:46:57 - WARNING - Invalid pixel coordinate format in key: score
2025-03-07 09:46:57 - WARNING - Invalid pixel coordinate format in key: score
2025-03-07 09:46:57 - WARNING - Invalid pixel coordinate format in key: score
2025-03-07 09:46:57 - WARNING - Invalid pixel coordinate format in key: score
2025-03-07 09:46:57 - WARNING - Invalid pixel coordinate format in key: score
2025-03-07 09:46:57 - WARNING - Invalid pixel coordinate format in key: score
2025-03-07 09:46:57 - WARNING - Invalid pixel coordinate format in key: score
2025-03-07 09:46:57 - WARNING - Invalid pixel coordinate format in key: score
2025-03-07 09:46:57 - WARNING - Invalid pixel coordinate format in key: score
2025-03-07 09:46:57 - WARNING - Invalid pixel coordinate format in key: score
2025-03-07 09:46:57 - WARNING - Invalid pixel coordinate format in key: score
2025-03-07 09:46:57 - WARNING - Invalid pixel coordinate format in key: score
2025-03-07 09:46:57 - WARNING - Invalid pixel coordinate format in key: score
2025-03-07 09:46:57 - WARNING - Invalid pixel coordinate format in key: score
2025-03-07 09:46:57 - WARNING - Invalid pixel coordinate format in key: score
2025-03-07 09:46:57 - WARNING - Invalid pixel coordinate format in key: score
2025-03-07 09:46:57 - WARNING - Invalid pixel coordinate format in key: score
2025-03-07 09:46:57 - WARNING - Invalid pixel coordinate format in key: score
2025-03-07 09:46:57 - WARNING - Invalid pixel coordinate format in key: score
2025-03-07 09:46:57 - WARNING - Invalid pixel coordinate format in key: score
2025-03-07 09:46:57 - WARNING - Invalid pixel coordinate format in key: score
2025-03-07 09:46:57 - WARNING - Invalid pixel coordinate format in key: score
2025-03-07 09:46:57 - WARNING - Invalid pixel coordinate format in key: score
2025-03-07 09:46:57 - WARNING - Invalid pixel coordinate format in key: score
2025-03-07 09:46:57 - WARNING - Invalid pixel coordinate format in key: score
2025-03-07 09:46:57 - WARNING - Invalid pixel coordinate format in key: score
2025-03-07 09:46:57 - WARNING - Invalid pixel coordinate format in key: score
2025-03-07 09:46:57 - WARNING - Invalid pixel coordinate format in key: score
2025-03-07 09:46:57 - WARNING - Invalid pixel coordinate format in key: score
2025-03-07 09:46:57 - WARNING - Invalid pixel coordinate format in key: score
2025-03-07 09:46:57 - WARNING - Invalid pixel coordinate format in key: score
2025-03-07 09:46:57 - WARNING - Invalid pixel coordinate format in key: score
2025-03-07 09:46:57 - WARNING - Invalid pixel coordinate format in key: score
2025-03-07 09:46:57 - WARNING - Invalid pixel coordinate format in key: score
2025-03-07 09:46:57 - WARNING - Invalid pixel coordinate format in key: score
2025-03-07 09:46:57 - WARNING - Invalid pixel coordinate format in key: score
2025-03-07 09:46:57 - WARNING - Invalid pixel coordinate format in key: score
2025-03-07 09:46:57 - WARNING - Invalid pixel coordinate format in key: score
2025-03-07 09:46:57 - WARNING - Invalid pixel coordinate format in key: score
2025-03-07 09:46:57 - WARNING - Invalid pixel coordinate format in key: score
2025-03-07 09:46:57 - WARNING - Invalid pixel coordinate format in key: score
2025-03-07 09:46:57 - WARNING - Invalid pixel coordinate format in key: score
2025-03-07 09:46:57 - WARNING - Invalid pixel coordinate format in key: score
2025-03-07 09:46:57 - INFO - Processing notification: PersonVehicleDetection
2025-03-07 09:46:57 - WARNING - Invalid pixel coordinate format in key: score
2025-03-07 09:46:57 - WARNING - Invalid pixel coordinate format in key: score
2025-03-07 09:46:57 - WARNING - Invalid pixel coordinate format in key: score
2025-03-07 09:46:58 - WARNING - Invalid pixel coordinate format in key: score
2025-03-07 09:46:58 - WARNING - Invalid pixel coordinate format in key: score
2025-03-07 09:46:58 - WARNING - Invalid pixel coordinate format in key: score
2025-03-07 09:46:58 - INFO - Files written successfully: downloads/drone_imgs/Flood/DJI_20211023132355_0125_W_objects_metadata.json, downloads/drone_imgs/Flood/DJI_20211023132355_0125_W_obj.json
2025-03-07 09:46:58 - WARNING - Invalid pixel coordinate format in key: score
2025-03-07 09:46:58 - WARNING - Invalid pixel coordinate format in key: score
2025-03-07 09:46:58 - WARNING - Invalid pixel coordinate format in key: score
2025-03-07 09:46:58 - WARNING - Invalid pixel coordinate format in key: score
2025-03-07 09:46:58 - WARNING - Invalid pixel coordinate format in key: score
2025-03-07 09:46:58 - WARNING - Invalid pixel coordinate format in key: score
2025-03-07 09:46:58 - WARNING - Invalid pixel coordinate format in key: score
2025-03-07 09:46:58 - WARNING - Invalid pixel coordinate format in key: score
2025-03-07 09:46:58 - WARNING - Invalid pixel coordinate format in key: score
2025-03-07 09:46:58 - WARNING - Invalid pixel coordinate format in key: score
2025-03-07 09:46:58 - WARNING - Invalid pixel coordinate format in key: score
2025-03-07 09:46:58 - WARNING - Invalid pixel coordinate format in key: score
2025-03-07 09:46:58 - WARNING - Invalid pixel coordinate format in key: score
2025-03-07 09:46:58 - WARNING - Invalid pixel coordinate format in key: score
2025-03-07 09:46:58 - WARNING - Invalid pixel coordinate format in key: score
2025-03-07 09:46:58 - WARNING - Invalid pixel coordinate format in key: score
2025-03-07 09:46:58 - WARNING - Invalid pixel coordinate format in key: score
2025-03-07 09:46:58 - WARNING - Invalid pixel coordinate format in key: score
2025-03-07 09:46:58 - WARNING - Invalid pixel coordinate format in key: score
2025-03-07 09:46:58 - WARNING - Invalid pixel coordinate format in key: score
2025-03-07 09:46:58 - WARNING - Invalid pixel coordinate format in key: score
2025-03-07 09:46:58 - WARNING - Invalid pixel coordinate format in key: score
2025-03-07 09:46:58 - WARNING - Invalid pixel coordinate format in key: score
2025-03-07 09:46:58 - WARNING - Invalid pixel coordinate format in key: score
2025-03-07 09:46:58 - WARNING - Invalid pixel coordinate format in key: score
2025-03-07 09:46:58 - WARNING - Invalid pixel coordinate format in key: score
2025-03-07 09:46:59 - WARNING - Invalid pixel coordinate format in key: score
2025-03-07 09:46:59 - INFO - Processing notification: PersonVehicleDetection
2025-03-07 09:46:59 - WARNING - Invalid pixel coordinate format in key: score
2025-03-07 09:46:59 - WARNING - Invalid pixel coordinate format in key: score
2025-03-07 09:46:59 - WARNING - Invalid pixel coordinate format in key: score
2025-03-07 09:46:59 - WARNING - Invalid pixel coordinate format in key: score
2025-03-07 09:46:59 - WARNING - Invalid pixel coordinate format in key: score
2025-03-07 09:46:59 - WARNING - Invalid pixel coordinate format in key: score
2025-03-07 09:46:59 - WARNING - Invalid pixel coordinate format in key: score
2025-03-07 09:46:59 - INFO - Files written successfully: downloads/drone_imgs/Flood/DJI_20211023132359_0126_W_objects_metadata.json, downloads/drone_imgs/Flood/DJI_20211023132359_0126_W_obj.json
2025-03-07 09:46:59 - WARNING - Invalid pixel coordinate format in key: score
2025-03-07 09:46:59 - WARNING - Invalid pixel coordinate format in key: score
2025-03-07 09:46:59 - WARNING - Invalid pixel coordinate format in key: score
2025-03-07 09:46:59 - WARNING - Invalid pixel coordinate format in key: score
2025-03-07 09:47:00 - WARNING - Invalid pixel coordinate format in key: score
2025-03-07 09:47:00 - WARNING - Invalid pixel coordinate format in key: score
2025-03-07 09:47:00 - WARNING - Invalid pixel coordinate format in key: score
2025-03-07 09:47:00 - WARNING - Invalid pixel coordinate format in key: score
2025-03-07 09:47:00 - WARNING - Invalid pixel coordinate format in key: score
2025-03-07 09:47:00 - WARNING - Invalid pixel coordinate format in key: score
2025-03-07 09:47:00 - WARNING - Invalid pixel coordinate format in key: score
2025-03-07 09:47:00 - WARNING - Invalid pixel coordinate format in key: score
2025-03-07 09:47:00 - WARNING - Invalid pixel coordinate format in key: score
2025-03-07 09:47:00 - WARNING - Invalid pixel coordinate format in key: score
2025-03-07 09:47:00 - WARNING - Invalid pixel coordinate format in key: score
2025-03-07 09:47:00 - WARNING - Invalid pixel coordinate format in key: score
2025-03-07 09:47:00 - WARNING - Invalid pixel coordinate format in key: score
2025-03-07 09:47:00 - WARNING - Invalid pixel coordinate format in key: score
2025-03-07 09:47:00 - WARNING - Invalid pixel coordinate format in key: score
2025-03-07 09:47:00 - WARNING - Invalid pixel coordinate format in key: score
2025-03-07 09:47:00 - WARNING - Invalid pixel coordinate format in key: score
2025-03-07 09:47:00 - WARNING - Invalid pixel coordinate format in key: score
2025-03-07 09:47:00 - WARNING - Invalid pixel coordinate format in key: score
2025-03-07 09:47:00 - WARNING - Invalid pixel coordinate format in key: score
2025-03-07 09:47:00 - WARNING - Invalid pixel coordinate format in key: score
2025-03-07 09:47:00 - INFO - Processing notification: PersonVehicleDetection
2025-03-07 09:47:01 - WARNING - Invalid pixel coordinate format in key: score
2025-03-07 09:47:01 - WARNING - Invalid pixel coordinate format in key: score
2025-03-07 09:47:01 - WARNING - Invalid pixel coordinate format in key: score
2025-03-07 09:47:01 - WARNING - Invalid pixel coordinate format in key: score
2025-03-07 09:47:01 - WARNING - Invalid pixel coordinate format in key: score
2025-03-07 09:47:01 - WARNING - Invalid pixel coordinate format in key: score
2025-03-07 09:47:01 - WARNING - Invalid pixel coordinate format in key: score
2025-03-07 09:47:01 - WARNING - Invalid pixel coordinate format in key: score
2025-03-07 09:47:01 - WARNING - Invalid pixel coordinate format in key: score
2025-03-07 09:47:01 - WARNING - Invalid pixel coordinate format in key: score
2025-03-07 09:47:01 - WARNING - Invalid pixel coordinate format in key: score
2025-03-07 09:47:01 - WARNING - Invalid pixel coordinate format in key: score
2025-03-07 09:47:01 - INFO - Files written successfully: downloads/drone_imgs/Flood/DJI_20211023132403_0127_W_objects_metadata.json, downloads/drone_imgs/Flood/DJI_20211023132403_0127_W_obj.json
2025-03-07 09:47:01 - WARNING - Invalid pixel coordinate format in key: score
2025-03-07 09:47:01 - WARNING - Invalid pixel coordinate format in key: score
2025-03-07 09:47:01 - WARNING - Invalid pixel coordinate format in key: score
2025-03-07 09:47:01 - WARNING - Invalid pixel coordinate format in key: score
2025-03-07 09:47:02 - WARNING - Invalid pixel coordinate format in key: score
2025-03-07 09:47:02 - WARNING - Invalid pixel coordinate format in key: score
2025-03-07 09:47:02 - WARNING - Invalid pixel coordinate format in key: score
2025-03-07 09:47:02 - WARNING - Invalid pixel coordinate format in key: score
2025-03-07 09:47:02 - WARNING - Invalid pixel coordinate format in key: score
2025-03-07 09:47:02 - WARNING - Invalid pixel coordinate format in key: score
2025-03-07 09:47:02 - WARNING - Invalid pixel coordinate format in key: score
2025-03-07 09:47:02 - WARNING - Invalid pixel coordinate format in key: score
2025-03-07 09:47:02 - WARNING - Invalid pixel coordinate format in key: score
2025-03-07 09:47:02 - WARNING - Invalid pixel coordinate format in key: score
2025-03-07 09:47:02 - WARNING - Invalid pixel coordinate format in key: score
2025-03-07 09:47:02 - INFO - No metadata extracted from valid files.
2025-03-07 09:47:02 - INFO - Processing notification: PersonVehicleDetection
2025-03-07 09:47:02 - INFO - Files written successfully: downloads/drone_imgs/Flood/DJI_20211023132406_0128_W_objects_metadata.json, downloads/drone_imgs/Flood/DJI_20211023132406_0128_W_obj.json
2025-03-07 09:47:02 - INFO - Drone metadata is empty or not available.
2025-03-07 09:47:04 - INFO - Processing notification: PersonVehicleDetection
2025-03-07 09:47:04 - INFO - Files written successfully: downloads/drone_imgs/Flood/DJI_20211023132410_0129_W_objects_metadata.json, downloads/drone_imgs/Flood/DJI_20211023132410_0129_W_obj.json
2025-03-07 09:47:05 - INFO - Processing notification: PersonVehicleDetection
2025-03-07 09:47:06 - INFO - Files written successfully: downloads/drone_imgs/Flood/DJI_20211023132414_0130_W_objects_metadata.json, downloads/drone_imgs/Flood/DJI_20211023132414_0130_W_obj.json
2025-03-07 09:47:06 - INFO - Geo-referencing is done correctly for person and vehicles.
2025-03-07 09:47:06 - INFO - Setting event for non-Alert entity
2025-03-07 09:47:06 - INFO - initialize_processing() is already running, skipping.
2025-03-07 09:47:06 - INFO - 127.0.0.1 - - [07/Mar/2025 09:47:06] "POST /pdm05/notify?subscriptionId=urn:ngsi-ld:tema:subscription:USE:PDM05:007 HTTP/1.1" 200 -
2025-03-07 09:47:07 - INFO - Processing notification: PersonVehicleDetection
2025-03-07 09:47:08 - INFO - Files written successfully: downloads/drone_imgs/Flood/DJI_20211023132418_0131_W_objects_metadata.json, downloads/drone_imgs/Flood/DJI_20211023132418_0131_W_obj.json
2025-03-07 09:47:08 - INFO - Processing notification: PersonVehicleDetection
2025-03-07 09:47:10 - INFO - Files written successfully: downloads/drone_imgs/Flood/DJI_20211023132423_0132_W_objects_metadata.json, downloads/drone_imgs/Flood/DJI_20211023132423_0132_W_obj.json
2025-03-07 09:47:10 - INFO - Processing notification: PersonVehicleDetection
2025-03-07 09:47:11 - INFO - Files written successfully: downloads/drone_imgs/Flood/DJI_20211023132427_0133_W_objects_metadata.json, downloads/drone_imgs/Flood/DJI_20211023132427_0133_W_obj.json
2025-03-07 09:47:12 - INFO - Processing notification: PersonVehicleDetection
2025-03-07 09:47:12 - INFO - Files written successfully: downloads/drone_imgs/Flood/DJI_20211023132430_0134_W_objects_metadata.json, downloads/drone_imgs/Flood/DJI_20211023132430_0134_W_obj.json
2025-03-07 09:47:13 - INFO - Processing notification: PersonVehicleDetection
2025-03-07 09:47:14 - INFO - Files written successfully: downloads/drone_imgs/Flood/DJI_20211023132435_0135_W_objects_metadata.json, downloads/drone_imgs/Flood/DJI_20211023132435_0135_W_obj.json
2025-03-07 09:47:15 - INFO - Processing notification: PersonVehicleDetection
2025-03-07 09:47:15 - INFO - Geo-referencing is done correctly for person and vehicles.
2025-03-07 09:47:15 - INFO - Setting event for non-Alert entity
2025-03-07 09:47:16 - INFO - initialize_processing() is already running, skipping.
2025-03-07 09:47:16 - INFO - 127.0.0.1 - - [07/Mar/2025 09:47:16] "POST /pdm05/notify?subscriptionId=urn:ngsi-ld:tema:subscription:USE:PDM05:007 HTTP/1.1" 200 -
2025-03-07 09:47:16 - INFO - Files written successfully: downloads/drone_imgs/Flood/DJI_20211023132438_0136_W_objects_metadata.json, downloads/drone_imgs/Flood/DJI_20211023132438_0136_W_obj.json
2025-03-07 09:47:16 - INFO - Processing notification: PersonVehicleDetection
2025-03-07 09:47:17 - INFO - Files written successfully: downloads/drone_imgs/Flood/DJI_20211023132442_0137_W_objects_metadata.json, downloads/drone_imgs/Flood/DJI_20211023132442_0137_W_obj.json
2025-03-07 09:47:17 - INFO - OGM metadata successfully saved to estimated_OGM/occupancy_grid_map_Flood_Objects.json
2025-03-07 09:47:17 - INFO - Filtered GeoJSON successfully saved to estimated_OGM/occupancy_grid_map_Flood_Objects_filtered.json
2025-03-07 09:47:17 - INFO - Converting GeoJSON to GeoTIFF at estimated_OGM/occupancy_grid_map_Flood_Objects_filtered.tif
2025-03-07 09:47:17 - ERROR - Value error during GeoTIFF conversion: GeoJSON file contains no features. Cannot generate raster.
2025-03-07 09:47:18 - INFO - Processing notification: PersonVehicleDetection
2025-03-07 09:47:19 - INFO - No SinglePostResult files found. Skipping this step.
2025-03-07 09:47:19 - INFO - Files written successfully: downloads/drone_imgs/Flood/DJI_20211023132446_0138_W_objects_metadata.json, downloads/drone_imgs/Flood/DJI_20211023132446_0138_W_obj.json
2025-03-07 09:47:20 - INFO - Processing notification: PersonVehicleDetection
2025-03-07 09:47:21 - INFO - Processing notification: PersonVehicleDetection
2025-03-07 09:47:21 - INFO - Files written successfully: downloads/drone_imgs/Flood/DJI_20211023132450_0139_W_objects_metadata.json, downloads/drone_imgs/Flood/DJI_20211023132450_0139_W_obj.json
2025-03-07 09:47:22 - INFO - Files written successfully: downloads/drone_imgs/Flood/DJI_20211023132453_0140_W_objects_metadata.json, downloads/drone_imgs/Flood/DJI_20211023132453_0140_W_obj.json
2025-03-07 09:47:23 - INFO - Processing notification: PersonVehicleDetection
2025-03-07 09:47:24 - INFO - Files written successfully: downloads/drone_imgs/Flood/DJI_20211023132457_0141_W_objects_metadata.json, downloads/drone_imgs/Flood/DJI_20211023132457_0141_W_obj.json
2025-03-07 09:47:25 - INFO - Processing notification: PersonVehicleDetection
2025-03-07 09:47:26 - INFO - Files written successfully: downloads/drone_imgs/Flood/DJI_20211023132501_0142_W_objects_metadata.json, downloads/drone_imgs/Flood/DJI_20211023132501_0142_W_obj.json
2025-03-07 09:47:27 - INFO - Processing notification: PersonVehicleDetection
2025-03-07 09:47:27 - INFO - Files written successfully: downloads/drone_imgs/Flood/DJI_20211023132505_0143_W_objects_metadata.json, downloads/drone_imgs/Flood/DJI_20211023132505_0143_W_obj.json
2025-03-07 09:47:28 - INFO - Processing notification: PersonVehicleDetection
2025-03-07 09:47:29 - INFO - Files written successfully: downloads/drone_imgs/Flood/DJI_20211023132533_0144_W_objects_metadata.json, downloads/drone_imgs/Flood/DJI_20211023132533_0144_W_obj.json
2025-03-07 09:47:30 - INFO - Processing notification: PersonVehicleDetection
2025-03-07 09:47:30 - INFO - Files written successfully: downloads/drone_imgs/Flood/DJI_20211023132537_0145_W_objects_metadata.json, downloads/drone_imgs/Flood/DJI_20211023132537_0145_W_obj.json
2025-03-07 09:47:31 - INFO - Processing notification: PersonVehicleDetection
2025-03-07 09:47:32 - INFO - Files written successfully: downloads/drone_imgs/Flood/DJI_20211023132541_0146_W_objects_metadata.json, downloads/drone_imgs/Flood/DJI_20211023132541_0146_W_obj.json
2025-03-07 09:47:32 - INFO - Geo-referencing is done correctly for person and vehicles.
2025-03-07 09:47:32 - INFO - Setting event for non-Alert entity
2025-03-07 09:47:32 - INFO - ROI data -> [[[6.996817, 50.521793], [6.98238, 50.517756], [6.976085, 50.513527], [6.980425, 50.50647], [6.995879, 50.511398], [6.996817, 50.521793]]]
2025-03-07 09:47:32 - INFO - initialize_processing() is already running, skipping.
2025-03-07 09:47:32 - INFO - 127.0.0.1 - - [07/Mar/2025 09:47:32] "POST /pdm05/notify?subscriptionId=urn:ngsi-ld:tema:subscription:USE:PDM05:007 HTTP/1.1" 200 -
2025-03-07 09:47:32 - INFO - Processing notification: PersonVehicleDetection
2025-03-07 09:47:33 - INFO - Files written successfully: downloads/drone_imgs/Flood/DJI_20211023132544_0147_W_objects_metadata.json, downloads/drone_imgs/Flood/DJI_20211023132544_0147_W_obj.json
2025-03-07 09:47:33 - INFO - ogm_gt_ (6.976085, 9.013913043478152e-05, 0.0, 50.521793, 0.0, -9.013529411765997e-05)
2025-03-07 09:47:33 - INFO - observe_gt_drone None
2025-03-07 09:47:33 - INFO - Drone measurements are not available: unsupported operand type(s) for /: 'NoneType' and 'int'
2025-03-07 09:47:33 - INFO - Sat measurements are not available object of type 'NoneType' has no len()
2025-03-07 09:47:34 - INFO - GeoTIFF saved successfully at estimated_OGM/occupancy_grid_map_Flood.tif
2025-03-07 09:47:34 - INFO - Processing notification: PersonVehicleDetection
2025-03-07 09:47:34 - INFO - urn:ngsi-ld:USE:PDM-05:Maps4Flood:01
2025-03-07 09:47:34 - INFO - Files written successfully: downloads/drone_imgs/Flood/DJI_20211023132548_0148_W_objects_metadata.json, downloads/drone_imgs/Flood/DJI_20211023132548_0148_W_obj.json
2025-03-07 09:47:34 - INFO - Metadata {'title': 'OGM', 'author': 'GRVC lab, University of Seville', 'description': 'Estimated OGM for Fire.', 'creationDate': '2025-03-07T09:47:34.171570', 'XMin': 6.976085, 'XRes': 9.013913043478152e-05, 'YMax': 50.521793, 'YRes': -9.013529411765997e-05, 'spatialReference': 'EPSG:4326', 'file_name': 'occupancy_grid_map_Flood.tif', 'coordinates': [[[6.996817, 50.521793], [6.98238, 50.517756], [6.976085, 50.513527], [6.980425, 50.50647], [6.995879, 50.511398], [6.996817, 50.521793]]], 'bucket': 'naples', 'minio_url': 'https://storage.tema.digital-enabler.eng.it:443/naples/occupancy_grid_mapFlood.tif'}
2025-03-07 09:47:35 - INFO - inside process_and_upload_ogm entity_id ---> urn:ngsi-ld:USE:PDM-05:Maps4Flood:01
2025-03-07 09:47:35 - INFO - Object name occupancy_grid_map_Flood.tif
2025-03-07 09:47:36 - INFO - Processing notification: PersonVehicleDetection
2025-03-07 09:47:36 - INFO - Object Name in for uploading occupancy_grid_map_Flood.tif
2025-03-07 09:47:36 - INFO - File path in for uploading estimated_OGM/occupancy_grid_map_Flood.tif
2025-03-07 09:47:36 - INFO - Files written successfully: downloads/drone_imgs/Flood/DJI_20211023132552_0149_W_objects_metadata.json, downloads/drone_imgs/Flood/DJI_20211023132552_0149_W_obj.json
2025-03-07 09:47:36 - INFO - File uploaded successfully.
2025-03-07 09:47:36 - INFO - File 'estimated_OGM/occupancy_grid_map_Flood.tif' uploaded to bucket 'naples' successfully.
2025-03-07 09:47:37 - INFO - Processing notification: PersonVehicleDetection
2025-03-07 09:47:37 - INFO - Files written successfully: downloads/drone_imgs/Flood/DJI_20211023132559_0151_W_objects_metadata.json, downloads/drone_imgs/Flood/DJI_20211023132559_0151_W_obj.json
2025-03-07 09:47:38 - INFO - Entity urn:ngsi-ld:USE:PDM-05:Maps4Flood:01 updated successfully.
2025-03-07 09:47:38 - INFO - Payload published successfully for entity: urn:ngsi-ld:USE:PDM-05:Maps4Flood:01
2025-03-07 09:47:38 - INFO - Checking for existing geo dict: estimated_OGM/occupancy_grid_map_Flood_Objects.json
2025-03-07 09:47:39 - INFO - Using existing geo dict.
2025-03-07 09:47:39 - INFO - Processing notification: PersonVehicleDetection
2025-03-07 09:47:40 - INFO - Files written successfully: downloads/drone_imgs/Flood/DJI_20211023132603_0152_W_objects_metadata.json, downloads/drone_imgs/Flood/DJI_20211023132603_0152_W_obj.json
2025-03-07 09:47:40 - INFO - Processing notification: PersonVehicleDetection
2025-03-07 09:47:41 - INFO - Files written successfully: downloads/drone_imgs/Flood/DJI_20211023132606_0153_W_objects_metadata.json, downloads/drone_imgs/Flood/DJI_20211023132606_0153_W_obj.json
2025-03-07 09:47:41 - WARNING - Invalid pixel coordinate format in key: score
2025-03-07 09:47:41 - WARNING - Invalid pixel coordinate format in key: score
2025-03-07 09:47:41 - WARNING - Invalid pixel coordinate format in key: score
2025-03-07 09:47:41 - WARNING - Invalid pixel coordinate format in key: score
2025-03-07 09:47:41 - WARNING - Invalid pixel coordinate format in key: score
2025-03-07 09:47:41 - WARNING - Invalid pixel coordinate format in key: score
2025-03-07 09:47:41 - WARNING - Invalid pixel coordinate format in key: score
2025-03-07 09:47:41 - WARNING - Invalid pixel coordinate format in key: score
2025-03-07 09:47:41 - WARNING - Invalid pixel coordinate format in key: score
2025-03-07 09:47:42 - WARNING - Invalid pixel coordinate format in key: score
2025-03-07 09:47:42 - WARNING - Invalid pixel coordinate format in key: score
2025-03-07 09:47:42 - WARNING - Invalid pixel coordinate format in key: score
2025-03-07 09:47:42 - WARNING - Invalid pixel coordinate format in key: score
2025-03-07 09:47:42 - WARNING - Invalid pixel coordinate format in key: score
2025-03-07 09:47:42 - WARNING - Invalid pixel coordinate format in key: score
2025-03-07 09:47:42 - INFO - Processing notification: PersonVehicleDetection
2025-03-07 09:47:42 - WARNING - Invalid pixel coordinate format in key: score
2025-03-07 09:47:43 - WARNING - Invalid pixel coordinate format in key: score
2025-03-07 09:47:43 - WARNING - Invalid pixel coordinate format in key: score
2025-03-07 09:47:43 - WARNING - Invalid pixel coordinate format in key: score
2025-03-07 09:47:43 - INFO - Files written successfully: downloads/drone_imgs/Flood/DJI_20211023132610_0154_W_objects_metadata.json, downloads/drone_imgs/Flood/DJI_20211023132610_0154_W_obj.json
2025-03-07 09:47:43 - WARNING - Invalid pixel coordinate format in key: score
2025-03-07 09:47:43 - WARNING - Invalid pixel coordinate format in key: score
2025-03-07 09:47:43 - WARNING - Invalid pixel coordinate format in key: score
2025-03-07 09:47:43 - WARNING - Invalid pixel coordinate format in key: score
2025-03-07 09:47:43 - WARNING - Invalid pixel coordinate format in key: score
2025-03-07 09:47:43 - WARNING - Invalid pixel coordinate format in key: score
2025-03-07 09:47:43 - WARNING - Invalid pixel coordinate format in key: score
2025-03-07 09:47:43 - INFO - Processing notification: PersonVehicleDetection
2025-03-07 09:47:43 - WARNING - Invalid pixel coordinate format in key: score
2025-03-07 09:47:44 - WARNING - Invalid pixel coordinate format in key: score
2025-03-07 09:47:44 - WARNING - Invalid pixel coordinate format in key: score
2025-03-07 09:47:44 - WARNING - Invalid pixel coordinate format in key: score
2025-03-07 09:47:44 - WARNING - Invalid pixel coordinate format in key: score
2025-03-07 09:47:44 - WARNING - Invalid pixel coordinate format in key: score
2025-03-07 09:47:44 - WARNING - Invalid pixel coordinate format in key: score
2025-03-07 09:47:44 - WARNING - Invalid pixel coordinate format in key: score
2025-03-07 09:47:44 - WARNING - Invalid pixel coordinate format in key: score
2025-03-07 09:47:44 - WARNING - Invalid pixel coordinate format in key: score
2025-03-07 09:47:45 - INFO - Files written successfully: downloads/drone_imgs/Flood/DJI_20211023132614_0155_W_objects_metadata.json, downloads/drone_imgs/Flood/DJI_20211023132614_0155_W_obj.json
2025-03-07 09:47:45 - WARNING - Invalid pixel coordinate format in key: score
2025-03-07 09:47:45 - INFO - Processing notification: PersonVehicleDetection
2025-03-07 09:47:45 - WARNING - Invalid pixel coordinate format in key: score
2025-03-07 09:47:45 - WARNING - Invalid pixel coordinate format in key: score
2025-03-07 09:47:45 - WARNING - Invalid pixel coordinate format in key: score
2025-03-07 09:47:45 - WARNING - Invalid pixel coordinate format in key: score
2025-03-07 09:47:45 - WARNING - Invalid pixel coordinate format in key: score
2025-03-07 09:47:45 - WARNING - Invalid pixel coordinate format in key: score
2025-03-07 09:47:45 - WARNING - Invalid pixel coordinate format in key: score
2025-03-07 09:47:46 - WARNING - Invalid pixel coordinate format in key: score
2025-03-07 09:47:46 - WARNING - Invalid pixel coordinate format in key: score
2025-03-07 09:47:46 - WARNING - Invalid pixel coordinate format in key: score
2025-03-07 09:47:46 - WARNING - Invalid pixel coordinate format in key: score
2025-03-07 09:47:46 - WARNING - Invalid pixel coordinate format in key: score
2025-03-07 09:47:46 - WARNING - Invalid pixel coordinate format in key: score
2025-03-07 09:47:46 - WARNING - Invalid pixel coordinate format in key: score
2025-03-07 09:47:46 - WARNING - Invalid pixel coordinate format in key: score
2025-03-07 09:47:46 - WARNING - Invalid pixel coordinate format in key: score
2025-03-07 09:47:46 - WARNING - Invalid pixel coordinate format in key: score
2025-03-07 09:47:46 - WARNING - Invalid pixel coordinate format in key: score
2025-03-07 09:47:46 - INFO - Files written successfully: downloads/drone_imgs/Flood/DJI_20211023132617_0156_W_objects_metadata.json, downloads/drone_imgs/Flood/DJI_20211023132617_0156_W_obj.json
2025-03-07 09:47:46 - WARNING - Invalid pixel coordinate format in key: score
2025-03-07 09:47:46 - WARNING - Invalid pixel coordinate format in key: score
2025-03-07 09:47:46 - WARNING - Invalid pixel coordinate format in key: score
2025-03-07 09:47:46 - WARNING - Invalid pixel coordinate format in key: score
2025-03-07 09:47:46 - WARNING - Invalid pixel coordinate format in key: score
2025-03-07 09:47:46 - WARNING - Invalid pixel coordinate format in key: score
2025-03-07 09:47:47 - WARNING - Invalid pixel coordinate format in key: score
2025-03-07 09:47:47 - WARNING - Invalid pixel coordinate format in key: score
2025-03-07 09:47:47 - WARNING - Invalid pixel coordinate format in key: score
2025-03-07 09:47:47 - WARNING - Invalid pixel coordinate format in key: score
2025-03-07 09:47:47 - WARNING - Invalid pixel coordinate format in key: score
2025-03-07 09:47:47 - WARNING - Invalid pixel coordinate format in key: score
2025-03-07 09:47:47 - WARNING - Invalid pixel coordinate format in key: score
2025-03-07 09:47:47 - WARNING - Invalid pixel coordinate format in key: score
2025-03-07 09:47:47 - WARNING - Invalid pixel coordinate format in key: score
2025-03-07 09:47:47 - WARNING - Invalid pixel coordinate format in key: score
2025-03-07 09:47:47 - WARNING - Invalid pixel coordinate format in key: score
2025-03-07 09:47:47 - WARNING - Invalid pixel coordinate format in key: score
2025-03-07 09:47:47 - INFO - Processing notification: PersonVehicleDetection
2025-03-07 09:47:47 - WARNING - Invalid pixel coordinate format in key: score
2025-03-07 09:47:48 - WARNING - Invalid pixel coordinate format in key: score
2025-03-07 09:47:48 - WARNING - Invalid pixel coordinate format in key: score
2025-03-07 09:47:48 - WARNING - Invalid pixel coordinate format in key: score
2025-03-07 09:47:48 - WARNING - Invalid pixel coordinate format in key: score
2025-03-07 09:47:48 - WARNING - Invalid pixel coordinate format in key: score
2025-03-07 09:47:48 - WARNING - Invalid pixel coordinate format in key: score
2025-03-07 09:47:48 - WARNING - Invalid pixel coordinate format in key: score
2025-03-07 09:47:48 - WARNING - Invalid pixel coordinate format in key: score
2025-03-07 09:47:48 - WARNING - Invalid pixel coordinate format in key: score
2025-03-07 09:47:48 - WARNING - Invalid pixel coordinate format in key: score
2025-03-07 09:47:48 - WARNING - Invalid pixel coordinate format in key: score
2025-03-07 09:47:48 - WARNING - Invalid pixel coordinate format in key: score
2025-03-07 09:47:48 - WARNING - Invalid pixel coordinate format in key: score
2025-03-07 09:47:48 - WARNING - Invalid pixel coordinate format in key: score
2025-03-07 09:47:48 - WARNING - Invalid pixel coordinate format in key: score
2025-03-07 09:47:48 - WARNING - Invalid pixel coordinate format in key: score
2025-03-07 09:47:48 - INFO - Files written successfully: downloads/drone_imgs/Flood/DJI_20211023132622_0157_W_objects_metadata.json, downloads/drone_imgs/Flood/DJI_20211023132622_0157_W_obj.json
2025-03-07 09:47:48 - WARNING - Invalid pixel coordinate format in key: score
2025-03-07 09:47:48 - INFO - Processing notification: PersonVehicleDetection
2025-03-07 09:47:48 - WARNING - Invalid pixel coordinate format in key: score
2025-03-07 09:47:48 - WARNING - Invalid pixel coordinate format in key: score
2025-03-07 09:47:49 - WARNING - Invalid pixel coordinate format in key: score
2025-03-07 09:47:49 - WARNING - Invalid pixel coordinate format in key: score
2025-03-07 09:47:49 - WARNING - Invalid pixel coordinate format in key: score
2025-03-07 09:47:49 - WARNING - Invalid pixel coordinate format in key: score
2025-03-07 09:47:50 - INFO - Files written successfully: downloads/drone_imgs/Flood/DJI_20211023132626_0158_W_objects_metadata.json, downloads/drone_imgs/Flood/DJI_20211023132626_0158_W_obj.json
2025-03-07 09:47:50 - WARNING - Invalid pixel coordinate format in key: score
2025-03-07 09:47:50 - WARNING - Invalid pixel coordinate format in key: score
2025-03-07 09:47:50 - WARNING - Invalid pixel coordinate format in key: score
2025-03-07 09:47:50 - INFO - Processing notification: PersonVehicleDetection
2025-03-07 09:47:50 - WARNING - Invalid pixel coordinate format in key: score
2025-03-07 09:47:51 - WARNING - Invalid pixel coordinate format in key: score
2025-03-07 09:47:51 - WARNING - Invalid pixel coordinate format in key: score
2025-03-07 09:47:51 - WARNING - Invalid pixel coordinate format in key: score
2025-03-07 09:47:51 - WARNING - Invalid pixel coordinate format in key: score
2025-03-07 09:47:51 - WARNING - Invalid pixel coordinate format in key: score
2025-03-07 09:47:51 - WARNING - Invalid pixel coordinate format in key: score
2025-03-07 09:47:51 - WARNING - Invalid pixel coordinate format in key: score
2025-03-07 09:47:51 - INFO - Processing notification: PersonVehicleDetection
2025-03-07 09:47:51 - WARNING - Invalid pixel coordinate format in key: score
2025-03-07 09:47:52 - INFO - Files written successfully: downloads/drone_imgs/Flood/DJI_20211023132630_0159_W_objects_metadata.json, downloads/drone_imgs/Flood/DJI_20211023132630_0159_W_obj.json
2025-03-07 09:47:52 - WARNING - Invalid pixel coordinate format in key: score
2025-03-07 09:47:53 - WARNING - Invalid pixel coordinate format in key: score
2025-03-07 09:47:53 - INFO - Processing notification: PersonVehicleDetection
2025-03-07 09:47:53 - WARNING - Invalid pixel coordinate format in key: score
2025-03-07 09:47:54 - WARNING - Invalid pixel coordinate format in key: score
2025-03-07 09:47:54 - WARNING - Invalid pixel coordinate format in key: score
2025-03-07 09:47:54 - INFO - Files written successfully: downloads/drone_imgs/Flood/DJI_20211023132634_0160_W_objects_metadata.json, downloads/drone_imgs/Flood/DJI_20211023132634_0160_W_obj.json
2025-03-07 09:47:54 - WARNING - Invalid pixel coordinate format in key: score
2025-03-07 09:47:54 - WARNING - Invalid pixel coordinate format in key: score
2025-03-07 09:47:54 - WARNING - Invalid pixel coordinate format in key: score
2025-03-07 09:47:54 - WARNING - Invalid pixel coordinate format in key: score
2025-03-07 09:47:54 - WARNING - Invalid pixel coordinate format in key: score
2025-03-07 09:47:54 - WARNING - Invalid pixel coordinate format in key: score
2025-03-07 09:47:54 - WARNING - Invalid pixel coordinate format in key: score
2025-03-07 09:47:54 - WARNING - Invalid pixel coordinate format in key: score
2025-03-07 09:47:54 - WARNING - Invalid pixel coordinate format in key: score
2025-03-07 09:47:54 - WARNING - Invalid pixel coordinate format in key: score
2025-03-07 09:47:54 - WARNING - Invalid pixel coordinate format in key: score
2025-03-07 09:47:54 - WARNING - Invalid pixel coordinate format in key: score
2025-03-07 09:47:54 - WARNING - Invalid pixel coordinate format in key: score
2025-03-07 09:47:54 - WARNING - Invalid pixel coordinate format in key: score
2025-03-07 09:47:54 - WARNING - Invalid pixel coordinate format in key: score
2025-03-07 09:47:54 - WARNING - Invalid pixel coordinate format in key: score
2025-03-07 09:47:54 - WARNING - Invalid pixel coordinate format in key: score
2025-03-07 09:47:54 - WARNING - Invalid pixel coordinate format in key: score
2025-03-07 09:47:54 - WARNING - Invalid pixel coordinate format in key: score
2025-03-07 09:47:54 - WARNING - Invalid pixel coordinate format in key: score
2025-03-07 09:47:54 - WARNING - Invalid pixel coordinate format in key: score
2025-03-07 09:47:54 - INFO - Files written successfully: downloads/drone_imgs/Flood/DJI_20211023132637_0161_W_objects_metadata.json, downloads/drone_imgs/Flood/DJI_20211023132637_0161_W_obj.json
2025-03-07 09:47:54 - WARNING - Invalid pixel coordinate format in key: score
2025-03-07 09:47:55 - WARNING - Invalid pixel coordinate format in key: score
2025-03-07 09:47:55 - WARNING - Invalid pixel coordinate format in key: score
2025-03-07 09:47:55 - WARNING - Invalid pixel coordinate format in key: score
2025-03-07 09:47:55 - WARNING - Invalid pixel coordinate format in key: score
2025-03-07 09:47:55 - WARNING - Invalid pixel coordinate format in key: score
2025-03-07 09:47:55 - WARNING - Invalid pixel coordinate format in key: score
2025-03-07 09:47:55 - WARNING - Invalid pixel coordinate format in key: score
2025-03-07 09:47:55 - WARNING - Invalid pixel coordinate format in key: score
2025-03-07 09:47:55 - WARNING - Invalid pixel coordinate format in key: score
2025-03-07 09:47:56 - WARNING - Invalid pixel coordinate format in key: score
2025-03-07 09:47:56 - WARNING - Invalid pixel coordinate format in key: score
2025-03-07 09:47:56 - WARNING - Invalid pixel coordinate format in key: score
2025-03-07 09:47:56 - WARNING - Invalid pixel coordinate format in key: score
2025-03-07 09:47:56 - WARNING - Invalid pixel coordinate format in key: score
2025-03-07 09:47:56 - WARNING - Invalid pixel coordinate format in key: score
2025-03-07 09:47:56 - WARNING - Invalid pixel coordinate format in key: score
2025-03-07 09:47:56 - WARNING - Invalid pixel coordinate format in key: score
2025-03-07 09:47:56 - WARNING - Invalid pixel coordinate format in key: score
2025-03-07 09:47:56 - WARNING - Invalid pixel coordinate format in key: score
2025-03-07 09:47:56 - WARNING - Invalid pixel coordinate format in key: score
